2026-08-15 13:42:24 | INFO     | pnl_engine | Starting data load from directory: C:\Users\cu16b\OneDrive\Desktop\Coalesce_Partners_Coding_Challenge\Coalesce_Partners_Coding_Challenge
2026-08-15 13:42:24 | INFO     | pnl_engine | Loading opening positions from C:\Users\cu16b\OneDrive\Desktop\Coalesce_Partners_Coding_Challenge\Coalesce_Partners_Coding_Challenge\opening_positions.csv
2026-08-15 13:42:24 | INFO     | pnl_engine | Loaded 14 opening positions
2026-08-15 13:42:24 | INFO     | pnl_engine | Applied opening position: trader=TRADER_A venue=BINANCE account=TRADER_A_BINANCE symbol=BTCUSDT quantity=0.25 avg_entry=60626.06574239
2026-08-15 13:42:24 | INFO     | pnl_engine | Applied opening position: trader=TRADER_A venue=BINANCE account=TRADER_A_BINANCE symbol=ETHUSDT quantity=2.25 avg_entry=3187.35778659
2026-08-15 13:42:24 | INFO     | pnl_engine | Applied opening position: trader=TRADER_A venue=BINANCE account=TRADER_A_BINANCE symbol=XRPUSDT quantity=-5000 avg_entry=0.63323578
2026-08-15 13:42:24 | INFO     | pnl_engine | Applied opening position: trader=TRADER_A venue=BYBIT account=TRADER_A_BYBIT symbol=SOLUSDT quantity=-35 avg_entry=157.87847904
2026-08-15 13:42:24 | INFO     | pnl_engine | Applied opening position: trader=TRADER_B venue=BYBIT account=TRADER_B_BYBIT symbol=ETHUSDT quantity=-4.75 avg_entry=3167.81648153
2026-08-15 13:42:24 | INFO     | pnl_engine | Applied opening position: trader=TRADER_B venue=BYBIT account=TRADER_B_BYBIT symbol=SOLUSDT quantity=-20 avg_entry=154.53367415
2026-08-15 13:42:24 | INFO     | pnl_engine | Applied opening position: trader=TRADER_B venue=OKX account=TRADER_B_OKX symbol=XRPUSDT quantity=-9000 avg_entry=0.63682024
2026-08-15 13:42:24 | INFO     | pnl_engine | Applied opening position: trader=TRADER_C venue=OKX account=TRADER_C_OKX symbol=BTCUSDT quantity=0.625 avg_entry=61416.03580619
2026-08-15 13:42:24 | INFO     | pnl_engine | Applied opening position: trader=TRADER_C venue=OKX account=TRADER_C_OKX symbol=SOLUSDT quantity=100 avg_entry=154.10707334
2026-08-15 13:42:24 | INFO     | pnl_engine | Applied opening position: trader=TRADER_C venue=OKX account=TRADER_C_OKX symbol=XRPUSDT quantity=5250 avg_entry=0.63073866
2026-08-15 13:42:24 | INFO     | pnl_engine | Applied opening position: trader=TRADER_C venue=BINANCE account=TRADER_C_BINANCE symbol=SOLUSDT quantity=100 avg_entry=156.57745836
2026-08-15 13:42:24 | INFO     | pnl_engine | Applied opening position: trader=TRADER_D venue=BINANCE account=TRADER_D_BINANCE symbol=ETHUSDT quantity=1.25 avg_entry=3164.08581976
2026-08-15 13:42:24 | INFO     | pnl_engine | Applied opening position: trader=TRADER_D venue=BYBIT account=TRADER_D_BYBIT symbol=XRPUSDT quantity=-2000 avg_entry=0.61273850
2026-08-15 13:42:24 | INFO     | pnl_engine | Applied opening position: trader=TRADER_D venue=BYBIT account=TRADER_D_BYBIT symbol=BTCUSDT quantity=-0.375 avg_entry=63419.18184677
2026-08-15 13:42:24 | INFO     | pnl_engine | Loading prices from C:\Users\cu16b\OneDrive\Desktop\Coalesce_Partners_Coding_Challenge\Coalesce_Partners_Coding_Challenge\prices.csv
2026-08-15 13:42:24 | INFO     | pnl_engine | Loaded 243 price ticks (0 duplicates skipped)
2026-08-15 13:42:24 | INFO     | pnl_engine | Stored 243 price ticks
2026-08-15 13:42:24 | INFO     | pnl_engine | Loading trades from C:\Users\cu16b\OneDrive\Desktop\Coalesce_Partners_Coding_Challenge\Coalesce_Partners_Coding_Challenge\trades.csv
2026-08-15 13:42:24 | WARNING  | pnl_engine | Duplicate trade skipped on load: venue=BINANCE trade_id=T00731 ts=2026-08-01 15:03:35+00:00
2026-08-15 13:42:24 | WARNING  | pnl_engine | Duplicate trade skipped on load: venue=BYBIT trade_id=T00512 ts=2026-08-01 19:49:19+00:00
2026-08-15 13:42:24 | WARNING  | pnl_engine | Duplicate trade skipped on load: venue=BYBIT trade_id=T00499 ts=2026-08-01 22:15:38+00:00
2026-08-15 13:42:24 | WARNING  | pnl_engine | Duplicate trade skipped on load: venue=BYBIT trade_id=T00654 ts=2026-08-01 19:39:41+00:00
2026-08-15 13:42:24 | WARNING  | pnl_engine | Duplicate trade skipped on load: venue=BYBIT trade_id=T00576 ts=2026-08-01 07:24:36+00:00
2026-08-15 13:42:24 | WARNING  | pnl_engine | Duplicate trade skipped on load: venue=BINANCE trade_id=T00432 ts=2026-08-01 12:11:26+00:00
2026-08-15 13:42:24 | WARNING  | pnl_engine | Duplicate trade skipped on load: venue=BYBIT trade_id=T00463 ts=2026-08-01 12:39:37+00:00
2026-08-15 13:42:24 | WARNING  | pnl_engine | Duplicate trade skipped on load: venue=OKX trade_id=T00732 ts=2026-08-01 11:29:15+00:00
2026-08-15 13:42:24 | WARNING  | pnl_engine | Duplicate trade skipped on load: venue=BYBIT trade_id=T00411 ts=2026-08-01 07:34:12+00:00
2026-08-15 13:42:24 | WARNING  | pnl_engine | Duplicate trade skipped on load: venue=BINANCE trade_id=T00422 ts=2026-08-01 04:38:32+00:00
2026-08-15 13:42:24 | INFO     | pnl_engine | Loaded 748 trades (0 outside window, 10 duplicates skipped)
2026-08-15 13:42:24 | INFO     | pnl_engine | Loading funding events from C:\Users\cu16b\OneDrive\Desktop\Coalesce_Partners_Coding_Challenge\Coalesce_Partners_Coding_Challenge\funding.csv
2026-08-15 13:42:24 | WARNING  | pnl_engine | Duplicate funding skipped on load: venue=BYBIT event_id=F0027 ts=2026-08-01 16:00:00+00:00
2026-08-15 13:42:24 | WARNING  | pnl_engine | Duplicate funding skipped on load: venue=BYBIT event_id=F0014 ts=2026-08-01 08:00:00+00:00
2026-08-15 13:42:24 | WARNING  | pnl_engine | Duplicate funding skipped on load: venue=OKX event_id=F0023 ts=2026-08-01 16:00:00+00:00
2026-08-15 13:42:24 | INFO     | pnl_engine | Loaded 28 funding events (0 outside window, 3 duplicates skipped)
2026-08-15 13:42:24 | INFO     | pnl_engine | Processing 776 trade and funding events in chronological order
2026-08-15 13:42:24 | INFO     | pnl_engine | Trade processed: venue=BYBIT trade_id=T00580 trader=TRADER_B symbol=ETHUSDT side=BUY qty=10.25 price=3197.65 fee=6.69480522 USDT fee_usdt=6.69480522 | position -4.75 -> 5.50 realized_pnl 0 -> -141.7092127325
2026-08-15 13:42:24 | INFO     | pnl_engine | Trade processed: venue=BYBIT trade_id=T00521 trader=TRADER_B symbol=SOLUSDT side=BUY qty=5 price=154.893 fee=0.27156438 USDT fee_usdt=0.27156438 | position -20 -> -15 realized_pnl 0 -> -1.79662925
2026-08-15 13:42:24 | INFO     | pnl_engine | Trade processed: venue=OKX trade_id=T00180 trader=TRADER_C symbol=SOLUSDT side=BUY qty=40 price=154.999 fee=2.28719313 USDT fee_usdt=2.28719313 | position 100 -> 140 realized_pnl 0 -> 0
2026-08-15 13:42:24 | INFO     | pnl_engine | Trade processed: venue=BYBIT trade_id=T00505 trader=TRADER_B symbol=ETHUSDT side=BUY qty=2 price=3196.55 fee=2.94352723 USDT fee_usdt=2.94352723 | position 5.50 -> 7.50 realized_pnl -141.7092127325 -> -141.7092127325
2026-08-15 13:42:24 | INFO     | pnl_engine | Trade processed: venue=OKX trade_id=T00362 trader=TRADER_C symbol=XRPUSDT side=SELL qty=5250 price=0.61952 fee=1.26864015 USDT fee_usdt=1.26864015 | position 5250 -> 0 realized_pnl 0 -> -58.89796500
2026-08-15 13:42:24 | INFO     | pnl_engine | Trade processed: venue=BYBIT trade_id=T00205 trader=TRADER_A symbol=SOLUSDT side=SELL qty=15 price=155.163 fee=0.00066487 BNB fee_usdt=0.53189600 | position -35 -> -50 realized_pnl 0 -> 0
2026-08-15 13:42:24 | INFO     | pnl_engine | Trade processed: venue=BINANCE trade_id=T00152 trader=TRADER_D symbol=ETHUSDT side=SELL qty=2 price=3198.14 fee=2.39496166 USDT fee_usdt=2.39496166 | position 1.25 -> -0.75 realized_pnl 0 -> 42.5677253000
2026-08-15 13:42:24 | INFO     | pnl_engine | Trade processed: venue=BINANCE trade_id=T00292 trader=TRADER_C symbol=SOLUSDT side=SELL qty=25 price=155.15 fee=1.41126728 USDT fee_usdt=1.41126728 | position 100 -> 75 realized_pnl 0 -> -35.68645900
2026-08-15 13:42:24 | INFO     | pnl_engine | Trade processed: venue=BINANCE trade_id=T00642 trader=TRADER_D symbol=ETHUSDT side=SELL qty=0.5 price=3199.77 fee=0.44709129 USDT fee_usdt=0.44709129 | position -0.75 -> -1.25 realized_pnl 42.5677253000 -> 42.5677253000
2026-08-15 13:42:24 | INFO     | pnl_engine | Trade processed: venue=OKX trade_id=T00156 trader=TRADER_B symbol=XRPUSDT side=BUY qty=250 price=0.6202 fee=0.00007740 BNB fee_usdt=0.06192000 | position -9000 -> -8750 realized_pnl 0 -> 4.15506000
2026-08-15 13:42:24 | INFO     | pnl_engine | Trade processed: venue=BYBIT trade_id=T00722 trader=TRADER_B symbol=SOLUSDT side=BUY qty=35 price=155.06 fee=1.43441969 USDT fee_usdt=1.43441969 | position -15 -> 20 realized_pnl -1.79662925 -> -9.69151700
2026-08-15 13:42:24 | INFO     | pnl_engine | Trade processed: venue=OKX trade_id=T00453 trader=TRADER_C symbol=BTCUSDT side=BUY qty=0.1875 price=62205.67 fee=3.94103953 USDT fee_usdt=3.94103953 | position 0.625 -> 0.8125 realized_pnl 0 -> 0
2026-08-15 13:42:24 | INFO     | pnl_engine | Trade processed: venue=BINANCE trade_id=T00708 trader=TRADER_A symbol=BTCUSDT side=SELL qty=0.125 price=62204.13 fee=2.76645937 USDT fee_usdt=2.76645937 | position 0.25 -> 0.125 realized_pnl 0 -> 197.25803220125
2026-08-15 13:42:24 | INFO     | pnl_engine | Trade processed: venue=OKX trade_id=T00009 trader=TRADER_C symbol=BTCUSDT side=SELL qty=0.125 price=62235.89 fee=2.09655407 USDT fee_usdt=2.09655407 | position 0.8125 -> 0.6875 realized_pnl 0 -> 79.70386478942307692307692250
2026-08-15 13:42:24 | INFO     | pnl_engine | Trade processed: venue=BYBIT trade_id=T00679 trader=TRADER_A symbol=BTCUSDT side=SELL qty=0.5 price=62208.85 fee=8.04156508 USDT fee_usdt=8.04156508 | position 0 -> -0.5 realized_pnl 0 -> 0
2026-08-15 13:42:24 | INFO     | pnl_engine | Trade processed: venue=BINANCE trade_id=T00500 trader=TRADER_A symbol=BTCUSDT side=SELL qty=0.125 price=62298.81 fee=3.33785782 USDT fee_usdt=3.33785782 | position 0.125 -> 0 realized_pnl 197.25803220125 -> 406.35106440250
2026-08-15 13:42:24 | INFO     | pnl_engine | Trade processed: venue=BINANCE trade_id=T00718 trader=TRADER_C symbol=SOLUSDT side=BUY qty=5 price=155.4 fee=0.23767092 USDT fee_usdt=0.23767092 | position 75 -> 80 realized_pnl -35.68645900 -> -35.68645900
2026-08-15 13:42:24 | INFO     | pnl_engine | Trade processed: venue=BINANCE trade_id=T00527 trader=TRADER_A symbol=XRPUSDT side=BUY qty=9750 price=0.61989 fee=2.67548515 USDT fee_usdt=2.67548515 | position -5000 -> 4750 realized_pnl 0 -> 66.72890000
2026-08-15 13:42:24 | INFO     | pnl_engine | Trade processed: venue=BINANCE trade_id=T00635 trader=TRADER_D symbol=XRPUSDT side=BUY qty=500 price=0.62059 fee=0.13965412 USDT fee_usdt=0.13965412 | position 0 -> 500 realized_pnl 0 -> 0
2026-08-15 13:42:24 | INFO     | pnl_engine | Trade processed: venue=OKX trade_id=T00082 trader=TRADER_B symbol=XRPUSDT side=SELL qty=500 price=0.61938 fee=0.12574480 USDT fee_usdt=0.12574480 | position -8750 -> -9250 realized_pnl 4.15506000 -> 4.15506000
2026-08-15 13:42:24 | INFO     | pnl_engine | Trade processed: venue=OKX trade_id=T00488 trader=TRADER_B symbol=ETHUSDT side=SELL qty=1.25 price=3199.74 fee=1.79736158 USDT fee_usdt=1.79736158 | position 0 -> -1.25 realized_pnl 0 -> 0
2026-08-15 13:42:24 | INFO     | pnl_engine | Trade processed: venue=BINANCE trade_id=T00494 trader=TRADER_A symbol=BTCUSDT side=BUY qty=0.5 price=62195.87 fee=0.01140631 BNB fee_usdt=9.1017791276 | position 0 -> 0.5 realized_pnl 406.35106440250 -> 406.35106440250
2026-08-15 13:42:24 | INFO     | pnl_engine | Trade processed: venue=BINANCE trade_id=T00184 trader=TRADER_A symbol=ETHUSDT side=SELL qty=0.5 price=3196.94 fee=0.63315328 USDT fee_usdt=0.63315328 | position 2.25 -> 1.75 realized_pnl 0 -> 4.791106705
2026-08-15 13:42:24 | INFO     | pnl_engine | Trade processed: venue=OKX trade_id=T00466 trader=TRADER_B symbol=XRPUSDT side=SELL qty=500 price=0.62001 fee=0.09930038 USDT fee_usdt=0.09930038 | position -9250 -> -9750 realized_pnl 4.15506000 -> 4.15506000
2026-08-15 13:42:24 | INFO     | pnl_engine | Trade processed: venue=BINANCE trade_id=T00144 trader=TRADER_A symbol=BTCUSDT side=SELL qty=0.9375 price=62244.73 fee=12.32542395 USDT fee_usdt=12.32542395 | position 0.5 -> -0.4375 realized_pnl 406.35106440250 -> 430.78106440250
2026-08-15 13:42:24 | INFO     | pnl_engine | Trade processed: venue=BYBIT trade_id=T00090 trader=TRADER_A symbol=BTCUSDT side=SELL qty=0.0625 price=62295.52 fee=1.31911732 USDT fee_usdt=1.31911732 | position -0.5 -> -0.5625 realized_pnl 0 -> 0
2026-08-15 13:42:24 | INFO     | pnl_engine | Trade processed: venue=BINANCE trade_id=T00705 trader=TRADER_A symbol=XRPUSDT side=BUY qty=250 price=0.62068 fee=0.04616547 USDT fee_usdt=0.04616547 | position 4750 -> 5000 realized_pnl 66.72890000 -> 66.72890000
2026-08-15 13:42:24 | INFO     | pnl_engine | Trade processed: venue=BINANCE trade_id=T00260 trader=TRADER_A symbol=XRPUSDT side=SELL qty=750 price=0.62074 fee=0.19638581 USDT fee_usdt=0.19638581 | position 5000 -> 4250 realized_pnl 66.72890000 -> 67.33677500
2026-08-15 13:42:24 | INFO     | pnl_engine | Trade processed: venue=BINANCE trade_id=T00028 trader=TRADER_A symbol=ETHUSDT side=BUY qty=0.5 price=3198.04 fee=0.33507697 USDT fee_usdt=0.33507697 | position 1.75 -> 2.25 realized_pnl 4.791106705 -> 4.791106705
2026-08-15 13:42:24 | INFO     | pnl_engine | Trade processed: venue=OKX trade_id=T00671 trader=TRADER_B symbol=XRPUSDT side=BUY qty=250 price=0.62067 fee=0.00006326 BNB fee_usdt=0.0504789496 | position -9750 -> -9500 realized_pnl 4.15506000 -> 7.753511282051282051282051275
2026-08-15 13:42:24 | INFO     | pnl_engine | Trade processed: venue=OKX trade_id=T00552 trader=TRADER_C symbol=SOLUSDT side=SELL qty=295 price=155.826 fee=0.01916491 BNB fee_usdt=15.2700253407 | position 140 -> -155 realized_pnl 0 -> 204.9726660000000000000000040
2026-08-15 13:42:24 | INFO     | pnl_engine | Trade processed: venue=BYBIT trade_id=T00113 trader=TRADER_B symbol=ETHUSDT side=BUY qty=0.25 price=3203.93 fee=0.18212426 USDT fee_usdt=0.18212426 | position 7.50 -> 7.75 realized_pnl -141.7092127325 -> -141.7092127325
2026-08-15 13:42:24 | INFO     | pnl_engine | Trade processed: venue=OKX trade_id=T00172 trader=TRADER_C symbol=BTCUSDT side=SELL qty=0.25 price=62173.21 fee=0.00701413 BNB fee_usdt=5.5886483601 | position 0.6875 -> 0.4375 realized_pnl 79.70386478942307692307692250 -> 223.4415943682692307692307675
2026-08-15 13:42:24 | INFO     | pnl_engine | Trade processed: venue=BINANCE trade_id=T00597 trader=TRADER_D symbol=ETHUSDT side=BUY qty=2.75 price=3204.9 fee=3.29803825 USDT fee_usdt=3.29803825 | position -1.25 -> 1.50 realized_pnl 42.5677253000 -> 34.9327253000
2026-08-15 13:42:24 | INFO     | pnl_engine | Trade processed: venue=OKX trade_id=T00464 trader=TRADER_B symbol=XRPUSDT side=SELL qty=500 price=0.62319 fee=0.06938510 USDT fee_usdt=0.06938510 | position -9500 -> -10000 realized_pnl 7.753511282051282051282051275 -> 7.753511282051282051282051275
2026-08-15 13:42:24 | INFO     | pnl_engine | Trade processed: venue=BYBIT trade_id=T00045 trader=TRADER_B symbol=ETHUSDT side=SELL qty=14.75 price=3206.79 fee=10.40675825 USDT fee_usdt=10.40675825 | position 7.75 -> -7.00 realized_pnl -141.7092127325 -> -70.24421273249999999999999675
2026-08-15 13:42:24 | INFO     | pnl_engine | Trade processed: venue=OKX trade_id=T00264 trader=TRADER_C symbol=XRPUSDT side=SELL qty=250 price=0.62258 fee=0.05548628 USDT fee_usdt=0.05548628 | position 0 -> -250 realized_pnl -58.89796500 -> -58.89796500
2026-08-15 13:42:24 | INFO     | pnl_engine | Trade processed: venue=BINANCE trade_id=T00128 trader=TRADER_D symbol=XRPUSDT side=BUY qty=250 price=0.62387 fee=0.06608349 USDT fee_usdt=0.06608349 | position 500 -> 750 realized_pnl 0 -> 0
2026-08-15 13:42:24 | INFO     | pnl_engine | Trade processed: venue=OKX trade_id=T00117 trader=TRADER_B symbol=XRPUSDT side=BUY qty=20000 price=0.62255 fee=5.69813135 USDT fee_usdt=5.69813135 | position -10000 -> 10000 realized_pnl 7.753511282051282051282051275 -> 126.9546599999999999999999993
2026-08-15 13:42:24 | INFO     | pnl_engine | Trade processed: venue=BYBIT trade_id=T00480 trader=TRADER_A symbol=BTCUSDT side=SELL qty=0.3125 price=62062.75 fee=9.13947459 USDT fee_usdt=9.13947459 | position -0.5625 -> -0.8750 realized_pnl 0 -> 0
2026-08-15 13:42:24 | INFO     | pnl_engine | Trade processed: venue=BYBIT trade_id=T00272 trader=TRADER_A symbol=BTCUSDT side=SELL qty=0.1875 price=62095.43 fee=2.67586837 USDT fee_usdt=2.67586837 | position -0.8750 -> -1.0625 realized_pnl 0 -> 0
2026-08-15 13:42:24 | INFO     | pnl_engine | Trade processed: venue=BINANCE trade_id=T00459 trader=TRADER_A symbol=XRPUSDT side=SELL qty=500 price=0.62373 fee=0.14125943 USDT fee_usdt=0.14125943 | position 4250 -> 3750 realized_pnl 67.33677500 -> 69.23702500
2026-08-15 13:42:24 | INFO     | pnl_engine | Trade processed: venue=OKX trade_id=T00566 trader=TRADER_C symbol=SOLUSDT side=BUY qty=5 price=155.569 fee=0.00030002 BNB fee_usdt=0.2390469354 | position -155 -> -150 realized_pnl 204.9726660000000000000000040 -> 206.2576660000000000000000040
2026-08-15 13:42:24 | INFO     | pnl_engine | Trade processed: venue=BINANCE trade_id=T00017 trader=TRADER_A symbol=BTCUSDT side=SELL qty=0.5 price=62203.97 fee=8.38503070 USDT fee_usdt=8.38503070 | position -0.4375 -> -0.9375 realized_pnl 430.78106440250 -> 430.78106440250
2026-08-15 13:42:24 | INFO     | pnl_engine | Trade processed: venue=BYBIT trade_id=T00212 trader=TRADER_B symbol=SOLUSDT side=SELL qty=25 price=155.625 fee=1.56694712 USDT fee_usdt=1.56694712 | position 20 -> -5 realized_pnl -9.69151700 -> 1.60848300
2026-08-15 13:42:24 | INFO     | pnl_engine | Trade processed: venue=OKX trade_id=T00065 trader=TRADER_C symbol=SOLUSDT side=BUY qty=150 price=156.257 fee=11.60368735 USDT fee_usdt=11.60368735 | position -150 -> 0 realized_pnl 206.2576660000000000000000040 -> 141.6076660000000000000000040
2026-08-15 13:42:24 | INFO     | pnl_engine | Trade processed: venue=OKX trade_id=T00452 trader=TRADER_C symbol=SOLUSDT side=SELL qty=10 price=155.995 fee=0.71194871 USDT fee_usdt=0.71194871 | position 0 -> -10 realized_pnl 141.6076660000000000000000040 -> 141.6076660000000000000000040
2026-08-15 13:42:24 | INFO     | pnl_engine | Trade processed: venue=BINANCE trade_id=T00518 trader=TRADER_C symbol=SOLUSDT side=BUY qty=15 price=156.092 fee=0.86232231 USDT fee_usdt=0.86232231 | position 80 -> 95 realized_pnl -35.68645900 -> -35.68645900
2026-08-15 13:42:24 | INFO     | pnl_engine | Trade processed: venue=BINANCE trade_id=T00382 trader=TRADER_D symbol=XRPUSDT side=BUY qty=500 price=0.62122 fee=0.08675473 USDT fee_usdt=0.08675473 | position 750 -> 1250 realized_pnl 0 -> 0
2026-08-15 13:42:24 | INFO     | pnl_engine | Trade processed: venue=BINANCE trade_id=T00330 trader=TRADER_A symbol=ETHUSDT side=SELL qty=0.75 price=3195.28 fee=0.87421627 USDT fee_usdt=0.87421627 | position 2.25 -> 1.50 realized_pnl 4.791106705 -> 8.95239786083333333333333350
2026-08-15 13:42:24 | INFO     | pnl_engine | Trade processed: venue=BINANCE trade_id=T00298 trader=TRADER_D symbol=ETHUSDT side=SELL qty=0.5 price=3195.63 fee=0.53157989 USDT fee_usdt=0.53157989 | position 1.50 -> 1.00 realized_pnl 34.9327253000 -> 30.2977253000
2026-08-15 13:42:24 | INFO     | pnl_engine | Trade processed: venue=BINANCE trade_id=T00695 trader=TRADER_C symbol=SOLUSDT side=SELL qty=25 price=156.228 fee=0.00235520 BNB fee_usdt=1.8710886400 | position 95 -> 70 realized_pnl -35.68645900 -> -40.9573476842105263157894725
2026-08-15 13:42:24 | INFO     | pnl_engine | Trade processed: venue=BYBIT trade_id=T00605 trader=TRADER_A symbol=SOLUSDT side=BUY qty=15 price=156.296 fee=0.79670382 USDT fee_usdt=0.79670382 | position -50 -> -35 realized_pnl 0 -> 11.517529920
2026-08-15 13:42:24 | INFO     | pnl_engine | Trade processed: venue=BINANCE trade_id=T00609 trader=TRADER_A symbol=BTCUSDT side=SELL qty=0.125 price=62289.15 fee=3.59398784 USDT fee_usdt=3.59398784 | position -0.9375 -> -1.0625 realized_pnl 430.78106440250 -> 430.78106440250
2026-08-15 13:42:24 | INFO     | pnl_engine | Trade processed: venue=BINANCE trade_id=T00470 trader=TRADER_A symbol=XRPUSDT side=BUY qty=500 price=0.62048 fee=0.07567629 USDT fee_usdt=0.07567629 | position 3750 -> 4250 realized_pnl 69.23702500 -> 69.23702500
2026-08-15 13:42:24 | INFO     | pnl_engine | Trade processed: venue=BINANCE trade_id=T00568 trader=TRADER_D symbol=ETHUSDT side=SELL qty=0.25 price=3196.04 fee=0.21594654 USDT fee_usdt=0.21594654 | position 1.00 -> 0.75 realized_pnl 30.2977253000 -> 28.0827253000
2026-08-15 13:42:24 | INFO     | pnl_engine | Trade processed: venue=BYBIT trade_id=T00629 trader=TRADER_A symbol=BTCUSDT side=BUY qty=2.0625 price=62396.91 fee=47.03026994 USDT fee_usdt=47.03026994 | position -1.0625 -> 1.0000 realized_pnl 0 -> -261.3193750000000000000000044
2026-08-15 13:42:24 | INFO     | pnl_engine | Trade processed: venue=BINANCE trade_id=T00687 trader=TRADER_D symbol=ETHUSDT side=SELL qty=0.75 price=3198.9 fee=0.89626246 USDT fee_usdt=0.89626246 | position 0.75 -> 0 realized_pnl 28.0827253000 -> 23.5827253000
2026-08-15 13:42:24 | INFO     | pnl_engine | Trade processed: venue=OKX trade_id=T00131 trader=TRADER_C symbol=SOLUSDT side=SELL qty=30 price=156.276 fee=0.00202547 BNB fee_usdt=1.6091346415 | position -10 -> -40 realized_pnl 141.6076660000000000000000040 -> 141.6076660000000000000000040
2026-08-15 13:42:24 | INFO     | pnl_engine | Trade processed: venue=BINANCE trade_id=T00482 trader=TRADER_A symbol=BTCUSDT side=BUY qty=0.0625 price=62305.48 fee=0.00229280 BNB fee_usdt=1.8215149600 | position -1.0625 -> -1.0000 realized_pnl 430.78106440250 -> 426.1119835201470588235294119
2026-08-15 13:42:24 | INFO     | pnl_engine | Trade processed: venue=BYBIT trade_id=T00600 trader=TRADER_D symbol=XRPUSDT side=BUY qty=3500 price=0.62179 fee=0.90552413 USDT fee_usdt=0.90552413 | position -2000 -> 1500 realized_pnl 0 -> -18.10300000
2026-08-15 13:42:24 | INFO     | pnl_engine | Trade processed: venue=BINANCE trade_id=T00361 trader=TRADER_A symbol=BTCUSDT side=BUY qty=0.0625 price=62297.07 fee=1.41820079 USDT fee_usdt=1.41820079 | position -1.0000 -> -0.9375 realized_pnl 426.1119835201470588235294119 -> 421.9685276377941176470588238
2026-08-15 13:42:24 | INFO     | pnl_engine | Trade processed: venue=BYBIT trade_id=T00198 trader=TRADER_B symbol=ETHUSDT side=SELL qty=1 price=3194.66 fee=0.75318828 USDT fee_usdt=0.75318828 | position -7.00 -> -8.00 realized_pnl -70.24421273249999999999999675 -> -70.24421273249999999999999675
2026-08-15 13:42:24 | INFO     | pnl_engine | Trade processed: venue=BYBIT trade_id=T00689 trader=TRADER_B symbol=SOLUSDT side=SELL qty=20 price=155.863 fee=0.00120059 BNB fee_usdt=0.9510953921 | position -5 -> -25 realized_pnl 1.60848300 -> 1.60848300
2026-08-15 13:42:24 | INFO     | pnl_engine | Trade processed: venue=OKX trade_id=T00149 trader=TRADER_C symbol=XRPUSDT side=BUY qty=500 price=0.6219 fee=0.13457728 USDT fee_usdt=0.13457728 | position -250 -> 250 realized_pnl -58.89796500 -> -58.72796500
2026-08-15 13:42:24 | INFO     | pnl_engine | Trade processed: venue=OKX trade_id=T00355 trader=TRADER_C symbol=XRPUSDT side=BUY qty=1000 price=0.6223 fee=0.00016433 BNB fee_usdt=0.1301805827 | position 250 -> 1250 realized_pnl -58.72796500 -> -58.72796500
2026-08-15 13:42:24 | INFO     | pnl_engine | Trade processed: venue=BINANCE trade_id=T00639 trader=TRADER_D symbol=ETHUSDT side=SELL qty=1.5 price=3196.86 fee=1.41572846 USDT fee_usdt=1.41572846 | position 0 -> -1.5 realized_pnl 23.5827253000 -> 23.5827253000
2026-08-15 13:42:24 | INFO     | pnl_engine | Trade processed: venue=OKX trade_id=T00379 trader=TRADER_B symbol=XRPUSDT side=SELL qty=1250 price=0.62221 fee=0.36452065 USDT fee_usdt=0.36452065 | position 10000 -> 8750 realized_pnl 126.9546599999999999999999993 -> 126.5296599999999999999999993
2026-08-15 13:42:24 | INFO     | pnl_engine | Trade processed: venue=OKX trade_id=T00340 trader=TRADER_C symbol=XRPUSDT side=SELL qty=1250 price=0.6218 fee=0.00022393 BNB fee_usdt=0.1773951067 | position 1250 -> 0 realized_pnl -58.72796500 -> -59.25296500
2026-08-15 13:42:24 | INFO     | pnl_engine | Trade processed: venue=BINANCE trade_id=T00583 trader=TRADER_A symbol=ETHUSDT side=SELL qty=1.25 price=3191.91 fee=1.54731769 USDT fee_usdt=1.54731769 | position 1.50 -> 0.25 realized_pnl 8.95239786083333333333333350 -> 11.67538312055555555555555600
2026-08-15 13:42:24 | INFO     | pnl_engine | Trade processed: venue=BINANCE trade_id=T00476 trader=TRADER_A symbol=BTCUSDT side=SELL qty=0.25 price=62149.81 fee=4.17915881 USDT fee_usdt=4.17915881 | position -0.9375 -> -1.1875 realized_pnl 421.9685276377941176470588238 -> 421.9685276377941176470588238
2026-08-15 13:42:24 | INFO     | pnl_engine | Trade processed: venue=BINANCE trade_id=T00057 trader=TRADER_A symbol=ETHUSDT side=BUY qty=0.75 price=3200.68 fee=0.99967334 USDT fee_usdt=0.99967334 | position 0.25 -> 1.00 realized_pnl 11.67538312055555555555555600 -> 11.67538312055555555555555600
2026-08-15 13:42:24 | INFO     | pnl_engine | Trade processed: venue=BINANCE trade_id=T00259 trader=TRADER_D symbol=ETHUSDT side=SELL qty=1 price=3202.89 fee=0.82696106 USDT fee_usdt=0.82696106 | position -1.5 -> -2.5 realized_pnl 23.5827253000 -> 23.5827253000
2026-08-15 13:42:24 | INFO     | pnl_engine | Trade processed: venue=BYBIT trade_id=T00507 trader=TRADER_A symbol=SOLUSDT side=BUY qty=5 price=155.995 fee=0.24057525 USDT fee_usdt=0.24057525 | position -35 -> -30 realized_pnl 11.517529920 -> 16.861706560
2026-08-15 13:42:24 | INFO     | pnl_engine | Trade processed: venue=OKX trade_id=T00258 trader=TRADER_B symbol=XRPUSDT side=SELL qty=750 price=0.62083 fee=0.10665709 USDT fee_usdt=0.10665709 | position 8750 -> 8000 realized_pnl 126.5296599999999999999999993 -> 125.2396599999999999999999993
2026-08-15 13:42:24 | INFO     | pnl_engine | Trade processed: venue=OKX trade_id=T00246 trader=TRADER_C symbol=XRPUSDT side=BUY qty=250 price=0.61993 fee=0.05704502 USDT fee_usdt=0.05704502 | position 0 -> 250 realized_pnl -59.25296500 -> -59.25296500
2026-08-15 13:42:24 | INFO     | pnl_engine | Trade processed: venue=BYBIT trade_id=T00313 trader=TRADER_D symbol=XRPUSDT side=SELL qty=2250 price=0.6207 fee=0.49282489 USDT fee_usdt=0.49282489 | position 1500 -> -750 realized_pnl -18.10300000 -> -19.73800000
2026-08-15 13:42:24 | INFO     | pnl_engine | Trade processed: venue=OKX trade_id=T00699 trader=TRADER_C symbol=XRPUSDT side=SELL qty=250 price=0.6204 fee=0.04939235 USDT fee_usdt=0.04939235 | position 250 -> 0 realized_pnl -59.25296500 -> -59.13546500
2026-08-15 13:42:24 | INFO     | pnl_engine | Trade processed: venue=BYBIT trade_id=T00096 trader=TRADER_A symbol=SOLUSDT side=SELL qty=30 price=155.894 fee=0.00175576 BNB fee_usdt=1.3876649160 | position -30 -> -60 realized_pnl 16.861706560 -> 16.861706560
2026-08-15 13:42:24 | INFO     | pnl_engine | Trade processed: venue=OKX trade_id=T00318 trader=TRADER_C symbol=XRPUSDT side=BUY qty=2000 price=0.62043 fee=0.47419948 USDT fee_usdt=0.47419948 | position 0 -> 2000 realized_pnl -59.13546500 -> -59.13546500
2026-08-15 13:42:24 | INFO     | pnl_engine | Trade processed: venue=BINANCE trade_id=T00133 trader=TRADER_A symbol=ETHUSDT side=SELL qty=1.5 price=3206.06 fee=2.07027044 USDT fee_usdt=2.07027044 | position 1.00 -> -0.50 realized_pnl 11.67538312055555555555555600 -> 19.79248017250000000000000000
2026-08-15 13:42:24 | INFO     | pnl_engine | Trade processed: venue=OKX trade_id=T00724 trader=TRADER_C symbol=BTCUSDT side=BUY qty=0.0625 price=62127.89 fee=0.78740793 USDT fee_usdt=0.78740793 | position 0.4375 -> 0.5000 realized_pnl 223.4415943682692307692307675 -> 223.4415943682692307692307675
2026-08-15 13:42:24 | INFO     | pnl_engine | Trade processed: venue=BYBIT trade_id=T00037 trader=TRADER_B symbol=ETHUSDT side=SELL qty=0.25 price=3203.15 fee=0.25513649 USDT fee_usdt=0.25513649 | position -8.00 -> -8.25 realized_pnl -70.24421273249999999999999675 -> -70.24421273249999999999999675
2026-08-15 13:42:24 | INFO     | pnl_engine | Trade processed: venue=BYBIT trade_id=T00387 trader=TRADER_D symbol=XRPUSDT side=SELL qty=750 price=0.62003 fee=0.21215531 USDT fee_usdt=0.21215531 | position -750 -> -1500 realized_pnl -19.73800000 -> -19.73800000
2026-08-15 13:42:24 | INFO     | pnl_engine | Trade processed: venue=BINANCE trade_id=T00503 trader=TRADER_A symbol=XRPUSDT side=SELL qty=500 price=0.62065 fee=0.12762736 USDT fee_usdt=0.12762736 | position 4250 -> 3750 realized_pnl 69.23702500 -> 69.56489264705882352941176470
2026-08-15 13:42:24 | INFO     | pnl_engine | Trade processed: venue=BINANCE trade_id=T00150 trader=TRADER_A symbol=ETHUSDT side=BUY qty=1.25 price=3206.11 fee=1.54349172 USDT fee_usdt=1.54349172 | position -0.50 -> 0.75 realized_pnl 19.79248017250000000000000000 -> 19.76748017250000000000000000
2026-08-15 13:42:24 | INFO     | pnl_engine | Trade processed: venue=BYBIT trade_id=T00719 trader=TRADER_A symbol=SOLUSDT side=BUY qty=60 price=155.923 fee=2.25009827 USDT fee_usdt=2.25009827 | position -60 -> 0 realized_pnl 16.861706560 -> 50.216766400
2026-08-15 13:42:24 | INFO     | pnl_engine | Trade processed: venue=BINANCE trade_id=T00615 trader=TRADER_A symbol=ETHUSDT side=BUY qty=0.75 price=3205.14 fee=0.58349365 USDT fee_usdt=0.58349365 | position 0.75 -> 1.50 realized_pnl 19.76748017250000000000000000 -> 19.76748017250000000000000000
2026-08-15 13:42:24 | INFO     | pnl_engine | Trade processed: venue=BINANCE trade_id=T00541 trader=TRADER_C symbol=SOLUSDT side=SELL qty=145 price=156.167 fee=0.00713281 BNB fee_usdt=5.6374163835 | position 70 -> -75 realized_pnl -40.9573476842105263157894725 -> -59.9858359999999999999999955
2026-08-15 13:42:24 | INFO     | pnl_engine | Trade processed: venue=BYBIT trade_id=T00442 trader=TRADER_A symbol=SOLUSDT side=SELL qty=30 price=156.097 fee=1.91118462 USDT fee_usdt=1.91118462 | position 0 -> -30 realized_pnl 50.216766400 -> 50.216766400
2026-08-15 13:42:24 | INFO     | pnl_engine | Trade processed: venue=BYBIT trade_id=T00137 trader=TRADER_B symbol=ETHUSDT side=BUY qty=0.75 price=3204.18 fee=0.70637909 USDT fee_usdt=0.70637909 | position -8.25 -> -7.50 realized_pnl -70.24421273249999999999999675 -> -69.47216727795454545454545125
2026-08-15 13:42:24 | INFO     | pnl_engine | Trade processed: venue=BYBIT trade_id=T00380 trader=TRADER_D symbol=XRPUSDT side=BUY qty=2250 price=0.62013 fee=0.66469067 USDT fee_usdt=0.66469067 | position -1500 -> 750 realized_pnl -19.73800000 -> -19.38550000
2026-08-15 13:42:24 | INFO     | pnl_engine | Trade processed: venue=BINANCE trade_id=T00185 trader=TRADER_C symbol=SOLUSDT side=SELL qty=10 price=155.38 fee=0.39999052 USDT fee_usdt=0.39999052 | position -75 -> -85 realized_pnl -59.9858359999999999999999955 -> -59.9858359999999999999999955
2026-08-15 13:42:24 | INFO     | pnl_engine | Trade processed: venue=OKX trade_id=T00540 trader=TRADER_C symbol=BTCUSDT side=SELL qty=0.125 price=61968.92 fee=2.35293515 USDT fee_usdt=2.35293515 | position 0.5000 -> 0.3750 realized_pnl 223.4415943682692307692307675 -> 261.4987260590144230769230750
2026-08-15 13:42:24 | INFO     | pnl_engine | Trade processed: venue=BINANCE trade_id=T00714 trader=TRADER_A symbol=ETHUSDT side=SELL qty=1.25 price=3202.06 fee=1.14931653 USDT fee_usdt=1.14931653 | position 1.50 -> 0.25 realized_pnl 19.76748017250000000000000000 -> 15.31123017250000000000000000
2026-08-15 13:42:24 | INFO     | pnl_engine | Trade processed: venue=OKX trade_id=T00074 trader=TRADER_C symbol=SOLUSDT side=BUY qty=30 price=155.495 fee=1.62139929 USDT fee_usdt=1.62139929 | position -40 -> -10 realized_pnl 141.6076660000000000000000040 -> 162.9301660000000000000000040
2026-08-15 13:42:24 | INFO     | pnl_engine | Trade processed: venue=BINANCE trade_id=T00305 trader=TRADER_A symbol=BTCUSDT side=SELL qty=0.25 price=61905.23 fee=3.79227712 USDT fee_usdt=3.79227712 | position -1.1875 -> -1.4375 realized_pnl 421.9685276377941176470588238 -> 421.9685276377941176470588238
2026-08-15 13:42:24 | INFO     | pnl_engine | Trade processed: venue=BINANCE trade_id=T00424 trader=TRADER_A symbol=ETHUSDT side=SELL qty=0.25 price=3197.61 fee=0.00032121 BNB fee_usdt=0.2543212296 | position 0.25 -> 0 realized_pnl 15.31123017250000000000000000 -> 13.30748017250000000000000000
2026-08-15 13:42:24 | INFO     | pnl_engine | Trade processed: venue=OKX trade_id=T00138 trader=TRADER_C symbol=XRPUSDT side=SELL qty=1000 price=0.62129 fee=0.29951748 USDT fee_usdt=0.29951748 | position 2000 -> 1000 realized_pnl -59.13546500 -> -58.27546500
2026-08-15 13:42:24 | INFO     | pnl_engine | Trade processed: venue=OKX trade_id=T00181 trader=TRADER_B symbol=XRPUSDT side=SELL qty=1000 price=0.62115 fee=0.30811625 USDT fee_usdt=0.30811625 | position 8000 -> 7000 realized_pnl 125.2396599999999999999999993 -> 123.8396599999999999999999993
2026-08-15 13:42:24 | INFO     | pnl_engine | Trade processed: venue=OKX trade_id=T00640 trader=TRADER_B symbol=XRPUSDT side=BUY qty=500 price=0.62131 fee=0.11079508 USDT fee_usdt=0.11079508 | position 7000 -> 7500 realized_pnl 123.8396599999999999999999993 -> 123.8396599999999999999999993
2026-08-15 13:42:24 | INFO     | pnl_engine | Trade processed: venue=BINANCE trade_id=T00256 trader=TRADER_A symbol=BTCUSDT side=BUY qty=0.0625 price=62142.36 fee=1.21552394 USDT fee_usdt=1.21552394 | position -1.4375 -> -1.3750 realized_pnl 421.9685276377941176470588238 -> 423.0758661927813299232736582
2026-08-15 13:42:24 | INFO     | pnl_engine | Trade processed: venue=OKX trade_id=T00289 trader=TRADER_B symbol=XRPUSDT side=SELL qty=7500 price=0.62179 fee=1.40491690 USDT fee_usdt=1.40491690 | position 7500 -> 0 realized_pnl 123.8396599999999999999999993 -> 118.7596599999999999999999996
2026-08-15 13:42:24 | INFO     | pnl_engine | Trade processed: venue=BINANCE trade_id=T00225 trader=TRADER_A symbol=XRPUSDT side=BUY qty=500 price=0.62206 fee=0.11947159 USDT fee_usdt=0.11947159 | position 3750 -> 4250 realized_pnl 69.56489264705882352941176470 -> 69.56489264705882352941176470
2026-08-15 13:42:24 | INFO     | pnl_engine | Trade processed: venue=BYBIT trade_id=T00222 trader=TRADER_A symbol=SOLUSDT side=BUY qty=70 price=156.169 fee=4.39315318 USDT fee_usdt=4.39315318 | position -30 -> 40 realized_pnl 50.216766400 -> 48.056766400
2026-08-15 13:42:24 | INFO     | pnl_engine | Trade processed: venue=BYBIT trade_id=T00517 trader=TRADER_D symbol=XRPUSDT side=SELL qty=2250 price=0.62134 fee=0.40719379 USDT fee_usdt=0.40719379 | position 750 -> -1500 realized_pnl -19.38550000 -> -18.47800000
2026-08-15 13:42:24 | INFO     | pnl_engine | Trade processed: venue=BYBIT trade_id=T00665 trader=TRADER_D symbol=XRPUSDT side=BUY qty=1000 price=0.62145 fee=0.20621045 USDT fee_usdt=0.20621045 | position -1500 -> -500 realized_pnl -18.47800000 -> -18.58800000
2026-08-15 13:42:24 | INFO     | pnl_engine | Trade processed: venue=BINANCE trade_id=T00300 trader=TRADER_A symbol=XRPUSDT side=BUY qty=750 price=0.62101 fee=0.00014642 BNB fee_usdt=0.1161066674 | position 4250 -> 5000 realized_pnl 69.56489264705882352941176470 -> 69.56489264705882352941176470
2026-08-15 13:42:24 | INFO     | pnl_engine | Trade processed: venue=BINANCE trade_id=T00301 trader=TRADER_C symbol=SOLUSDT side=BUY qty=25 price=156.075 fee=0.84693531 USDT fee_usdt=0.84693531 | position -85 -> -60 realized_pnl -59.9858359999999999999999955 -> -60.0005418823529411764705830
2026-08-15 13:42:24 | INFO     | pnl_engine | Trade processed: venue=OKX trade_id=T00048 trader=TRADER_C symbol=XRPUSDT side=BUY qty=2000 price=0.62115 fee=0.46523851 USDT fee_usdt=0.46523851 | position 1000 -> 3000 realized_pnl -58.27546500 -> -58.27546500
2026-08-15 13:42:24 | INFO     | pnl_engine | Trade processed: venue=BYBIT trade_id=T00099 trader=TRADER_A symbol=SOLUSDT side=BUY qty=10 price=156.159 fee=0.76008307 USDT fee_usdt=0.76008307 | position 40 -> 50 realized_pnl 48.056766400 -> 48.056766400
2026-08-15 13:42:24 | INFO     | pnl_engine | Trade processed: venue=OKX trade_id=T00623 trader=TRADER_C symbol=SOLUSDT side=BUY qty=20 price=155.882 fee=0.00119201 BNB fee_usdt=0.9452281697 | position -10 -> 10 realized_pnl 162.9301660000000000000000040 -> 166.1676660000000000000000040
2026-08-15 13:42:24 | INFO     | pnl_engine | Trade processed: venue=BYBIT trade_id=T00016 trader=TRADER_B symbol=ETHUSDT side=SELL qty=1.5 price=3195.37 fee=2.08498154 USDT fee_usdt=2.08498154 | position -7.50 -> -9.00 realized_pnl -69.47216727795454545454545125 -> -69.47216727795454545454545125
2026-08-15 13:42:24 | INFO     | pnl_engine | Trade processed: venue=BINANCE trade_id=T00255 trader=TRADER_A symbol=BTCUSDT side=SELL qty=0.0625 price=62032.46 fee=1.68140527 USDT fee_usdt=1.68140527 | position -1.3750 -> -1.4375 realized_pnl 423.0758661927813299232736582 -> 423.0758661927813299232736582
2026-08-15 13:42:24 | INFO     | pnl_engine | Trade processed: venue=BINANCE trade_id=T00425 trader=TRADER_A symbol=BTCUSDT side=BUY qty=1.4375 price=62051.74 fee=19.27374603 USDT fee_usdt=19.27374603 | position -1.4375 -> 0 realized_pnl 423.0758661927813299232736582 -> 570.8348144025000000000000188
2026-08-15 13:42:24 | INFO     | pnl_engine | Trade processed: venue=BYBIT trade_id=T00196 trader=TRADER_A symbol=BTCUSDT side=SELL qty=0.1875 price=62159.49 fee=2.36003150 USDT fee_usdt=2.36003150 | position 1.0000 -> 0.8125 realized_pnl -261.3193750000000000000000044 -> -305.8356250000000000000000044
2026-08-15 13:42:24 | INFO     | pnl_engine | Trade processed: venue=BYBIT trade_id=T00478 trader=TRADER_B symbol=SOLUSDT side=SELL qty=10 price=156.039 fee=0.54213939 USDT fee_usdt=0.54213939 | position -25 -> -35 realized_pnl 1.60848300 -> 1.60848300
2026-08-15 13:42:24 | INFO     | pnl_engine | Trade processed: venue=OKX trade_id=T00739 trader=TRADER_C symbol=XRPUSDT side=SELL qty=3000 price=0.62067 fee=0.66696354 USDT fee_usdt=0.66696354 | position 3000 -> 0 realized_pnl -58.27546500 -> -58.99546500
2026-08-15 13:42:24 | INFO     | pnl_engine | Trade processed: venue=BYBIT trade_id=T00299 trader=TRADER_B symbol=SOLUSDT side=BUY qty=10 price=156.178 fee=0.69315063 USDT fee_usdt=0.69315063 | position -35 -> -25 realized_pnl 1.60848300 -> -1.3786598571428571428571430
2026-08-15 13:42:24 | INFO     | pnl_engine | Trade processed: venue=BYBIT trade_id=T00173 trader=TRADER_B symbol=SOLUSDT side=BUY qty=30 price=155.859 fee=1.06680664 USDT fee_usdt=1.06680664 | position -25 -> 5 realized_pnl -1.3786598571428571428571430 -> -0.8715170000000000000000005
2026-08-15 13:42:24 | INFO     | pnl_engine | Trade processed: venue=BINANCE trade_id=T00487 trader=TRADER_D symbol=XRPUSDT side=SELL qty=1000 price=0.62104 fee=0.14752596 USDT fee_usdt=0.14752596 | position 1250 -> 250 realized_pnl 0 -> -0.4580000000000000000000000
2026-08-15 13:42:24 | INFO     | pnl_engine | Trade processed: venue=BINANCE trade_id=T00278 trader=TRADER_A symbol=XRPUSDT side=BUY qty=1250 price=0.62088 fee=0.29304793 USDT fee_usdt=0.29304793 | position 5000 -> 6250 realized_pnl 69.56489264705882352941176470 -> 69.56489264705882352941176470
2026-08-15 13:42:24 | INFO     | pnl_engine | Trade processed: venue=BYBIT trade_id=T00616 trader=TRADER_A symbol=SOLUSDT side=BUY qty=40 price=156.668 fee=2.07036598 USDT fee_usdt=2.07036598 | position 50 -> 90 realized_pnl 48.056766400 -> 48.056766400
2026-08-15 13:42:24 | INFO     | pnl_engine | Trade processed: venue=OKX trade_id=T00389 trader=TRADER_C symbol=BTCUSDT side=SELL qty=0.0625 price=62118.6 fee=0.00108536 BNB fee_usdt=0.8613634032 | position 0.3750 -> 0.3125 realized_pnl 261.4987260590144230769230750 -> 289.8822919043870192307692288
2026-08-15 13:42:24 | INFO     | pnl_engine | Trade processed: venue=BYBIT trade_id=T00575 trader=TRADER_D symbol=XRPUSDT side=BUY qty=500 price=0.62111 fee=0.00014742 BNB fee_usdt=0.1169954604 | position -500 -> 0 realized_pnl -18.58800000 -> -18.47300000
2026-08-15 13:42:24 | INFO     | pnl_engine | Trade processed: venue=OKX trade_id=T00569 trader=TRADER_B symbol=ETHUSDT side=BUY qty=1.5 price=3210.13 fee=2.31738101 USDT fee_usdt=2.31738101 | position -1.25 -> 0.25 realized_pnl 0 -> -12.9875
2026-08-15 13:42:24 | INFO     | pnl_engine | Trade processed: venue=OKX trade_id=T00548 trader=TRADER_B symbol=ETHUSDT side=BUY qty=0.25 price=3204.03 fee=0.33599059 USDT fee_usdt=0.33599059 | position 0.25 -> 0.50 realized_pnl -12.9875 -> -12.9875
2026-08-15 13:42:24 | INFO     | pnl_engine | Trade processed: venue=OKX trade_id=T00121 trader=TRADER_C symbol=XRPUSDT side=BUY qty=500 price=0.62183 fee=0.10235476 USDT fee_usdt=0.10235476 | position 0 -> 500 realized_pnl -58.99546500 -> -58.99546500
2026-08-15 13:42:24 | INFO     | pnl_engine | Trade processed: venue=BYBIT trade_id=T00364 trader=TRADER_A symbol=BTCUSDT side=BUY qty=0.25 price=62070.13 fee=4.58825101 USDT fee_usdt=4.58825101 | position 0.8125 -> 1.0625 realized_pnl -305.8356250000000000000000044 -> -305.8356250000000000000000044
2026-08-15 13:42:24 | INFO     | pnl_engine | Trade processed: venue=BINANCE trade_id=T00041 trader=TRADER_A symbol=BTCUSDT side=SELL qty=0.0625 price=62070.2 fee=1.03705598 USDT fee_usdt=1.03705598 | position 0 -> -0.0625 realized_pnl 570.8348144025000000000000188 -> 570.8348144025000000000000188
2026-08-15 13:42:24 | INFO     | pnl_engine | Trade processed: venue=BYBIT trade_id=T00697 trader=TRADER_D symbol=XRPUSDT side=BUY qty=500 price=0.6212 fee=0.11433089 USDT fee_usdt=0.11433089 | position 0 -> 500 realized_pnl -18.47300000 -> -18.47300000
2026-08-15 13:42:24 | INFO     | pnl_engine | Trade processed: venue=OKX trade_id=T00405 trader=TRADER_C symbol=XRPUSDT side=SELL qty=750 price=0.6207 fee=0.17633091 USDT fee_usdt=0.17633091 | position 500 -> -250 realized_pnl -58.99546500 -> -59.56046500
2026-08-15 13:42:24 | INFO     | pnl_engine | Trade processed: venue=OKX trade_id=T00303 trader=TRADER_B symbol=XRPUSDT side=BUY qty=2000 price=0.62187 fee=0.56042875 USDT fee_usdt=0.56042875 | position 0 -> 2000 realized_pnl 118.7596599999999999999999996 -> 118.7596599999999999999999996
2026-08-15 13:42:24 | INFO     | pnl_engine | Trade processed: venue=BINANCE trade_id=T00005 trader=TRADER_A symbol=BTCUSDT side=SELL qty=0.25 price=61994.83 fee=5.20024303 USDT fee_usdt=5.20024303 | position -0.0625 -> -0.3125 realized_pnl 570.8348144025000000000000188 -> 570.8348144025000000000000188
2026-08-15 13:42:24 | INFO     | pnl_engine | Trade processed: venue=OKX trade_id=T00553 trader=TRADER_C symbol=BTCUSDT side=BUY qty=0.0625 price=62052.64 fee=1.08066500 USDT fee_usdt=1.08066500 | position 0.3125 -> 0.3750 realized_pnl 289.8822919043870192307692288 -> 289.8822919043870192307692288
2026-08-15 13:42:24 | INFO     | pnl_engine | Trade processed: venue=BINANCE trade_id=T00690 trader=TRADER_A symbol=XRPUSDT side=BUY qty=1500 price=0.62188 fee=0.27015750 USDT fee_usdt=0.27015750 | position 6250 -> 7750 realized_pnl 69.56489264705882352941176470 -> 69.56489264705882352941176470
2026-08-15 13:42:24 | INFO     | pnl_engine | Trade processed: venue=OKX trade_id=T00607 trader=TRADER_C symbol=BTCUSDT side=BUY qty=0.1875 price=62061.55 fee=3.05443131 USDT fee_usdt=3.05443131 | position 0.3750 -> 0.5625 realized_pnl 289.8822919043870192307692288 -> 289.8822919043870192307692288
2026-08-15 13:42:24 | INFO     | pnl_engine | Trade processed: venue=OKX trade_id=T00162 trader=TRADER_B symbol=ETHUSDT side=SELL qty=0.5 price=3192.63 fee=0.71884067 USDT fee_usdt=0.71884067 | position 0.50 -> 0 realized_pnl -12.9875 -> -20.2125
2026-08-15 13:42:24 | INFO     | pnl_engine | Trade processed: venue=BYBIT trade_id=T00525 trader=TRADER_D symbol=XRPUSDT side=SELL qty=1000 price=0.62149 fee=0.22663340 USDT fee_usdt=0.22663340 | position 500 -> -500 realized_pnl -18.47300000 -> -18.32800000
2026-08-15 13:42:24 | INFO     | pnl_engine | Trade processed: venue=BINANCE trade_id=T00516 trader=TRADER_A symbol=BTCUSDT side=BUY qty=0.3125 price=62308.97 fee=0.00923506 BNB fee_usdt=7.3056712648 | position -0.3125 -> 0 realized_pnl 570.8348144025000000000000188 -> 477.3766894025000000000000188
2026-08-15 13:42:24 | INFO     | pnl_engine | Trade processed: venue=OKX trade_id=T00560 trader=TRADER_C symbol=SOLUSDT side=SELL qty=20 price=156.382 fee=1.50456538 USDT fee_usdt=1.50456538 | position 10 -> -10 realized_pnl 166.1676660000000000000000040 -> 171.1676660000000000000000040
2026-08-15 13:42:24 | INFO     | pnl_engine | Trade processed: venue=OKX trade_id=T00141 trader=TRADER_B symbol=ETHUSDT side=BUY qty=0.5 price=3197.22 fee=0.50221859 USDT fee_usdt=0.50221859 | position 0 -> 0.5 realized_pnl -20.2125 -> -20.2125
2026-08-15 13:42:24 | INFO     | pnl_engine | Trade processed: venue=BINANCE trade_id=T00164 trader=TRADER_A symbol=XRPUSDT side=SELL qty=15750 price=0.62216 fee=3.90030296 USDT fee_usdt=3.90030296 | position 7750 -> -8000 realized_pnl 69.56489264705882352941176470 -> 80.61889999999999999999999968
2026-08-15 13:42:24 | INFO     | pnl_engine | Trade processed: venue=BINANCE trade_id=T00177 trader=TRADER_C symbol=SOLUSDT side=BUY qty=30 price=156.708 fee=0.00236177 BNB fee_usdt=1.8683490116 | position -60 -> -30 realized_pnl -60.0005418823529411764705830 -> -79.0081889411764705882352880
2026-08-15 13:42:24 | INFO     | pnl_engine | Trade processed: venue=BINANCE trade_id=T00314 trader=TRADER_A symbol=XRPUSDT side=SELL qty=1500 price=0.62152 fee=0.00029078 BNB fee_usdt=0.2300302424 | position -8000 -> -9500 realized_pnl 80.61889999999999999999999968 -> 80.61889999999999999999999968
2026-08-15 13:42:24 | INFO     | pnl_engine | Trade processed: venue=BINANCE trade_id=T00422 trader=TRADER_A symbol=XRPUSDT side=BUY qty=1500 price=0.62211 fee=0.40063557 USDT fee_usdt=0.40063557 | position -9500 -> -8000 realized_pnl 80.61889999999999999999999968 -> 80.54232105263157894736842078
2026-08-15 13:42:24 | INFO     | pnl_engine | Trade processed: venue=BYBIT trade_id=T00336 trader=TRADER_B symbol=ETHUSDT side=SELL qty=0.5 price=3197.26 fee=0.79447606 USDT fee_usdt=0.79447606 | position -9.00 -> -9.50 realized_pnl -69.47216727795454545454545125 -> -69.47216727795454545454545125
2026-08-15 13:42:24 | INFO     | pnl_engine | Trade processed: venue=BINANCE trade_id=T00251 trader=TRADER_D symbol=XRPUSDT side=BUY qty=750 price=0.62224 fee=0.15191030 USDT fee_usdt=0.15191030 | position 250 -> 1000 realized_pnl -0.4580000000000000000000000 -> -0.4580000000000000000000000
2026-08-15 13:42:24 | INFO     | pnl_engine | Trade processed: venue=BINANCE trade_id=T00022 trader=TRADER_A symbol=XRPUSDT side=SELL qty=1500 price=0.62234 fee=0.32844042 USDT fee_usdt=0.32844042 | position -8000 -> -9500 realized_pnl 80.54232105263157894736842078 -> 80.54232105263157894736842078
2026-08-15 13:42:24 | INFO     | pnl_engine | Trade processed: venue=BINANCE trade_id=T00226 trader=TRADER_A symbol=XRPUSDT side=BUY qty=1500 price=0.62157 fee=0.00055008 BNB fee_usdt=0.4351572864 | position -9500 -> -8000 realized_pnl 80.54232105263157894736842078 -> 81.34230720221606648199445953
2026-08-15 13:42:24 | INFO     | pnl_engine | Trade processed: venue=BYBIT trade_id=T00748 trader=TRADER_B symbol=SOLUSDT side=BUY qty=10 price=156.699 fee=0.00079729 BNB fee_usdt=0.6307201732 | position 5 -> 15 realized_pnl -0.8715170000000000000000005 -> -0.8715170000000000000000005
2026-08-15 13:42:24 | INFO     | pnl_engine | Trade processed: venue=BINANCE trade_id=T00319 trader=TRADER_D symbol=XRPUSDT side=SELL qty=250 price=0.6219 fee=0.00006178 BNB fee_usdt=0.0488729224 | position 1000 -> 750 realized_pnl -0.4580000000000000000000000 -> -0.4966250000000000000000000
2026-08-15 13:42:24 | INFO     | pnl_engine | Trade processed: venue=BINANCE trade_id=T00160 trader=TRADER_A symbol=XRPUSDT side=SELL qty=250 price=0.62194 fee=0.05389604 USDT fee_usdt=0.05389604 | position -8000 -> -8250 realized_pnl 81.34230720221606648199445953 -> 81.34230720221606648199445953
2026-08-15 13:42:24 | INFO     | pnl_engine | Trade processed: venue=BINANCE trade_id=T00523 trader=TRADER_C symbol=SOLUSDT side=SELL qty=5 price=156.368 fee=0.20484750 USDT fee_usdt=0.20484750 | position -30 -> -35 realized_pnl -79.0081889411764705882352880 -> -79.0081889411764705882352880
2026-08-15 13:42:24 | INFO     | pnl_engine | Trade processed: venue=BYBIT trade_id=T00083 trader=TRADER_B symbol=ETHUSDT side=BUY qty=0.5 price=3196.95 fee=0.00085010 BNB fee_usdt=0.6724971080 | position -9.50 -> -9.00 realized_pnl -69.47216727795454545454545125 -> -66.32845914398325358851674275
2026-08-15 13:42:24 | INFO     | pnl_engine | Trade processed: venue=BINANCE trade_id=T00409 trader=TRADER_A symbol=BTCUSDT side=BUY qty=0.5 price=62260.43 fee=0.01856091 BNB fee_usdt=14.6831646828 | position 0 -> 0.5 realized_pnl 477.3766894025000000000000188 -> 477.3766894025000000000000188
2026-08-15 13:42:24 | INFO     | pnl_engine | Trade processed: venue=BINANCE trade_id=T00118 trader=TRADER_A symbol=BTCUSDT side=SELL qty=0.125 price=62350.02 fee=2.18357001 USDT fee_usdt=2.18357001 | position 0.5 -> 0.375 realized_pnl 477.3766894025000000000000188 -> 488.5754394025000000000000188
2026-08-15 13:42:24 | INFO     | pnl_engine | Trade processed: venue=OKX trade_id=T00267 trader=TRADER_C symbol=SOLUSDT side=SELL qty=5 price=156.425 fee=0.17350644 USDT fee_usdt=0.17350644 | position -10 -> -15 realized_pnl 171.1676660000000000000000040 -> 171.1676660000000000000000040
2026-08-15 13:42:24 | INFO     | pnl_engine | Trade processed: venue=BYBIT trade_id=T00370 trader=TRADER_A symbol=SOLUSDT side=SELL qty=20 price=156.704 fee=1.45134812 USDT fee_usdt=1.45134812 | position 90 -> 70 realized_pnl 48.056766400 -> 54.3434330666666666666666660
2026-08-15 13:42:24 | INFO     | pnl_engine | Trade processed: venue=OKX trade_id=T00627 trader=TRADER_B symbol=ETHUSDT side=SELL qty=0.5 price=3195.13 fee=0.37645433 USDT fee_usdt=0.37645433 | position 0.5 -> 0 realized_pnl -20.2125 -> -21.2575
2026-08-15 13:42:24 | INFO     | pnl_engine | Trade processed: venue=OKX trade_id=T00270 trader=TRADER_C symbol=BTCUSDT side=BUY qty=0.3125 price=62204.88 fee=7.37016922 USDT fee_usdt=7.37016922 | position 0.5625 -> 0.8750 realized_pnl 289.8822919043870192307692288 -> 289.8822919043870192307692288
2026-08-15 13:42:24 | INFO     | pnl_engine | Trade processed: venue=BYBIT trade_id=T00522 trader=TRADER_A symbol=SOLUSDT side=SELL qty=125 price=156.368 fee=7.61663432 USDT fee_usdt=7.61663432 | position 70 -> -55 realized_pnl 54.3434330666666666666666660 -> 52.8267663999999999999999970
2026-08-15 13:42:24 | INFO     | pnl_engine | Trade processed: venue=BINANCE trade_id=T00439 trader=TRADER_A symbol=XRPUSDT side=BUY qty=16750 price=0.61914 fee=3.45175558 USDT fee_usdt=3.45175558 | position -8250 -> 8500 realized_pnl 81.34230720221606648199445953 -> 105.7488999999999999999999998
2026-08-15 13:42:24 | INFO     | pnl_engine | Trade processed: venue=BYBIT trade_id=T00602 trader=TRADER_A symbol=SOLUSDT side=SELL qty=20 price=156.275 fee=0.79563815 USDT fee_usdt=0.79563815 | position -55 -> -75 realized_pnl 52.8267663999999999999999970 -> 52.8267663999999999999999970
2026-08-15 13:42:24 | INFO     | pnl_engine | Trade processed: venue=BINANCE trade_id=T00211 trader=TRADER_D symbol=ETHUSDT side=BUY qty=0.5 price=3200.76 fee=0.50967487 USDT fee_usdt=0.50967487 | position -2.5 -> -2.0 realized_pnl 23.5827253000 -> 22.8387253000
2026-08-15 13:42:24 | INFO     | pnl_engine | Trade processed: venue=BYBIT trade_id=T00393 trader=TRADER_D symbol=XRPUSDT side=BUY qty=250 price=0.61981 fee=0.00005774 BNB fee_usdt=0.0457167998 | position -500 -> -250 realized_pnl -18.32800000 -> -17.90800000
2026-08-15 13:42:24 | INFO     | pnl_engine | Trade processed: venue=OKX trade_id=T00617 trader=TRADER_B symbol=ETHUSDT side=SELL qty=1.5 price=3198.06 fee=1.17535711 USDT fee_usdt=1.17535711 | position 0 -> -1.5 realized_pnl -21.2575 -> -21.2575
2026-08-15 13:42:24 | INFO     | pnl_engine | Trade processed: venue=BYBIT trade_id=T00670 trader=TRADER_A symbol=BTCUSDT side=SELL qty=0.1875 price=62555.28 fee=4.69780377 USDT fee_usdt=4.69780377 | position 1.0625 -> 0.8750 realized_pnl -305.8356250000000000000000044 -> -261.7244852941176470588235332
2026-08-15 13:42:24 | INFO     | pnl_engine | Trade processed: venue=OKX trade_id=T00097 trader=TRADER_C symbol=BTCUSDT side=SELL qty=0.875 price=62598.5 fee=20.54787528 USDT fee_usdt=20.54787528 | position 0.8750 -> 0 realized_pnl 289.8822919043870192307692288 -> 839.5694961312499999999999950
2026-08-15 13:42:24 | INFO     | pnl_engine | Trade processed: venue=BINANCE trade_id=T00536 trader=TRADER_A symbol=XRPUSDT side=BUY qty=1250 price=0.6192 fee=0.26806627 USDT fee_usdt=0.26806627 | position 8500 -> 9750 realized_pnl 105.7488999999999999999999998 -> 105.7488999999999999999999998
2026-08-15 13:42:24 | INFO     | pnl_engine | Trade processed: venue=BINANCE trade_id=T00473 trader=TRADER_D symbol=XRPUSDT side=SELL qty=2000 price=0.62049 fee=0.42453297 USDT fee_usdt=0.42453297 | position 750 -> -1250 realized_pnl -0.4966250000000000000000000 -> -1.6700000000000000000000000
2026-08-15 13:42:24 | INFO     | pnl_engine | Trade processed: venue=BYBIT trade_id=T00146 trader=TRADER_A symbol=BTCUSDT side=SELL qty=0.125 price=62546.77 fee=3.61943928 USDT fee_usdt=3.61943928 | position 0.8750 -> 0.7500 realized_pnl -261.7244852941176470588235332 -> -233.3808088235294117647058857
2026-08-15 13:42:24 | INFO     | pnl_engine | Trade processed: venue=BYBIT trade_id=T00426 trader=TRADER_B symbol=SOLUSDT side=SELL qty=10 price=156.267 fee=0.32357509 USDT fee_usdt=0.32357509 | position 15 -> 5 realized_pnl -0.8715170000000000000000005 -> -2.3915170000000000000000005
2026-08-15 13:42:24 | INFO     | pnl_engine | Trade processed: venue=OKX trade_id=T00239 trader=TRADER_B symbol=XRPUSDT side=SELL qty=500 price=0.62041 fee=0.14093517 USDT fee_usdt=0.14093517 | position 2000 -> 1500 realized_pnl 118.7596599999999999999999996 -> 118.0296599999999999999999996
2026-08-15 13:42:24 | INFO     | pnl_engine | Trade processed: venue=OKX trade_id=T00186 trader=TRADER_C symbol=XRPUSDT side=BUY qty=1250 price=0.61944 fee=0.38352882 USDT fee_usdt=0.38352882 | position -250 -> 1000 realized_pnl -59.56046500 -> -59.24546500
2026-08-15 13:42:24 | INFO     | pnl_engine | Trade processed: venue=BYBIT trade_id=T00472 trader=TRADER_B symbol=SOLUSDT side=SELL qty=10 price=156.45 fee=0.38091683 USDT fee_usdt=0.38091683 | position 5 -> -5 realized_pnl -2.3915170000000000000000005 -> -2.2365170000000000000000005
2026-08-15 13:42:24 | INFO     | pnl_engine | Trade processed: venue=BYBIT trade_id=T00555 trader=TRADER_B symbol=ETHUSDT side=BUY qty=0.5 price=3196.53 fee=0.48190820 USDT fee_usdt=0.48190820 | position -9.00 -> -8.50 realized_pnl -66.32845914398325358851674275 -> -62.97475101001196172248803425
2026-08-15 13:42:24 | INFO     | pnl_engine | Trade processed: venue=BYBIT trade_id=T00241 trader=TRADER_A symbol=SOLUSDT side=BUY qty=30 price=156.589 fee=2.19375887 USDT fee_usdt=2.19375887 | position -75 -> -45 realized_pnl 52.8267663999999999999999970 -> 45.4527663999999999999999970
2026-08-15 13:42:24 | INFO     | pnl_engine | Trade processed: venue=OKX trade_id=T00271 trader=TRADER_B symbol=XRPUSDT side=SELL qty=2250 price=0.62137 fee=0.29239701 USDT fee_usdt=0.29239701 | position 1500 -> -750 realized_pnl 118.0296599999999999999999996 -> 117.2796599999999999999999996
2026-08-15 13:42:24 | INFO     | pnl_engine | Trade processed: venue=OKX trade_id=T00033 trader=TRADER_C symbol=SOLUSDT side=BUY qty=10 price=156.675 fee=0.61914217 USDT fee_usdt=0.61914217 | position -15 -> -5 realized_pnl 171.1676660000000000000000040 -> 168.3809993333333333333333370
2026-08-15 13:42:24 | INFO     | pnl_engine | Trade processed: venue=BYBIT trade_id=T00284 trader=TRADER_D symbol=XRPUSDT side=BUY qty=750 price=0.62061 fee=0.00022931 BNB fee_usdt=0.1815653649 | position -250 -> 500 realized_pnl -17.90800000 -> -17.68800000
2026-08-15 13:42:24 | INFO     | pnl_engine | Trade processed: venue=OKX trade_id=T00573 trader=TRADER_B symbol=XRPUSDT side=SELL qty=500 price=0.62165 fee=0.12402157 USDT fee_usdt=0.12402157 | position -750 -> -1250 realized_pnl 117.2796599999999999999999996 -> 117.2796599999999999999999996
2026-08-15 13:42:24 | INFO     | pnl_engine | Trade processed: venue=BINANCE trade_id=T00613 trader=TRADER_A symbol=BTCUSDT side=SELL qty=0.0625 price=62635.69 fee=0.00125130 BNB fee_usdt=0.9907668270 | position 0.375 -> 0.3125 realized_pnl 488.5754394025000000000000188 -> 512.0291894025000000000000188
2026-08-15 13:42:24 | INFO     | pnl_engine | Trade processed: venue=BYBIT trade_id=T00492 trader=TRADER_B symbol=SOLUSDT side=SELL qty=5 price=156.505 fee=0.00041008 BNB fee_usdt=0.3246972432 | position -5 -> -10 realized_pnl -2.2365170000000000000000005 -> -2.2365170000000000000000005
2026-08-15 13:42:24 | INFO     | pnl_engine | Trade processed: venue=BYBIT trade_id=T00331 trader=TRADER_B symbol=ETHUSDT side=SELL qty=0.25 price=3194.65 fee=0.20899096 USDT fee_usdt=0.20899096 | position -8.50 -> -8.75 realized_pnl -62.97475101001196172248803425 -> -62.97475101001196172248803425
2026-08-15 13:42:24 | INFO     | pnl_engine | Trade processed: venue=BINANCE trade_id=T00335 trader=TRADER_C symbol=SOLUSDT side=BUY qty=30 price=156.535 fee=1.36565376 USDT fee_usdt=1.36565376 | position -35 -> -5 realized_pnl -79.0081889411764705882352880 -> -91.5676007058823529411764650
2026-08-15 13:42:24 | INFO     | pnl_engine | Trade processed: venue=OKX trade_id=T00040 trader=TRADER_C symbol=BTCUSDT side=BUY qty=0.125 price=62629.52 fee=3.44853013 USDT fee_usdt=3.44853013 | position 0 -> 0.125 realized_pnl 839.5694961312499999999999950 -> 839.5694961312499999999999950
2026-08-15 13:42:24 | INFO     | pnl_engine | Trade processed: venue=BYBIT trade_id=T00088 trader=TRADER_A symbol=SOLUSDT side=BUY qty=15 price=156.488 fee=1.04926921 USDT fee_usdt=1.04926921 | position -45 -> -30 realized_pnl 45.4527663999999999999999970 -> 43.2807663999999999999999970
2026-08-15 13:42:24 | INFO     | pnl_engine | Trade processed: venue=OKX trade_id=T00485 trader=TRADER_C symbol=SOLUSDT side=BUY qty=10 price=156.396 fee=0.71984472 USDT fee_usdt=0.71984472 | position -5 -> 5 realized_pnl 168.3809993333333333333333370 -> 168.3826660000000000000000035
2026-08-15 13:42:24 | INFO     | pnl_engine | Trade processed: venue=BYBIT trade_id=T00489 trader=TRADER_B symbol=ETHUSDT side=SELL qty=1.5 price=3181.16 fee=1.54919725 USDT fee_usdt=1.54919725 | position -8.75 -> -10.25 realized_pnl -62.97475101001196172248803425 -> -62.97475101001196172248803425
2026-08-15 13:42:24 | INFO     | pnl_engine | Trade processed: venue=BINANCE trade_id=T00638 trader=TRADER_A symbol=ETHUSDT side=SELL qty=0.25 price=3187.06 fee=0.31103299 USDT fee_usdt=0.31103299 | position 0 -> -0.25 realized_pnl 13.30748017250000000000000000 -> 13.30748017250000000000000000
2026-08-15 13:42:24 | INFO     | pnl_engine | Trade processed: venue=BINANCE trade_id=T00352 trader=TRADER_D symbol=ETHUSDT side=SELL qty=1.5 price=3180.61 fee=2.37730153 USDT fee_usdt=2.37730153 | position -2.0 -> -3.5 realized_pnl 22.8387253000 -> 22.8387253000
2026-08-15 13:42:24 | INFO     | pnl_engine | Trade processed: venue=OKX trade_id=T00612 trader=TRADER_B symbol=ETHUSDT side=SELL qty=0.5 price=3182.13 fee=0.60224664 USDT fee_usdt=0.60224664 | position -1.5 -> -2.0 realized_pnl -21.2575 -> -21.2575
2026-08-15 13:42:24 | INFO     | pnl_engine | Trade processed: venue=BYBIT trade_id=T00410 trader=TRADER_D symbol=XRPUSDT side=BUY qty=250 price=0.62317 fee=0.04580724 USDT fee_usdt=0.04580724 | position 500 -> 750 realized_pnl -17.68800000 -> -17.68800000
2026-08-15 13:42:24 | INFO     | pnl_engine | Trade processed: venue=BYBIT trade_id=T00736 trader=TRADER_A symbol=SOLUSDT side=SELL qty=40 price=156.718 fee=3.10842641 USDT fee_usdt=3.10842641 | position -30 -> -70 realized_pnl 43.2807663999999999999999970 -> 43.2807663999999999999999970
2026-08-15 13:42:24 | INFO     | pnl_engine | Trade processed: venue=BYBIT trade_id=T00008 trader=TRADER_B symbol=ETHUSDT side=BUY qty=1 price=3181.63 fee=1.48934411 USDT fee_usdt=1.48934411 | position -10.25 -> -9.25 realized_pnl -62.97475101001196172248803425 -> -44.80762532440103862761115225
2026-08-15 13:42:24 | INFO     | pnl_engine | Trade processed: venue=BINANCE trade_id=T00221 trader=TRADER_C symbol=SOLUSDT side=BUY qty=40 price=156.682 fee=2.78478613 USDT fee_usdt=2.78478613 | position -5 -> 35 realized_pnl -91.5676007058823529411764650 -> -94.3958359999999999999999945
2026-08-15 13:42:24 | INFO     | pnl_engine | Trade processed: venue=OKX trade_id=T00460 trader=TRADER_C symbol=XRPUSDT side=SELL qty=1000 price=0.62335 fee=0.20743666 USDT fee_usdt=0.20743666 | position 1000 -> 0 realized_pnl -59.24546500 -> -55.33546500
2026-08-15 13:42:24 | INFO     | pnl_engine | Trade processed: venue=BYBIT trade_id=T00315 trader=TRADER_B symbol=ETHUSDT side=BUY qty=0.5 price=3186.06 fee=0.60801098 USDT fee_usdt=0.60801098 | position -9.25 -> -8.75 realized_pnl -44.80762532440103862761115225 -> -37.93906248159557708017271125
2026-08-15 13:42:24 | INFO     | pnl_engine | Trade processed: venue=BINANCE trade_id=T00650 trader=TRADER_A symbol=BTCUSDT side=BUY qty=0.375 price=62429.91 fee=7.03797031 USDT fee_usdt=7.03797031 | position 0.3125 -> 0.6875 realized_pnl 512.0291894025000000000000188 -> 512.0291894025000000000000188
2026-08-15 13:42:24 | INFO     | pnl_engine | Trade processed: venue=BINANCE trade_id=T00032 trader=TRADER_C symbol=SOLUSDT side=BUY qty=30 price=156.695 fee=1.25515719 USDT fee_usdt=1.25515719 | position 35 -> 65 realized_pnl -94.3958359999999999999999945 -> -94.3958359999999999999999945
2026-08-15 13:42:24 | INFO     | pnl_engine | Trade processed: venue=BYBIT trade_id=T00625 trader=TRADER_A symbol=BTCUSDT side=SELL qty=0.5 price=62431.62 fee=8.13292658 USDT fee_usdt=8.13292658 | position 0.7500 -> 0.2500 realized_pnl -233.3808088235294117647058857 -> -177.5811029411764705882352957
2026-08-15 13:42:24 | INFO     | pnl_engine | Trade processed: venue=OKX trade_id=T00101 trader=TRADER_B symbol=XRPUSDT side=BUY qty=500 price=0.62335 fee=0.12106052 USDT fee_usdt=0.12106052 | position -1250 -> -750 realized_pnl 117.2796599999999999999999996 -> 116.3456599999999999999999996
2026-08-15 13:42:24 | INFO     | pnl_engine | Trade processed: venue=BYBIT trade_id=T00349 trader=TRADER_A symbol=SOLUSDT side=BUY qty=10 price=156.485 fee=0.71953071 USDT fee_usdt=0.71953071 | position -70 -> -60 realized_pnl 43.2807663999999999999999970 -> 44.0044806857142857142857110
2026-08-15 13:42:24 | INFO     | pnl_engine | Trade processed: venue=BYBIT trade_id=T00433 trader=TRADER_A symbol=BTCUSDT side=BUY qty=0.125 price=62590.48 fee=2.44956248 USDT fee_usdt=2.44956248 | position 0.2500 -> 0.3750 realized_pnl -177.5811029411764705882352957 -> -177.5811029411764705882352957
2026-08-15 13:42:24 | INFO     | pnl_engine | Trade processed: venue=OKX trade_id=T00528 trader=TRADER_C symbol=SOLUSDT side=BUY qty=15 price=156.281 fee=0.53609293 USDT fee_usdt=0.53609293 | position 5 -> 20 realized_pnl 168.3826660000000000000000035 -> 168.3826660000000000000000035
2026-08-15 13:42:24 | INFO     | pnl_engine | Trade processed: venue=BYBIT trade_id=T00440 trader=TRADER_A symbol=SOLUSDT side=BUY qty=110 price=156.175 fee=4.69864048 USDT fee_usdt=4.69864048 | position -60 -> 50 realized_pnl 44.0044806857142857142857110 -> 66.9467663999999999999999950
2026-08-15 13:42:24 | INFO     | pnl_engine | Trade processed: venue=OKX trade_id=T00374 trader=TRADER_B symbol=XRPUSDT side=BUY qty=250 price=0.62466 fee=0.07330677 USDT fee_usdt=0.07330677 | position -750 -> -500 realized_pnl 116.3456599999999999999999996 -> 115.5511599999999999999999996
2026-08-15 13:42:24 | INFO     | pnl_engine | Trade processed: venue=BINANCE trade_id=T00297 trader=TRADER_A symbol=ETHUSDT side=SELL qty=0.25 price=3175.61 fee=0.18824151 USDT fee_usdt=0.18824151 | position -0.25 -> -0.50 realized_pnl 13.30748017250000000000000000 -> 13.30748017250000000000000000
2026-08-15 13:42:24 | INFO     | pnl_engine | Trade processed: venue=BYBIT trade_id=T00027 trader=TRADER_B symbol=ETHUSDT side=BUY qty=0.25 price=3177.8 fee=0.27175241 USDT fee_usdt=0.27175241 | position -8.75 -> -8.50 realized_pnl -37.93906248159557708017271125 -> -32.43978106019284630645349075
2026-08-15 13:42:24 | INFO     | pnl_engine | Trade processed: venue=OKX trade_id=T00636 trader=TRADER_C symbol=XRPUSDT side=SELL qty=250 price=0.62454 fee=0.03193182 USDT fee_usdt=0.03193182 | position 0 -> -250 realized_pnl -55.33546500 -> -55.33546500
2026-08-15 13:42:24 | INFO     | pnl_engine | Trade processed: venue=BINANCE trade_id=T00333 trader=TRADER_D symbol=ETHUSDT side=BUY qty=1 price=3175.96 fee=0.93612220 USDT fee_usdt=0.93612220 | position -3.5 -> -2.5 realized_pnl 22.8387253000 -> 38.1527253000
2026-08-15 13:42:24 | INFO     | pnl_engine | Trade processed: venue=OKX trade_id=T00056 trader=TRADER_C symbol=BTCUSDT side=BUY qty=0.5 price=62450.41 fee=0.00889613 BNB fee_usdt=7.0632603361 | position 0.125 -> 0.625 realized_pnl 839.5694961312499999999999950 -> 839.5694961312499999999999950
2026-08-15 13:42:24 | INFO     | pnl_engine | Trade processed: venue=BYBIT trade_id=T00556 trader=TRADER_B symbol=ETHUSDT side=SELL qty=0.75 price=3174.01 fee=1.02204246 USDT fee_usdt=1.02204246 | position -8.50 -> -9.25 realized_pnl -32.43978106019284630645349075 -> -32.43978106019284630645349075
2026-08-15 13:42:24 | INFO     | pnl_engine | Trade processed: venue=OKX trade_id=T00656 trader=TRADER_C symbol=XRPUSDT side=BUY qty=500 price=0.62429 fee=0.14690698 USDT fee_usdt=0.14690698 | position -250 -> 250 realized_pnl -55.33546500 -> -55.27296500
2026-08-15 13:42:24 | INFO     | pnl_engine | Trade processed: venue=OKX trade_id=T00151 trader=TRADER_C symbol=SOLUSDT side=SELL qty=10 price=156.147 fee=0.38252692 USDT fee_usdt=0.38252692 | position 20 -> 10 realized_pnl 168.3826660000000000000000035 -> 166.7551660000000000000000035
2026-08-15 13:42:24 | INFO     | pnl_engine | Trade processed: venue=BINANCE trade_id=T00385 trader=TRADER_D symbol=ETHUSDT side=SELL qty=0.5 price=3179.43 fee=0.53969903 USDT fee_usdt=0.53969903 | position -2.5 -> -3.0 realized_pnl 38.1527253000 -> 38.1527253000
2026-08-15 13:42:24 | INFO     | pnl_engine | Trade processed: venue=BINANCE trade_id=T00050 trader=TRADER_A symbol=XRPUSDT side=SELL qty=750 price=0.62496 fee=0.16631435 USDT fee_usdt=0.16631435 | position 9750 -> 9000 realized_pnl 105.7488999999999999999999998 -> 110.1081307692307692307692306
2026-08-15 13:42:24 | INFO     | pnl_engine | Trade processed: venue=OKX trade_id=T00529 trader=TRADER_C symbol=BTCUSDT side=BUY qty=0.5 price=62568.3 fee=14.21219998 USDT fee_usdt=14.21219998 | position 0.625 -> 1.125 realized_pnl 839.5694961312499999999999950 -> 839.5694961312499999999999950
2026-08-15 13:42:24 | INFO     | pnl_engine | Trade processed: venue=OKX trade_id=T00595 trader=TRADER_C symbol=SOLUSDT side=BUY qty=20 price=156.184 fee=0.69950138 USDT fee_usdt=0.69950138 | position 10 -> 30 realized_pnl 166.7551660000000000000000035 -> 166.7551660000000000000000035
2026-08-15 13:42:24 | INFO     | pnl_engine | Trade processed: venue=BYBIT trade_id=T00283 trader=TRADER_A symbol=BTCUSDT side=BUY qty=0.375 price=62730.95 fee=6.85774213 USDT fee_usdt=6.85774213 | position 0.3750 -> 0.7500 realized_pnl -177.5811029411764705882352957 -> -177.5811029411764705882352957
2026-08-15 13:42:24 | INFO     | pnl_engine | Trade processed: venue=BYBIT trade_id=T00054 trader=TRADER_B symbol=ETHUSDT side=SELL qty=0.25 price=3175.57 fee=0.31715540 USDT fee_usdt=0.31715540 | position -9.25 -> -9.50 realized_pnl -32.43978106019284630645349075 -> -32.43978106019284630645349075
2026-08-15 13:42:24 | INFO     | pnl_engine | Trade processed: venue=BYBIT trade_id=T00053 trader=TRADER_A symbol=BTCUSDT side=SELL qty=0.5 price=62698.03 fee=13.51752764 USDT fee_usdt=13.51752764 | position 0.7500 -> 0.2500 realized_pnl -177.5811029411764705882352957 -> -113.8470343137254901960784307
2026-08-15 13:42:24 | INFO     | pnl_engine | Trade processed: venue=OKX trade_id=T00195 trader=TRADER_C symbol=BTCUSDT side=BUY qty=0.125 price=62725.97 fee=2.07401399 USDT fee_usdt=2.07401399 | position 1.125 -> 1.250 realized_pnl 839.5694961312499999999999950 -> 839.5694961312499999999999950
2026-08-15 13:42:24 | INFO     | pnl_engine | Trade processed: venue=BINANCE trade_id=T00232 trader=TRADER_D symbol=XRPUSDT side=SELL qty=1000 price=0.6263 fee=0.15924666 USDT fee_usdt=0.15924666 | position -1250 -> -2250 realized_pnl -1.6700000000000000000000000 -> -1.6700000000000000000000000
2026-08-15 13:42:24 | INFO     | pnl_engine | Trade processed: venue=BYBIT trade_id=T00632 trader=TRADER_A symbol=SOLUSDT side=BUY qty=5 price=156.257 fee=0.31378138 USDT fee_usdt=0.31378138 | position 50 -> 55 realized_pnl 66.9467663999999999999999950 -> 66.9467663999999999999999950
2026-08-15 13:42:24 | INFO     | pnl_engine | Trade processed: venue=BYBIT trade_id=T00691 trader=TRADER_D symbol=XRPUSDT side=SELL qty=1500 price=0.62604 fee=0.21191881 USDT fee_usdt=0.21191881 | position 750 -> -750 realized_pnl -17.68800000 -> -14.25549999999999999999999998
2026-08-15 13:42:24 | INFO     | pnl_engine | Trade processed: venue=BINANCE trade_id=T00073 trader=TRADER_A symbol=BTCUSDT side=BUY qty=0.5 price=62716.81 fee=10.51192747 USDT fee_usdt=10.51192747 | position 0.6875 -> 1.1875 realized_pnl 512.0291894025000000000000188 -> 512.0291894025000000000000188
2026-08-15 13:42:24 | INFO     | pnl_engine | Trade processed: venue=BINANCE trade_id=T00457 trader=TRADER_A symbol=XRPUSDT side=BUY qty=250 price=0.62636 fee=0.05999685 USDT fee_usdt=0.05999685 | position 9000 -> 9250 realized_pnl 110.1081307692307692307692306 -> 110.1081307692307692307692306
2026-08-15 13:42:24 | INFO     | pnl_engine | Trade processed: venue=BINANCE trade_id=T00230 trader=TRADER_D symbol=ETHUSDT side=SELL qty=1.5 price=3178.3 fee=2.33842651 USDT fee_usdt=2.33842651 | position -3.0 -> -4.5 realized_pnl 38.1527253000 -> 38.1527253000
2026-08-15 13:42:24 | INFO     | pnl_engine | Trade processed: venue=BINANCE trade_id=T00210 trader=TRADER_C symbol=SOLUSDT side=BUY qty=5 price=156.599 fee=0.27691813 USDT fee_usdt=0.27691813 | position 65 -> 70 realized_pnl -94.3958359999999999999999945 -> -94.3958359999999999999999945
2026-08-15 13:42:24 | INFO     | pnl_engine | Trade processed: venue=BYBIT trade_id=T00576 trader=TRADER_B symbol=ETHUSDT side=SELL qty=1 price=3175.09 fee=0.80358344 USDT fee_usdt=0.80358344 | position -9.50 -> -10.50 realized_pnl -32.43978106019284630645349075 -> -32.43978106019284630645349075
2026-08-15 13:42:24 | INFO     | pnl_engine | Trade processed: venue=OKX trade_id=T00531 trader=TRADER_B symbol=XRPUSDT side=BUY qty=500 price=0.62628 fee=0.00008580 BNB fee_usdt=0.0683379840 | position -500 -> 0 realized_pnl 115.5511599999999999999999996 -> 113.1521599999999999999999996
2026-08-15 13:42:24 | INFO     | pnl_engine | Trade processed: venue=BINANCE trade_id=T00451 trader=TRADER_D symbol=ETHUSDT side=BUY qty=0.5 price=3175.72 fee=0.45484045 USDT fee_usdt=0.45484045 | position -4.5 -> -4.0 realized_pnl 38.1527253000 -> 43.1093919666666666666666665
2026-08-15 13:42:24 | INFO     | pnl_engine | Trade processed: venue=OKX trade_id=T00155 trader=TRADER_C symbol=SOLUSDT side=SELL qty=30 price=156.515 fee=1.21834846 USDT fee_usdt=1.21834846 | position 30 -> 0 realized_pnl 166.7551660000000000000000035 -> 175.4276660000000000000000025
2026-08-15 13:42:24 | INFO     | pnl_engine | Trade processed: venue=BINANCE trade_id=T00435 trader=TRADER_C symbol=SOLUSDT side=BUY qty=10 price=156.285 fee=0.58671302 USDT fee_usdt=0.58671302 | position 70 -> 80 realized_pnl -94.3958359999999999999999945 -> -94.3958359999999999999999945
2026-08-15 13:42:24 | INFO     | pnl_engine | Trade processed: venue=OKX trade_id=T00733 trader=TRADER_C symbol=SOLUSDT side=SELL qty=10 price=156.09 fee=0.54896222 USDT fee_usdt=0.54896222 | position 0 -> -10 realized_pnl 175.4276660000000000000000025 -> 175.4276660000000000000000025
2026-08-15 13:42:24 | INFO     | pnl_engine | Trade processed: venue=BYBIT trade_id=T00411 trader=TRADER_B symbol=ETHUSDT side=BUY qty=21.25 price=3179.9 fee=33.25018318 USDT fee_usdt=33.25018318 | position -10.50 -> 10.75 realized_pnl -32.43978106019284630645349075 -> 126.3757872675000000000000092
2026-08-15 13:42:24 | INFO     | pnl_engine | Trade processed: venue=OKX trade_id=T00154 trader=TRADER_C symbol=BTCUSDT side=SELL qty=2.375 price=62559.99 fee=32.13834082 USDT fee_usdt=32.13834082 | position 1.250 -> -1.125 realized_pnl 839.5694961312499999999999950 -> 860.7657461312499999999999950
2026-08-15 13:42:24 | INFO     | pnl_engine | Trade processed: venue=BINANCE trade_id=T00069 trader=TRADER_A symbol=ETHUSDT side=SELL qty=0.25 price=3178.9 fee=0.00035866 BNB fee_usdt=0.2860564562 | position -0.50 -> -0.75 realized_pnl 13.30748017250000000000000000 -> 13.30748017250000000000000000
2026-08-15 13:42:24 | INFO     | pnl_engine | Trade processed: venue=BINANCE trade_id=T00682 trader=TRADER_A symbol=ETHUSDT side=SELL qty=0.75 price=3179.59 fee=0.78714675 USDT fee_usdt=0.78714675 | position -0.75 -> -1.50 realized_pnl 13.30748017250000000000000000 -> 13.30748017250000000000000000
2026-08-15 13:42:24 | INFO     | pnl_engine | Trade processed: venue=BYBIT trade_id=T00217 trader=TRADER_A symbol=BTCUSDT side=SELL qty=0.4375 price=62604.14 fee=10.90840565 USDT fee_usdt=10.90840565 | position 0.2500 -> -0.1875 realized_pnl -113.8470343137254901960784307 -> -105.4524999999999999999999982
2026-08-15 13:42:24 | INFO     | pnl_engine | Trade processed: venue=BINANCE trade_id=T00651 trader=TRADER_D symbol=XRPUSDT side=SELL qty=1500 price=0.62678 fee=0.41103780 USDT fee_usdt=0.41103780 | position -2250 -> -3750 realized_pnl -1.6700000000000000000000000 -> -1.6700000000000000000000000
2026-08-15 13:42:24 | INFO     | pnl_engine | Trade processed: venue=BYBIT trade_id=T00596 trader=TRADER_A symbol=SOLUSDT side=SELL qty=110 price=156.21 fee=0.00619138 BNB fee_usdt=4.9380589466 | position 55 -> -55 realized_pnl 66.9467663999999999999999950 -> 68.4617663999999999999999975
2026-08-15 13:42:24 | INFO     | pnl_engine | Trade processed: venue=BINANCE trade_id=T00673 trader=TRADER_A symbol=BTCUSDT side=SELL qty=1.1875 price=62533.7 fee=20.37090571 USDT fee_usdt=20.37090571 | position 1.1875 -> 0 realized_pnl 512.0291894025000000000000188 -> 544.7923144025000000000000188
2026-08-15 13:42:24 | INFO     | pnl_engine | Trade processed: venue=OKX trade_id=T00585 trader=TRADER_C symbol=BTCUSDT side=BUY qty=2.1875 price=62540.82 fee=46.04933359 USDT fee_usdt=46.04933359 | position -1.125 -> 1.0625 realized_pnl 860.7657461312499999999999950 -> 882.3319961312499999999999950
2026-08-15 13:42:24 | INFO     | pnl_engine | Trade processed: venue=OKX trade_id=T00490 trader=TRADER_C symbol=SOLUSDT side=SELL qty=10 price=156.361 fee=0.68621658 USDT fee_usdt=0.68621658 | position -10 -> -20 realized_pnl 175.4276660000000000000000025 -> 175.4276660000000000000000025
2026-08-15 13:42:24 | INFO     | pnl_engine | Trade processed: venue=OKX trade_id=T00702 trader=TRADER_C symbol=SOLUSDT side=SELL qty=10 price=155.661 fee=0.32016865 USDT fee_usdt=0.32016865 | position -20 -> -30 realized_pnl 175.4276660000000000000000025 -> 175.4276660000000000000000025
2026-08-15 13:42:24 | INFO     | pnl_engine | Trade processed: venue=BINANCE trade_id=T00497 trader=TRADER_C symbol=SOLUSDT side=BUY qty=40 price=155.727 fee=1.98644633 USDT fee_usdt=1.98644633 | position 80 -> 120 realized_pnl -94.3958359999999999999999945 -> -94.3958359999999999999999945
2026-08-15 13:42:24 | INFO     | pnl_engine | Trade processed: venue=BYBIT trade_id=T00104 trader=TRADER_A symbol=BTCUSDT side=SELL qty=0.0625 price=62764.77 fee=1.38679326 USDT fee_usdt=1.38679326 | position -0.1875 -> -0.2500 realized_pnl -105.4524999999999999999999982 -> -105.4524999999999999999999982
2026-08-15 13:42:24 | INFO     | pnl_engine | Trade processed: venue=BINANCE trade_id=T00704 trader=TRADER_A symbol=ETHUSDT side=SELL qty=0.5 price=3179.18 fee=0.00052590 BNB fee_usdt=0.4187005440 | position -1.50 -> -2.00 realized_pnl 13.30748017250000000000000000 -> 13.30748017250000000000000000
2026-08-15 13:42:24 | INFO     | pnl_engine | Trade processed: venue=BINANCE trade_id=T00213 trader=TRADER_D symbol=ETHUSDT side=BUY qty=1 price=3177.6 fee=1.02433432 USDT fee_usdt=1.02433432 | position -4.0 -> -3.0 realized_pnl 43.1093919666666666666666665 -> 51.1427252999999999999999995
2026-08-15 13:42:24 | INFO     | pnl_engine | Trade processed: venue=BINANCE trade_id=T00743 trader=TRADER_A symbol=ETHUSDT side=BUY qty=3.25 price=3177.67 fee=4.28087869 USDT fee_usdt=4.28087869 | position -2.00 -> 1.25 realized_pnl 13.30748017250000000000000000 -> 17.64248017250000000000000000
2026-08-15 13:42:24 | INFO     | pnl_engine | Trade processed: venue=BYBIT trade_id=T00068 trader=TRADER_B symbol=SOLUSDT side=SELL qty=20 price=155.83 fee=0.65377935 USDT fee_usdt=0.65377935 | position -10 -> -30 realized_pnl -2.2365170000000000000000005 -> -2.2365170000000000000000005
2026-08-15 13:42:24 | INFO     | pnl_engine | Trade processed: venue=BINANCE trade_id=T00170 trader=TRADER_A symbol=ETHUSDT side=SELL qty=0.5 price=3175.93 fee=0.00060154 BNB fee_usdt=0.4789220864 | position 1.25 -> 0.75 realized_pnl 17.64248017250000000000000000 -> 16.77248017250000000000000000
2026-08-15 13:42:24 | INFO     | pnl_engine | Trade processed: venue=BINANCE trade_id=T00326 trader=TRADER_A symbol=ETHUSDT side=BUY qty=0.25 price=3179.21 fee=0.34213362 USDT fee_usdt=0.34213362 | position 0.75 -> 1.00 realized_pnl 16.77248017250000000000000000 -> 16.77248017250000000000000000
2026-08-15 13:42:24 | INFO     | pnl_engine | Trade processed: venue=BYBIT trade_id=T00559 trader=TRADER_B symbol=ETHUSDT side=BUY qty=1.25 price=3178.98 fee=1.39403963 USDT fee_usdt=1.39403963 | position 10.75 -> 12.00 realized_pnl 126.3757872675000000000000092 -> 126.3757872675000000000000092
2026-08-15 13:42:24 | INFO     | pnl_engine | Trade processed: venue=BINANCE trade_id=T00491 trader=TRADER_A symbol=XRPUSDT side=SELL qty=9250 price=0.6289 fee=2.21757092 USDT fee_usdt=2.21757092 | position 9250 -> 0 realized_pnl 110.1081307692307692307692306 -> 198.5138999999999999999999993
2026-08-15 13:42:24 | INFO     | pnl_engine | Trade processed: venue=BYBIT trade_id=T00417 trader=TRADER_D symbol=XRPUSDT side=BUY qty=2000 price=0.62841 fee=0.43919180 USDT fee_usdt=0.43919180 | position -750 -> 1250 realized_pnl -14.25549999999999999999999998 -> -16.03299999999999999999999998
2026-08-15 13:42:24 | INFO     | pnl_engine | Trade processed: venue=BINANCE trade_id=T00696 trader=TRADER_A symbol=BTCUSDT side=BUY qty=0.5 price=62631.05 fee=7.18367186 USDT fee_usdt=7.18367186 | position 0 -> 0.5 realized_pnl 544.7923144025000000000000188 -> 544.7923144025000000000000188
2026-08-15 13:42:24 | INFO     | pnl_engine | Trade processed: venue=BYBIT trade_id=T00649 trader=TRADER_D symbol=XRPUSDT side=SELL qty=750 price=0.62932 fee=0.23477607 USDT fee_usdt=0.23477607 | position 1250 -> 500 realized_pnl -16.03299999999999999999999998 -> -15.35049999999999999999999998
2026-08-15 13:42:24 | INFO     | pnl_engine | Trade processed: venue=BYBIT trade_id=T00329 trader=TRADER_A symbol=BTCUSDT side=BUY qty=0.5 price=62620.07 fee=11.42818051 USDT fee_usdt=11.42818051 | position -0.2500 -> 0.2500 realized_pnl -105.4524999999999999999999982 -> -99.3956249999999999999999982
2026-08-15 13:42:24 | INFO     | pnl_engine | Trade processed: venue=BYBIT trade_id=T00229 trader=TRADER_A symbol=BTCUSDT side=SELL qty=0.0625 price=62495.83 fee=0.00243135 BNB fee_usdt=1.941919245 | position 0.2500 -> 0.1875 realized_pnl -99.3956249999999999999999982 -> -107.1606249999999999999999982
2026-08-15 13:42:24 | INFO     | pnl_engine | Trade processed: venue=OKX trade_id=T00200 trader=TRADER_B symbol=ETHUSDT side=SELL qty=0.75 price=3171.65 fee=0.53969894 USDT fee_usdt=0.53969894 | position -2.0 -> -2.75 realized_pnl -21.2575 -> -21.2575
2026-08-15 13:42:24 | INFO     | pnl_engine | Trade processed: venue=OKX trade_id=T00193 trader=TRADER_B symbol=XRPUSDT side=SELL qty=2000 price=0.62987 fee=0.58325412 USDT fee_usdt=0.58325412 | position 0 -> -2000 realized_pnl 113.1521599999999999999999996 -> 113.1521599999999999999999996
2026-08-15 13:42:24 | INFO     | pnl_engine | Trade processed: venue=BINANCE trade_id=T00345 trader=TRADER_D symbol=ETHUSDT side=BUY qty=6 price=3170.99 fee=5.81504632 USDT fee_usdt=5.81504632 | position -3.0 -> 3.0 realized_pnl 51.1427252999999999999999995 -> 95.0727252999999999999999985
2026-08-15 13:42:24 | INFO     | pnl_engine | Trade processed: venue=BYBIT trade_id=T00207 trader=TRADER_A symbol=BTCUSDT side=SELL qty=0.1875 price=62622.91 fee=5.52729409 USDT fee_usdt=5.52729409 | position 0.1875 -> 0 realized_pnl -107.1606249999999999999999982 -> -106.6281249999999999999999982
2026-08-15 13:42:24 | INFO     | pnl_engine | Trade processed: venue=BYBIT trade_id=T00168 trader=TRADER_D symbol=XRPUSDT side=BUY qty=1500 price=0.6293 fee=0.25459378 USDT fee_usdt=0.25459378 | position 500 -> 2000 realized_pnl -15.35049999999999999999999998 -> -15.35049999999999999999999998
2026-08-15 13:42:24 | INFO     | pnl_engine | Trade processed: venue=BYBIT trade_id=T00291 trader=TRADER_D symbol=XRPUSDT side=SELL qty=1500 price=0.62941 fee=0.31674811 USDT fee_usdt=0.31674811 | position 2000 -> 500 realized_pnl -15.35049999999999999999999998 -> -14.85174999999999999999999998
2026-08-15 13:42:24 | INFO     | pnl_engine | Trade processed: venue=BYBIT trade_id=T00436 trader=TRADER_D symbol=XRPUSDT side=SELL qty=1500 price=0.63049 fee=0.00034451 BNB fee_usdt=0.275160137 | position 500 -> -1000 realized_pnl -14.85174999999999999999999998 -> -14.14549999999999999999999998
2026-08-15 13:42:24 | INFO     | pnl_engine | Trade processed: venue=BINANCE trade_id=T00202 trader=TRADER_D symbol=XRPUSDT side=SELL qty=500 price=0.63044 fee=0.07798692 USDT fee_usdt=0.07798692 | position -3750 -> -4250 realized_pnl -1.6700000000000000000000000 -> -1.6700000000000000000000000
2026-08-15 13:42:24 | INFO     | pnl_engine | Trade processed: venue=OKX trade_id=T00603 trader=TRADER_C symbol=BTCUSDT side=SELL qty=0.3125 price=62557.54 fee=5.01458469 USDT fee_usdt=5.01458469 | position 1.0625 -> 0.7500 realized_pnl 882.3319961312499999999999950 -> 887.5569961312499999999999950
2026-08-15 13:42:24 | INFO     | pnl_engine | Trade processed: venue=BINANCE trade_id=T00371 trader=TRADER_D symbol=XRPUSDT side=BUY qty=1500 price=0.62969 fee=0.23035487 USDT fee_usdt=0.23035487 | position -4250 -> -2750 realized_pnl -1.6700000000000000000000000 -> -8.333529411764705882352941150
2026-08-15 13:42:24 | INFO     | pnl_engine | Trade processed: venue=OKX trade_id=T00025 trader=TRADER_C symbol=BTCUSDT side=BUY qty=0.1875 price=62587.89 fee=3.83984119 USDT fee_usdt=3.83984119 | position 0.7500 -> 0.9375 realized_pnl 887.5569961312499999999999950 -> 887.5569961312499999999999950
2026-08-15 13:42:24 | INFO     | pnl_engine | Trade processed: venue=BINANCE trade_id=T00608 trader=TRADER_C symbol=SOLUSDT side=SELL qty=250 price=155.538 fee=11.15435594 USDT fee_usdt=11.15435594 | position 120 -> -130 realized_pnl -94.3958359999999999999999945 -> -189.4808359999999999999999945
2026-08-15 13:42:24 | INFO     | pnl_engine | Trade processed: venue=BYBIT trade_id=T00481 trader=TRADER_D symbol=XRPUSDT side=SELL qty=750 price=0.63038 fee=0.00028744 BNB fee_usdt=0.229578328 | position -1000 -> -1750 realized_pnl -14.14549999999999999999999998 -> -14.14549999999999999999999998
2026-08-15 13:42:24 | INFO     | pnl_engine | Trade processed: venue=BYBIT trade_id=T00011 trader=TRADER_D symbol=XRPUSDT side=SELL qty=750 price=0.62949 fee=0.16053300 USDT fee_usdt=0.16053300 | position -1750 -> -2500 realized_pnl -14.14549999999999999999999998 -> -14.14549999999999999999999998
2026-08-15 13:42:24 | INFO     | pnl_engine | Trade processed: venue=OKX trade_id=T00657 trader=TRADER_B symbol=XRPUSDT side=BUY qty=4000 price=0.62988 fee=0.92523166 USDT fee_usdt=0.92523166 | position -2000 -> 2000 realized_pnl 113.1521599999999999999999996 -> 113.1321599999999999999999996
2026-08-15 13:42:24 | INFO     | pnl_engine | Trade processed: venue=OKX trade_id=T00148 trader=TRADER_B symbol=ETHUSDT side=BUY qty=5.75 price=3186.21 fee=7.89498919 USDT fee_usdt=7.89498919 | position -2.75 -> 3.00 realized_pnl -21.2575 -> -16.44250000000000000000000025
2026-08-15 13:42:24 | INFO     | pnl_engine | Trade processed: venue=BINANCE trade_id=T00377 trader=TRADER_D symbol=ETHUSDT side=SELL qty=1 price=3186.14 fee=0.77399635 USDT fee_usdt=0.77399635 | position 3.0 -> 2.0 realized_pnl 95.0727252999999999999999985 -> 110.2227252999999999999999985
2026-08-15 13:42:24 | INFO     | pnl_engine | Trade processed: venue=BINANCE trade_id=T00461 trader=TRADER_A symbol=BTCUSDT side=BUY qty=0.375 price=62804.28 fee=10.76773997 USDT fee_usdt=10.76773997 | position 0.5 -> 0.875 realized_pnl 544.7923144025000000000000188 -> 544.7923144025000000000000188
2026-08-15 13:42:24 | INFO     | pnl_engine | Trade processed: venue=BINANCE trade_id=T00159 trader=TRADER_C symbol=SOLUSDT side=SELL qty=10 price=155.384 fee=0.53978861 USDT fee_usdt=0.53978861 | position -130 -> -140 realized_pnl -189.4808359999999999999999945 -> -189.4808359999999999999999945
2026-08-15 13:42:24 | INFO     | pnl_engine | Trade processed: venue=BINANCE trade_id=T00077 trader=TRADER_C symbol=SOLUSDT side=SELL qty=15 price=155.558 fee=0.50773013 USDT fee_usdt=0.50773013 | position -140 -> -155 realized_pnl -189.4808359999999999999999945 -> -189.4808359999999999999999945
2026-08-15 13:42:24 | INFO     | pnl_engine | Trade processed: venue=BYBIT trade_id=T00026 trader=TRADER_B symbol=ETHUSDT side=SELL qty=23.25 price=3184.5 fee=0.04549092 BNB fee_usdt=36.3918261816 | position 12.00 -> -11.25 realized_pnl 126.3757872675000000000000092 -> 182.7257872675000000000000052
2026-08-15 13:42:24 | INFO     | pnl_engine | Trade processed: venue=BYBIT trade_id=T00416 trader=TRADER_A symbol=BTCUSDT side=BUY qty=0.0625 price=62696.91 fee=1.46288230 USDT fee_usdt=1.46288230 | position 0 -> 0.0625 realized_pnl -106.6281249999999999999999982 -> -106.6281249999999999999999982
2026-08-15 13:42:24 | INFO     | pnl_engine | Trade processed: venue=BINANCE trade_id=T00228 trader=TRADER_A symbol=XRPUSDT side=SELL qty=1250 price=0.62742 fee=0.26285720 USDT fee_usdt=0.26285720 | position 0 -> -1250 realized_pnl 198.5138999999999999999999993 -> 198.5138999999999999999999993
2026-08-15 13:42:24 | INFO     | pnl_engine | Trade processed: venue=OKX trade_id=T00245 trader=TRADER_B symbol=XRPUSDT side=SELL qty=2000 price=0.62712 fee=0.44974016 USDT fee_usdt=0.44974016 | position 2000 -> 0 realized_pnl 113.1321599999999999999999996 -> 107.6121599999999999999999996
2026-08-15 13:42:24 | INFO     | pnl_engine | Trade processed: venue=BINANCE trade_id=T00448 trader=TRADER_C symbol=SOLUSDT side=SELL qty=5 price=155.566 fee=0.00023069 BNB fee_usdt=0.1845473862 | position -155 -> -160 realized_pnl -189.4808359999999999999999945 -> -189.4808359999999999999999945
2026-08-15 13:42:24 | INFO     | pnl_engine | Trade processed: venue=OKX trade_id=T00707 trader=TRADER_B symbol=XRPUSDT side=SELL qty=1000 price=0.62798 fee=0.17525937 USDT fee_usdt=0.17525937 | position 0 -> -1000 realized_pnl 107.6121599999999999999999996 -> 107.6121599999999999999999996
2026-08-15 13:42:24 | INFO     | pnl_engine | Trade processed: venue=BINANCE trade_id=T00367 trader=TRADER_D symbol=ETHUSDT side=SELL qty=1 price=3184.29 fee=1.41553789 USDT fee_usdt=1.41553789 | position 2.0 -> 1.0 realized_pnl 110.2227252999999999999999985 -> 123.5227252999999999999999985
2026-08-15 13:42:24 | INFO     | pnl_engine | Trade processed: venue=BYBIT trade_id=T00084 trader=TRADER_B symbol=ETHUSDT side=BUY qty=1.5 price=3184.59 fee=2.29652214 USDT fee_usdt=2.29652214 | position -11.25 -> -9.75 realized_pnl 182.7257872675000000000000052 -> 182.5907872675000000000000052
2026-08-15 13:42:24 | INFO     | pnl_engine | Trade processed: venue=BINANCE trade_id=T00002 trader=TRADER_A symbol=BTCUSDT side=SELL qty=0.3125 price=62822.39 fee=9.19303613 USDT fee_usdt=9.19303613 | position 0.875 -> 0.5625 realized_pnl 544.7923144025000000000000188 -> 581.3856179739285714285714469
2026-08-15 13:42:24 | INFO     | pnl_engine | Trade processed: venue=OKX trade_id=T00694 trader=TRADER_C symbol=BTCUSDT side=BUY qty=0.125 price=62711.12 fee=3.32418299 USDT fee_usdt=3.32418299 | position 0.9375 -> 1.0625 realized_pnl 887.5569961312499999999999950 -> 887.5569961312499999999999950
2026-08-15 13:42:24 | INFO     | pnl_engine | Trade processed: venue=OKX trade_id=T00392 trader=TRADER_C symbol=XRPUSDT side=BUY qty=750 price=0.62764 fee=0.17717791 USDT fee_usdt=0.17717791 | position 250 -> 1000 realized_pnl -55.27296500 -> -55.27296500
2026-08-15 13:42:24 | INFO     | pnl_engine | Trade processed: venue=OKX trade_id=T00334 trader=TRADER_C symbol=SOLUSDT side=BUY qty=30 price=155.451 fee=0.00288479 BNB fee_usdt=2.3077743042 | position -30 -> 0 realized_pnl 175.4276660000000000000000025 -> 193.0176660000000000000000015
2026-08-15 13:42:24 | INFO     | pnl_engine | Trade processed: venue=OKX trade_id=T00282 trader=TRADER_B symbol=ETHUSDT side=SELL qty=0.25 price=3189.56 fee=0.36516117 USDT fee_usdt=0.36516117 | position 3.00 -> 2.75 realized_pnl -16.44250000000000000000000025 -> -15.60500000000000000000000025
2026-08-15 13:42:24 | INFO     | pnl_engine | Trade processed: venue=BYBIT trade_id=T00356 trader=TRADER_A symbol=BTCUSDT side=SELL qty=0.1875 price=62689.71 fee=3.63515860 USDT fee_usdt=3.63515860 | position 0.0625 -> -0.1250 realized_pnl -106.6281249999999999999999982 -> -107.0781249999999999999999982
2026-08-15 13:42:24 | INFO     | pnl_engine | Trade processed: venue=BINANCE trade_id=T00043 trader=TRADER_D symbol=ETHUSDT side=BUY qty=0.75 price=3188.25 fee=0.00100327 BNB fee_usdt=0.8047328997 | position 1.0 -> 1.75 realized_pnl 123.5227252999999999999999985 -> 123.5227252999999999999999985
2026-08-15 13:42:24 | INFO     | pnl_engine | Trade processed: venue=OKX trade_id=T00557 trader=TRADER_B symbol=ETHUSDT side=SELL qty=0.75 price=3190.36 fee=0.56686295 USDT fee_usdt=0.56686295 | position 2.75 -> 2.00 realized_pnl -15.60500000000000000000000025 -> -12.49250000000000000000000025
2026-08-15 13:42:24 | INFO     | pnl_engine | Trade processed: venue=BINANCE trade_id=T00063 trader=TRADER_A symbol=XRPUSDT side=SELL qty=1500 price=0.6253 fee=0.33270347 USDT fee_usdt=0.33270347 | position -1250 -> -2750 realized_pnl 198.5138999999999999999999993 -> 198.5138999999999999999999993
2026-08-15 13:42:24 | INFO     | pnl_engine | Trade processed: venue=BYBIT trade_id=T00215 trader=TRADER_D symbol=XRPUSDT side=BUY qty=2500 price=0.62617 fee=0.46415966 USDT fee_usdt=0.46415966 | position -2500 -> 0 realized_pnl -14.14549999999999999999999998 -> -4.17799999999999999999999998
2026-08-15 13:42:24 | INFO     | pnl_engine | Trade processed: venue=BYBIT trade_id=T00614 trader=TRADER_A symbol=BTCUSDT side=BUY qty=0.125 price=62596.66 fee=2.85324006 USDT fee_usdt=2.85324006 | position -0.1250 -> 0 realized_pnl -107.0781249999999999999999982 -> -95.4468749999999999999999982
2026-08-15 13:42:24 | INFO     | pnl_engine | Trade processed: venue=OKX trade_id=T00403 trader=TRADER_B symbol=XRPUSDT side=SELL qty=500 price=0.62571 fee=0.00010791 BNB fee_usdt=0.0865556901 | position -1000 -> -1500 realized_pnl 107.6121599999999999999999996 -> 107.6121599999999999999999996
2026-08-15 13:42:24 | INFO     | pnl_engine | Trade processed: venue=BINANCE trade_id=T00546 trader=TRADER_A symbol=XRPUSDT side=BUY qty=750 price=0.62625 fee=0.18490462 USDT fee_usdt=0.18490462 | position -2750 -> -2000 realized_pnl 198.5138999999999999999999993 -> 198.5241272727272727272727266
2026-08-15 13:42:24 | INFO     | pnl_engine | Trade processed: venue=BINANCE trade_id=T00406 trader=TRADER_A symbol=XRPUSDT side=BUY qty=750 price=0.62607 fee=0.19092373 USDT fee_usdt=0.19092373 | position -2000 -> -1250 realized_pnl 198.5241272727272727272727266 -> 198.6693545454545454545454539
2026-08-15 13:42:24 | INFO     | pnl_engine | Trade processed: venue=BYBIT trade_id=T00418 trader=TRADER_A symbol=BTCUSDT side=SELL qty=0.0625 price=62739.67 fee=1.35510991 USDT fee_usdt=1.35510991 | position 0 -> -0.0625 realized_pnl -95.4468749999999999999999982 -> -95.4468749999999999999999982
2026-08-15 13:42:24 | INFO     | pnl_engine | Trade processed: venue=BINANCE trade_id=T00019 trader=TRADER_A symbol=BTCUSDT side=SELL qty=1.125 price=62599.06 fee=34.41785486 USDT fee_usdt=34.41785486 | position 0.5625 -> -0.5625 realized_pnl 581.3856179739285714285714469 -> 521.6304394025000000000000175
2026-08-15 13:42:24 | INFO     | pnl_engine | Trade processed: venue=OKX trade_id=T00400 trader=TRADER_C symbol=XRPUSDT side=SELL qty=500 price=0.62753 fee=0.07062980 USDT fee_usdt=0.07062980 | position 1000 -> 500 realized_pnl -55.27296500 -> -54.90921500
2026-08-15 13:42:24 | INFO     | pnl_engine | Trade processed: venue=BINANCE trade_id=T00376 trader=TRADER_C symbol=SOLUSDT side=SELL qty=25 price=155.878 fee=1.71814964 USDT fee_usdt=1.71814964 | position -160 -> -185 realized_pnl -189.4808359999999999999999945 -> -189.4808359999999999999999945
2026-08-15 13:42:24 | INFO     | pnl_engine | Trade processed: venue=BYBIT trade_id=T00684 trader=TRADER_B symbol=SOLUSDT side=BUY qty=5 price=156.067 fee=0.32878621 USDT fee_usdt=0.32878621 | position -30 -> -25 realized_pnl -2.2365170000000000000000005 -> -2.3423503333333333333333340
2026-08-15 13:42:24 | INFO     | pnl_engine | Trade processed: venue=BYBIT trade_id=T00628 trader=TRADER_D symbol=XRPUSDT side=BUY qty=750 price=0.62848 fee=0.23380294 USDT fee_usdt=0.23380294 | position 0 -> 750 realized_pnl -4.17799999999999999999999998 -> -4.17799999999999999999999998
2026-08-15 13:42:24 | INFO     | pnl_engine | Trade processed: venue=OKX trade_id=T00661 trader=TRADER_C symbol=XRPUSDT side=BUY qty=1000 price=0.62844 fee=0.00022895 BNB fee_usdt=0.1829562345 | position 500 -> 1500 realized_pnl -54.90921500 -> -54.90921500
2026-08-15 13:42:24 | INFO     | pnl_engine | Trade processed: venue=OKX trade_id=T00321 trader=TRADER_C symbol=BTCUSDT side=SELL qty=0.3125 price=62467.23 fee=4.47211798 USDT fee_usdt=4.47211798 | position 1.0625 -> 0.7500 realized_pnl 887.5569961312499999999999950 -> 855.7033196606617647058823481
2026-08-15 13:42:24 | INFO     | pnl_engine | Trade processed: venue=BYBIT trade_id=T00209 trader=TRADER_A symbol=SOLUSDT side=BUY qty=25 price=156.045 fee=0.00222001 BNB fee_usdt=1.7740321911 | position -55 -> -30 realized_pnl 68.4617663999999999999999975 -> 72.5867663999999999999999975
2026-08-15 13:42:24 | INFO     | pnl_engine | Trade processed: venue=OKX trade_id=T00129 trader=TRADER_C symbol=XRPUSDT side=SELL qty=1500 price=0.62724 fee=0.36034519 USDT fee_usdt=0.36034519 | position 1500 -> 0 realized_pnl -54.90921500 -> -55.89046500000000000000000005
2026-08-15 13:42:24 | INFO     | pnl_engine | Trade processed: venue=BINANCE trade_id=T00717 trader=TRADER_A symbol=ETHUSDT side=BUY qty=2 price=3190.12 fee=2.98766073 USDT fee_usdt=2.98766073 | position 1.00 -> 3.00 realized_pnl 16.77248017250000000000000000 -> 16.77248017250000000000000000
2026-08-15 13:42:24 | INFO     | pnl_engine | Trade processed: venue=OKX trade_id=T00572 trader=TRADER_C symbol=SOLUSDT side=BUY qty=10 price=156.099 fee=0.75119005 USDT fee_usdt=0.75119005 | position 0 -> 10 realized_pnl 193.0176660000000000000000015 -> 193.0176660000000000000000015
2026-08-15 13:42:24 | INFO     | pnl_engine | Trade processed: venue=OKX trade_id=T00126 trader=TRADER_C symbol=SOLUSDT side=SELL qty=20 price=156.097 fee=1.07801957 USDT fee_usdt=1.07801957 | position 10 -> -10 realized_pnl 193.0176660000000000000000015 -> 192.9976660000000000000000015
2026-08-15 13:42:24 | INFO     | pnl_engine | Trade processed: venue=OKX trade_id=T00662 trader=TRADER_C symbol=BTCUSDT side=BUY qty=0.5 price=62502.09 fee=11.71628701 USDT fee_usdt=11.71628701 | position 0.7500 -> 1.2500 realized_pnl 855.7033196606617647058823481 -> 855.7033196606617647058823481
2026-08-15 13:42:24 | INFO     | pnl_engine | Trade processed: venue=BYBIT trade_id=T00539 trader=TRADER_B symbol=ETHUSDT side=SELL qty=1.25 price=3184.83 fee=1.74610912 USDT fee_usdt=1.74610912 | position -9.75 -> -11.00 realized_pnl 182.5907872675000000000000052 -> 182.5907872675000000000000052
2026-08-15 13:42:24 | INFO     | pnl_engine | Trade processed: venue=BINANCE trade_id=T00658 trader=TRADER_A symbol=BTCUSDT side=BUY qty=0.25 price=62488.72 fee=7.26206990 USDT fee_usdt=7.26206990 | position -0.5625 -> -0.3125 realized_pnl 521.6304394025000000000000175 -> 549.2154394025000000000000175
2026-08-15 13:42:24 | INFO     | pnl_engine | Trade processed: venue=BYBIT trade_id=T00051 trader=TRADER_D symbol=XRPUSDT side=SELL qty=2000 price=0.62632 fee=0.45175201 USDT fee_usdt=0.45175201 | position 750 -> -1250 realized_pnl -4.17799999999999999999999998 -> -5.79799999999999999999999998
2026-08-15 13:42:24 | INFO     | pnl_engine | Trade processed: venue=OKX trade_id=T00372 trader=TRADER_B symbol=ETHUSDT side=SELL qty=0.5 price=3185.43 fee=0.56086682 USDT fee_usdt=0.56086682 | position 2.00 -> 1.50 realized_pnl -12.49250000000000000000000025 -> -12.88250000000000000000000025
2026-08-15 13:42:24 | INFO     | pnl_engine | Trade processed: venue=OKX trade_id=T00064 trader=TRADER_C symbol=BTCUSDT side=SELL qty=0.5 price=62504.5 fee=9.98581649 USDT fee_usdt=9.98581649 | position 1.2500 -> 0.7500 realized_pnl 855.7033196606617647058823481 -> 836.7867902488970588235294081
2026-08-15 13:42:24 | INFO     | pnl_engine | Trade processed: venue=OKX trade_id=T00208 trader=TRADER_C symbol=BTCUSDT side=BUY qty=0.0625 price=62553.46 fee=1.42982985 USDT fee_usdt=1.42982985 | position 0.7500 -> 0.8125 realized_pnl 836.7867902488970588235294081 -> 836.7867902488970588235294081
2026-08-15 13:42:24 | INFO     | pnl_engine | Trade processed: venue=BINANCE trade_id=T00295 trader=TRADER_A symbol=ETHUSDT side=SELL qty=1.25 price=3186.69 fee=0.00207167 BNB fee_usdt=1.6540006113 | position 3.00 -> 1.75 realized_pnl 16.77248017250000000000000000 -> 17.51206350583333333333333375
2026-08-15 13:42:24 | INFO     | pnl_engine | Trade processed: venue=OKX trade_id=T00218 trader=TRADER_C symbol=XRPUSDT side=SELL qty=500 price=0.62585 fee=0.14829785 USDT fee_usdt=0.14829785 | position 0 -> -500 realized_pnl -55.89046500000000000000000005 -> -55.89046500000000000000000005
2026-08-15 13:42:24 | INFO     | pnl_engine | Trade processed: venue=BINANCE trade_id=T00317 trader=TRADER_A symbol=ETHUSDT side=SELL qty=1 price=3190.94 fee=0.96955325 USDT fee_usdt=0.96955325 | position 1.75 -> 0.75 realized_pnl 17.51206350583333333333333375 -> 22.35373017250000000000000075
2026-08-15 13:42:24 | INFO     | pnl_engine | Trade processed: venue=BINANCE trade_id=T00066 trader=TRADER_D symbol=ETHUSDT side=BUY qty=2 price=3189.74 fee=3.16834046 USDT fee_usdt=3.16834046 | position 1.75 -> 3.75 realized_pnl 123.5227252999999999999999985 -> 123.5227252999999999999999985
2026-08-15 13:42:24 | INFO     | pnl_engine | Trade processed: venue=OKX trade_id=T00358 trader=TRADER_B symbol=XRPUSDT side=BUY qty=250 price=0.62589 fee=0.00007735 BNB fee_usdt=0.0617554665 | position -1500 -> -1250 realized_pnl 107.6121599999999999999999996 -> 107.9454933333333333333333329
2026-08-15 13:42:24 | INFO     | pnl_engine | Trade processed: venue=OKX trade_id=T00484 trader=TRADER_B symbol=XRPUSDT side=BUY qty=1250 price=0.6257 fee=0.25796655 USDT fee_usdt=0.25796655 | position -1250 -> 0 realized_pnl 107.9454933333333333333333329 -> 109.8496599999999999999999995
2026-08-15 13:42:24 | INFO     | pnl_engine | Trade processed: venue=OKX trade_id=T00701 trader=TRADER_C symbol=XRPUSDT side=BUY qty=2000 price=0.62539 fee=0.36361054 USDT fee_usdt=0.36361054 | position -500 -> 1500 realized_pnl -55.89046500000000000000000005 -> -55.66046500000000000000000005
2026-08-15 13:42:24 | INFO     | pnl_engine | Trade processed: venue=OKX trade_id=T00106 trader=TRADER_C symbol=SOLUSDT side=SELL qty=5 price=156.319 fee=0.34546143 USDT fee_usdt=0.34546143 | position -10 -> -15 realized_pnl 192.9976660000000000000000015 -> 192.9976660000000000000000015
2026-08-15 13:42:24 | INFO     | pnl_engine | Trade processed: venue=BINANCE trade_id=T00059 trader=TRADER_C symbol=SOLUSDT side=BUY qty=25 price=156.505 fee=1.78275903 USDT fee_usdt=1.78275903 | position -185 -> -160 realized_pnl -189.4808359999999999999999945 -> -212.6558359999999999999999945
2026-08-15 13:42:24 | INFO     | pnl_engine | Trade processed: venue=BINANCE trade_id=T00624 trader=TRADER_D symbol=ETHUSDT side=SELL qty=8 price=3190.01 fee=0.01436444 BNB fee_usdt=11.4684252516 | position 3.75 -> -4.25 realized_pnl 123.5227252999999999999999985 -> 144.4027252999999999999999985
2026-08-15 13:42:24 | INFO     | pnl_engine | Trade processed: venue=OKX trade_id=T00681 trader=TRADER_C symbol=SOLUSDT side=SELL qty=40 price=156.283 fee=0.00294503 BNB fee_usdt=2.3512825017 | position -15 -> -55 realized_pnl 192.9976660000000000000000015 -> 192.9976660000000000000000015
2026-08-15 13:42:24 | INFO     | pnl_engine | Trade processed: venue=OKX trade_id=T00449 trader=TRADER_C symbol=XRPUSDT side=BUY qty=750 price=0.62625 fee=0.16532663 USDT fee_usdt=0.16532663 | position 1500 -> 2250 realized_pnl -55.66046500000000000000000005 -> -55.66046500000000000000000005
2026-08-15 13:42:24 | INFO     | pnl_engine | Trade processed: venue=BINANCE trade_id=T00094 trader=TRADER_D symbol=XRPUSDT side=SELL qty=2000 price=0.62546 fee=0.59444746 USDT fee_usdt=0.59444746 | position -2750 -> -4750 realized_pnl -8.333529411764705882352941150 -> -8.333529411764705882352941150
2026-08-15 13:42:24 | INFO     | pnl_engine | Trade processed: venue=BYBIT trade_id=T00281 trader=TRADER_B symbol=ETHUSDT side=BUY qty=11 price=3191.02 fee=15.13621540 USDT fee_usdt=15.13621540 | position -11.00 -> 0 realized_pnl 182.5907872675000000000000052 -> 111.2832872675000000000000052
2026-08-15 13:42:24 | INFO     | pnl_engine | Trade processed: venue=BINANCE trade_id=T00086 trader=TRADER_A symbol=ETHUSDT side=BUY qty=0.25 price=3187.93 fee=0.17089176 USDT fee_usdt=0.17089176 | position 0.75 -> 1.00 realized_pnl 22.35373017250000000000000075 -> 22.35373017250000000000000075
2026-08-15 13:42:24 | INFO     | pnl_engine | Trade processed: venue=BINANCE trade_id=T00666 trader=TRADER_D symbol=XRPUSDT side=BUY qty=250 price=0.62653 fee=0.05707398 USDT fee_usdt=0.05707398 | position -4750 -> -4500 realized_pnl -8.333529411764705882352941150 -> -8.631764705882352941176470575
2026-08-15 13:42:24 | INFO     | pnl_engine | Trade processed: venue=BINANCE trade_id=T00201 trader=TRADER_D symbol=XRPUSDT side=SELL qty=1500 price=0.62623 fee=0.00030031 BNB fee_usdt=0.2406624278 | position -4500 -> -6000 realized_pnl -8.631764705882352941176470575 -> -8.631764705882352941176470575
2026-08-15 13:42:24 | INFO     | pnl_engine | Trade processed: venue=OKX trade_id=T00395 trader=TRADER_B symbol=ETHUSDT side=BUY qty=0.25 price=3176.32 fee=0.31164951 USDT fee_usdt=0.31164951 | position 1.50 -> 1.75 realized_pnl -12.88250000000000000000000025 -> -12.88250000000000000000000025
2026-08-15 13:42:24 | INFO     | pnl_engine | Trade processed: venue=BYBIT trade_id=T00479 trader=TRADER_B symbol=ETHUSDT side=BUY qty=0.5 price=3181.59 fee=0.41175302 USDT fee_usdt=0.41175302 | position 0 -> 0.5 realized_pnl 111.2832872675000000000000052 -> 111.2832872675000000000000052
2026-08-15 13:42:24 | INFO     | pnl_engine | Trade processed: venue=OKX trade_id=T00145 trader=TRADER_C symbol=XRPUSDT side=SELL qty=1000 price=0.62631 fee=0.15246576 USDT fee_usdt=0.15246576 | position 2250 -> 1250 realized_pnl -55.66046500000000000000000005 -> -55.02713166666666666666666675
2026-08-15 13:42:24 | INFO     | pnl_engine | Trade processed: venue=BYBIT trade_id=T00089 trader=TRADER_D symbol=XRPUSDT side=BUY qty=1000 price=0.62701 fee=0.12678129 USDT fee_usdt=0.12678129 | position -1250 -> -250 realized_pnl -5.79799999999999999999999998 -> -6.48799999999999999999999998
2026-08-15 13:42:24 | INFO     | pnl_engine | Trade processed: venue=BYBIT trade_id=T00493 trader=TRADER_A symbol=SOLUSDT side=SELL qty=20 price=155.898 fee=1.24636927 USDT fee_usdt=1.24636927 | position -30 -> -50 realized_pnl 72.5867663999999999999999975 -> 72.5867663999999999999999975
2026-08-15 13:42:24 | INFO     | pnl_engine | Trade processed: venue=BINANCE trade_id=T00116 trader=TRADER_A symbol=BTCUSDT side=SELL qty=0.25 price=62639.44 fee=6.50831206 USDT fee_usdt=6.50831206 | position -0.3125 -> -0.5625 realized_pnl 549.2154394025000000000000175 -> 549.2154394025000000000000175
2026-08-15 13:42:24 | INFO     | pnl_engine | Trade processed: venue=BYBIT trade_id=T00738 trader=TRADER_A symbol=BTCUSDT side=SELL qty=0.1875 price=62546.28 fee=3.14308094 USDT fee_usdt=3.14308094 | position -0.0625 -> -0.2500 realized_pnl -95.4468749999999999999999982 -> -95.4468749999999999999999982
2026-08-15 13:42:24 | INFO     | pnl_engine | Trade processed: venue=OKX trade_id=T00454 trader=TRADER_B symbol=XRPUSDT side=SELL qty=1500 price=0.6264 fee=0.21404313 USDT fee_usdt=0.21404313 | position 0 -> -1500 realized_pnl 109.8496599999999999999999995 -> 109.8496599999999999999999995
2026-08-15 13:42:24 | INFO     | pnl_engine | Trade processed: venue=BINANCE trade_id=T00421 trader=TRADER_A symbol=ETHUSDT side=BUY qty=0.5 price=3179.85 fee=0.77471363 USDT fee_usdt=0.77471363 | position 1.00 -> 1.50 realized_pnl 22.35373017250000000000000075 -> 22.35373017250000000000000075
2026-08-15 13:42:24 | INFO     | pnl_engine | Trade processed: venue=BINANCE trade_id=T00593 trader=TRADER_C symbol=SOLUSDT side=BUY qty=30 price=156.095 fee=1.56594199 USDT fee_usdt=1.56594199 | position -160 -> -130 realized_pnl -212.6558359999999999999999945 -> -228.1658359999999999999999945
2026-08-15 13:42:24 | INFO     | pnl_engine | Trade processed: venue=BYBIT trade_id=T00747 trader=TRADER_A symbol=SOLUSDT side=SELL qty=10 price=155.816 fee=0.42208536 USDT fee_usdt=0.42208536 | position -50 -> -60 realized_pnl 72.5867663999999999999999975 -> 72.5867663999999999999999975
2026-08-15 13:42:24 | INFO     | pnl_engine | Trade processed: venue=OKX trade_id=T00732 trader=TRADER_C symbol=BTCUSDT side=SELL qty=0.3125 price=62564.88 fee=0.00666054 BNB fee_usdt=5.3376235452 | position 0.8125 -> 0.5000 realized_pnl 836.7867902488970588235294081 -> 843.5652348190328054298642518
2026-08-15 13:42:24 | INFO     | pnl_engine | Trade processed: venue=BYBIT trade_id=T00214 trader=TRADER_D symbol=XRPUSDT side=BUY qty=250 price=0.626 fee=0.05189911 USDT fee_usdt=0.05189911 | position -250 -> 0 realized_pnl -6.48799999999999999999999998 -> -6.40799999999999999999999998
2026-08-15 13:42:24 | INFO     | pnl_engine | Trade processed: venue=OKX trade_id=T00344 trader=TRADER_B symbol=ETHUSDT side=BUY qty=1 price=3180.11 fee=0.00135225 BNB fee_usdt=1.08315225 | position 1.75 -> 2.75 realized_pnl -12.88250000000000000000000025 -> -12.88250000000000000000000025
2026-08-15 13:42:24 | INFO     | pnl_engine | Trade processed: venue=OKX trade_id=T00110 trader=TRADER_B symbol=ETHUSDT side=BUY qty=0.5 price=3176.35 fee=0.43841899 USDT fee_usdt=0.43841899 | position 2.75 -> 3.25 realized_pnl -12.88250000000000000000000025 -> -12.88250000000000000000000025
2026-08-15 13:42:24 | INFO     | pnl_engine | Trade processed: venue=BYBIT trade_id=T00311 trader=TRADER_B symbol=SOLUSDT side=SELL qty=10 price=156.146 fee=0.67398636 USDT fee_usdt=0.67398636 | position -25 -> -35 realized_pnl -2.3423503333333333333333340 -> -2.3423503333333333333333340
2026-08-15 13:42:24 | INFO     | pnl_engine | Trade processed: venue=BYBIT trade_id=T00588 trader=TRADER_B symbol=SOLUSDT side=BUY qty=5 price=156.299 fee=0.37179190 USDT fee_usdt=0.37179190 | position -35 -> -30 realized_pnl -2.3423503333333333333333340 -> -3.4650884285714285714285725
2026-08-15 13:42:24 | INFO     | pnl_engine | Trade processed: venue=BINANCE trade_id=T00227 trader=TRADER_A symbol=BTCUSDT side=SELL qty=0.0625 price=62544.58 fee=0.00133498 BNB fee_usdt=1.06931898 | position -0.5625 -> -0.6250 realized_pnl 549.2154394025000000000000175 -> 549.2154394025000000000000175
2026-08-15 13:42:24 | INFO     | pnl_engine | Trade processed: venue=BYBIT trade_id=T00388 trader=TRADER_A symbol=SOLUSDT side=BUY qty=25 price=156.401 fee=1.11657467 USDT fee_usdt=1.11657467 | position -60 -> -35 realized_pnl 72.5867663999999999999999975 -> 63.5700997333333333333333300
2026-08-15 13:42:24 | INFO     | pnl_engine | Trade processed: venue=OKX trade_id=T00577 trader=TRADER_C symbol=SOLUSDT side=SELL qty=5 price=156.074 fee=0.23208650 USDT fee_usdt=0.23208650 | position -55 -> -60 realized_pnl 192.9976660000000000000000015 -> 192.9976660000000000000000015
2026-08-15 13:42:24 | INFO     | pnl_engine | Trade processed: venue=BYBIT trade_id=T00727 trader=TRADER_D symbol=XRPUSDT side=SELL qty=750 price=0.62604 fee=0.00026421 BNB fee_usdt=0.21163221 | position 0 -> -750 realized_pnl -6.40799999999999999999999998 -> -6.40799999999999999999999998
2026-08-15 13:42:24 | INFO     | pnl_engine | Trade processed: venue=BYBIT trade_id=T00273 trader=TRADER_B symbol=ETHUSDT side=SELL qty=0.75 price=3178.53 fee=0.98382965 USDT fee_usdt=0.98382965 | position 0.5 -> -0.25 realized_pnl 111.2832872675000000000000052 -> 109.7532872675000000000000052
2026-08-15 13:42:24 | INFO     | pnl_engine | Trade processed: venue=BINANCE trade_id=T00157 trader=TRADER_D symbol=XRPUSDT side=BUY qty=500 price=0.62534 fee=0.10023810 USDT fee_usdt=0.10023810 | position -6000 -> -5500 realized_pnl -8.631764705882352941176470575 -> -8.521617647058823529411764725
2026-08-15 13:42:24 | INFO     | pnl_engine | Trade processed: venue=BYBIT trade_id=T00728 trader=TRADER_B symbol=ETHUSDT side=BUY qty=0.5 price=3179.1 fee=0.00059356 BNB fee_usdt=0.476866104 | position -0.25 -> 0.25 realized_pnl 109.7532872675000000000000052 -> 109.6107872675000000000000052
2026-08-15 13:42:24 | INFO     | pnl_engine | Trade processed: venue=BYBIT trade_id=T00533 trader=TRADER_A symbol=SOLUSDT side=BUY qty=5 price=156.637 fee=0.18676197 USDT fee_usdt=0.18676197 | position -35 -> -30 realized_pnl 63.5700997333333333333333300 -> 60.5867663999999999999999965
2026-08-15 13:42:24 | INFO     | pnl_engine | Trade processed: venue=BYBIT trade_id=T00709 trader=TRADER_B symbol=SOLUSDT side=BUY qty=5 price=156.559 fee=0.17960178 USDT fee_usdt=0.17960178 | position -30 -> -25 realized_pnl -3.4650884285714285714285725 -> -5.8878265238095238095238110
2026-08-15 13:42:24 | INFO     | pnl_engine | Trade processed: venue=BINANCE trade_id=T00432 trader=TRADER_A symbol=XRPUSDT side=BUY qty=1250 price=0.62637 fee=0.25835658 USDT fee_usdt=0.25835658 | position -1250 -> 0 realized_pnl 198.6693545454545454545454539 -> 198.5363999999999999999999994
2026-08-15 13:42:24 | INFO     | pnl_engine | Trade processed: venue=BYBIT trade_id=T00248 trader=TRADER_B symbol=SOLUSDT side=BUY qty=35 price=156.669 fee=1.77379630 USDT fee_usdt=1.77379630 | position -25 -> 10 realized_pnl -5.8878265238095238095238110 -> -20.7515170000000000000000035
2026-08-15 13:42:24 | INFO     | pnl_engine | Trade processed: venue=OKX trade_id=T00742 trader=TRADER_C symbol=SOLUSDT side=BUY qty=30 price=156.546 fee=1.73940364 USDT fee_usdt=1.73940364 | position -60 -> -30 realized_pnl 192.9976660000000000000000015 -> 183.7451660000000000000000005
2026-08-15 13:42:24 | INFO     | pnl_engine | Trade processed: venue=OKX trade_id=T00700 trader=TRADER_C symbol=BTCUSDT side=BUY qty=0.0625 price=62518.58 fee=1.87407304 USDT fee_usdt=1.87407304 | position 0.5000 -> 0.5625 realized_pnl 843.5652348190328054298642518 -> 843.5652348190328054298642518
2026-08-15 13:42:24 | INFO     | pnl_engine | Trade processed: venue=BYBIT trade_id=T00631 trader=TRADER_D symbol=XRPUSDT side=SELL qty=1000 price=0.62746 fee=0.31110685 USDT fee_usdt=0.31110685 | position -750 -> -1750 realized_pnl -6.40799999999999999999999998 -> -6.40799999999999999999999998
2026-08-15 13:42:24 | INFO     | pnl_engine | Trade processed: venue=BYBIT trade_id=T00038 trader=TRADER_B symbol=ETHUSDT side=SELL qty=1.25 price=3176.99 fee=1.59081715 USDT fee_usdt=1.59081715 | position 0.25 -> -1.00 realized_pnl 109.6107872675000000000000052 -> 109.0832872675000000000000052
2026-08-15 13:42:24 | INFO     | pnl_engine | Trade processed: venue=OKX trade_id=T00192 trader=TRADER_C symbol=BTCUSDT side=SELL qty=1.125 price=62509.83 fee=26.55531282 USDT fee_usdt=26.55531282 | position 0.5625 -> -0.5625 realized_pnl 843.5652348190328054298642518 -> 826.3388711312500000000000024
2026-08-15 13:42:24 | INFO     | pnl_engine | Trade processed: venue=OKX trade_id=T00060 trader=TRADER_C symbol=BTCUSDT side=BUY qty=0.5625 price=62483.27 fee=17.23273981 USDT fee_usdt=17.23273981 | position -0.5625 -> 0 realized_pnl 826.3388711312500000000000024 -> 841.2788711312500000000000024
2026-08-15 13:42:24 | INFO     | pnl_engine | Trade processed: venue=OKX trade_id=T00276 trader=TRADER_B symbol=ETHUSDT side=SELL qty=3.25 price=3181.29 fee=3.55283888 USDT fee_usdt=3.55283888 | position 3.25 -> 0 realized_pnl -12.88250000000000000000000025 -> -15.37000000000000000000000150
2026-08-15 13:42:24 | INFO     | pnl_engine | Trade processed: venue=BYBIT trade_id=T00413 trader=TRADER_A symbol=SOLUSDT side=SELL qty=30 price=156.525 fee=1.70947677 USDT fee_usdt=1.70947677 | position -30 -> -60 realized_pnl 60.5867663999999999999999965 -> 60.5867663999999999999999965
2026-08-15 13:42:24 | INFO     | pnl_engine | Trade processed: venue=BINANCE trade_id=T00187 trader=TRADER_D symbol=XRPUSDT side=SELL qty=1500 price=0.62439 fee=0.42845778 USDT fee_usdt=0.42845778 | position -5500 -> -7000 realized_pnl -8.521617647058823529411764725 -> -8.521617647058823529411764725
2026-08-15 13:42:24 | INFO     | pnl_engine | Trade processed: venue=OKX trade_id=T00247 trader=TRADER_C symbol=SOLUSDT side=BUY qty=25 price=156.633 fee=0.00201799 BNB fee_usdt=1.6231500766 | position -30 -> -5 realized_pnl 183.7451660000000000000000005 -> 173.8597493333333333333333330
2026-08-15 13:42:24 | INFO     | pnl_engine | Trade processed: venue=BYBIT trade_id=T00584 trader=TRADER_D symbol=XRPUSDT side=BUY qty=500 price=0.6252 fee=0.08577388 USDT fee_usdt=0.08577388 | position -1750 -> -1250 realized_pnl -6.40799999999999999999999998 -> -5.582285714285714285714285680
2026-08-15 13:42:24 | INFO     | pnl_engine | Trade processed: venue=OKX trade_id=T00310 trader=TRADER_C symbol=SOLUSDT side=SELL qty=10 price=156.86 fee=0.76501605 USDT fee_usdt=0.76501605 | position -5 -> -15 realized_pnl 173.8597493333333333333333330 -> 173.8597493333333333333333330
2026-08-15 13:42:24 | INFO     | pnl_engine | Trade processed: venue=BINANCE trade_id=T00538 trader=TRADER_A symbol=ETHUSDT side=BUY qty=1 price=3180.09 fee=0.90385754 USDT fee_usdt=0.90385754 | position 1.50 -> 2.50 realized_pnl 22.35373017250000000000000075 -> 22.35373017250000000000000075
2026-08-15 13:42:24 | INFO     | pnl_engine | Trade processed: venue=OKX trade_id=T00055 trader=TRADER_B symbol=XRPUSDT side=SELL qty=250 price=0.62399 fee=0.05619535 USDT fee_usdt=0.05619535 | position -1500 -> -1750 realized_pnl 109.8496599999999999999999995 -> 109.8496599999999999999999995
2026-08-15 13:42:24 | INFO     | pnl_engine | Trade processed: venue=OKX trade_id=T00514 trader=TRADER_C symbol=XRPUSDT side=SELL qty=500 price=0.62463 fee=0.06323657 USDT fee_usdt=0.06323657 | position 1250 -> 750 realized_pnl -55.02713166666666666666666675 -> -55.55046500000000000000000010
2026-08-15 13:42:24 | INFO     | pnl_engine | Trade processed: venue=BYBIT trade_id=T00463 trader=TRADER_B symbol=ETHUSDT side=BUY qty=0.75 price=3175.81 fee=0.99341815 USDT fee_usdt=0.99341815 | position -1.00 -> -0.25 realized_pnl 109.0832872675000000000000052 -> 109.9682872675000000000000052
2026-08-15 13:42:24 | INFO     | pnl_engine | Trade processed: venue=OKX trade_id=T00545 trader=TRADER_B symbol=ETHUSDT side=BUY qty=1.5 price=3179.47 fee=1.43574193 USDT fee_usdt=1.43574193 | position 0 -> 1.5 realized_pnl -15.37000000000000000000000150 -> -15.37000000000000000000000150
2026-08-15 13:42:24 | INFO     | pnl_engine | Trade processed: venue=BYBIT trade_id=T00250 trader=TRADER_A symbol=BTCUSDT side=BUY qty=0.3125 price=62740.08 fee=8.20906477 USDT fee_usdt=8.20906477 | position -0.2500 -> 0.0625 realized_pnl -95.4468749999999999999999982 -> -131.8099999999999999999999982
2026-08-15 13:42:24 | INFO     | pnl_engine | Trade processed: venue=BYBIT trade_id=T00058 trader=TRADER_A symbol=SOLUSDT side=BUY qty=5 price=156.914 fee=0.31902396 USDT fee_usdt=0.31902396 | position -60 -> -55 realized_pnl 60.5867663999999999999999965 -> 57.4300997333333333333333295
2026-08-15 13:42:24 | INFO     | pnl_engine | Trade processed: venue=BYBIT trade_id=T00445 trader=TRADER_A symbol=SOLUSDT side=BUY qty=15 price=156.725 fee=0.82858249 USDT fee_usdt=0.82858249 | position -55 -> -40 realized_pnl 57.4300997333333333333333295 -> 50.7950997333333333333333285
2026-08-15 13:42:24 | INFO     | pnl_engine | Trade processed: venue=BYBIT trade_id=T00307 trader=TRADER_B symbol=ETHUSDT side=SELL qty=0.25 price=3181.35 fee=0.00028953 BNB fee_usdt=0.2328805602 | position -0.25 -> -0.50 realized_pnl 109.9682872675000000000000052 -> 109.9682872675000000000000052
2026-08-15 13:42:24 | INFO     | pnl_engine | Trade processed: venue=BYBIT trade_id=T00365 trader=TRADER_D symbol=XRPUSDT side=BUY qty=1000 price=0.6247 fee=0.23510992 USDT fee_usdt=0.23510992 | position -1250 -> -250 realized_pnl -5.582285714285714285714285680 -> -3.430857142857142857142857080
2026-08-15 13:42:24 | INFO     | pnl_engine | Trade processed: venue=BYBIT trade_id=T00549 trader=TRADER_A symbol=SOLUSDT side=BUY qty=5 price=156.695 fee=0.15882202 USDT fee_usdt=0.15882202 | position -40 -> -35 realized_pnl 50.7950997333333333333333285 -> 48.7334330666666666666666615
2026-08-15 13:42:24 | INFO     | pnl_engine | Trade processed: venue=BINANCE trade_id=T00018 trader=TRADER_D symbol=XRPUSDT side=BUY qty=1000 price=0.62511 fee=0.21710479 USDT fee_usdt=0.21710479 | position -7000 -> -6000 realized_pnl -8.521617647058823529411764725 -> -8.322100840336134453781512725
2026-08-15 13:42:24 | INFO     | pnl_engine | Trade processed: venue=BINANCE trade_id=T00359 trader=TRADER_A symbol=ETHUSDT side=SELL qty=4.75 price=3176.32 fee=3.28930691 USDT fee_usdt=3.28930691 | position 2.50 -> -2.25 realized_pnl 22.35373017250000000000000075 -> 6.58248017250000000000000075
2026-08-15 13:42:24 | INFO     | pnl_engine | Trade processed: venue=OKX trade_id=T00496 trader=TRADER_B symbol=ETHUSDT side=SELL qty=0.75 price=3177.24 fee=0.63980478 USDT fee_usdt=0.63980478 | position 1.5 -> 0.75 realized_pnl -15.37000000000000000000000150 -> -17.04250000000000000000000150
2026-08-15 13:42:24 | INFO     | pnl_engine | Trade processed: venue=BYBIT trade_id=T00269 trader=TRADER_A symbol=BTCUSDT side=BUY qty=0.0625 price=62725.7 fee=0.82348596 USDT fee_usdt=0.82348596 | position 0.0625 -> 0.1250 realized_pnl -131.8099999999999999999999982 -> -131.8099999999999999999999982
2026-08-15 13:42:24 | INFO     | pnl_engine | Trade processed: venue=BYBIT trade_id=T00078 trader=TRADER_A symbol=SOLUSDT side=BUY qty=40 price=156.629 fee=1.52534038 USDT fee_usdt=1.52534038 | position -35 -> 5 realized_pnl 48.7334330666666666666666615 -> 36.6117663999999999999999925
2026-08-15 13:42:24 | INFO     | pnl_engine | Trade processed: venue=BINANCE trade_id=T00006 trader=TRADER_A symbol=BTCUSDT side=SELL qty=0.125 price=62816.96 fee=3.05669279 USDT fee_usdt=3.05669279 | position -0.6250 -> -0.7500 realized_pnl 549.2154394025000000000000175 -> 549.2154394025000000000000175
2026-08-15 13:42:24 | INFO     | pnl_engine | Trade processed: venue=BINANCE trade_id=T00726 trader=TRADER_D symbol=XRPUSDT side=BUY qty=11500 price=0.62269 fee=1.79712141 USDT fee_usdt=1.79712141 | position -6000 -> 5500 realized_pnl -8.322100840336134453781512725 -> 7.394999999999999999999999275
2026-08-15 13:42:24 | INFO     | pnl_engine | Trade processed: venue=BINANCE trade_id=T00174 trader=TRADER_D symbol=ETHUSDT side=BUY qty=0.25 price=3165.66 fee=0.00030193 BNB fee_usdt=0.2436514714 | position -4.25 -> -4.00 realized_pnl 144.4027252999999999999999985 -> 150.4902252999999999999999985
2026-08-15 13:42:24 | INFO     | pnl_engine | Trade processed: venue=BINANCE trade_id=T00441 trader=TRADER_A symbol=ETHUSDT side=BUY qty=0.25 price=3170.87 fee=0.26762889 USDT fee_usdt=0.26762889 | position -2.25 -> -2.00 realized_pnl 6.58248017250000000000000075 -> 7.94498017250000000000000075
2026-08-15 13:42:24 | INFO     | pnl_engine | Trade processed: venue=BYBIT trade_id=T00582 trader=TRADER_B symbol=SOLUSDT side=SELL qty=30 price=156.789 fee=1.86321724 USDT fee_usdt=1.86321724 | position 10 -> -20 realized_pnl -20.7515170000000000000000035 -> -19.5515170000000000000000035
2026-08-15 13:42:24 | INFO     | pnl_engine | Trade processed: venue=BYBIT trade_id=T00328 trader=TRADER_B symbol=SOLUSDT side=SELL qty=5 price=156.849 fee=0.00044770 BNB fee_usdt=0.3612849460 | position -20 -> -25 realized_pnl -19.5515170000000000000000035 -> -19.5515170000000000000000035
2026-08-15 13:42:24 | INFO     | pnl_engine | Trade processed: venue=BYBIT trade_id=T00341 trader=TRADER_B symbol=SOLUSDT side=SELL qty=5 price=156.622 fee=0.25143694 USDT fee_usdt=0.25143694 | position -25 -> -30 realized_pnl -19.5515170000000000000000035 -> -19.5515170000000000000000035
2026-08-15 13:42:24 | INFO     | pnl_engine | Trade processed: venue=BINANCE trade_id=T00703 trader=TRADER_A symbol=XRPUSDT side=BUY qty=500 price=0.62278 fee=0.14735413 USDT fee_usdt=0.14735413 | position 0 -> 500 realized_pnl 198.5363999999999999999999994 -> 198.5363999999999999999999994
2026-08-15 13:42:24 | INFO     | pnl_engine | Trade processed: venue=BINANCE trade_id=T00626 trader=TRADER_D symbol=ETHUSDT side=BUY qty=0.75 price=3171.75 fee=1.14279312 USDT fee_usdt=1.14279312 | position -4.00 -> -3.25 realized_pnl 150.4902252999999999999999985 -> 164.1852252999999999999999985
2026-08-15 13:42:24 | INFO     | pnl_engine | Trade processed: venue=BINANCE trade_id=T00737 trader=TRADER_D symbol=ETHUSDT side=BUY qty=1.25 price=3168.35 fee=1.20570155 USDT fee_usdt=1.20570155 | position -3.25 -> -2.00 realized_pnl 164.1852252999999999999999985 -> 191.2602252999999999999999985
2026-08-15 13:42:24 | INFO     | pnl_engine | Trade processed: venue=OKX trade_id=T00296 trader=TRADER_C symbol=XRPUSDT side=BUY qty=2000 price=0.62193 fee=0.54665617 USDT fee_usdt=0.54665617 | position 750 -> 2750 realized_pnl -55.55046500000000000000000010 -> -55.55046500000000000000000010
2026-08-15 13:42:24 | INFO     | pnl_engine | Trade processed: venue=BYBIT trade_id=T00036 trader=TRADER_B symbol=SOLUSDT side=BUY qty=55 price=156.744 fee=0.00215071 BNB fee_usdt=1.7355799558 | position -30 -> 25 realized_pnl -19.5515170000000000000000035 -> -18.7365170000000000000000025
2026-08-15 13:42:24 | INFO     | pnl_engine | Trade processed: venue=OKX trade_id=T00257 trader=TRADER_B symbol=XRPUSDT side=BUY qty=250 price=0.6221 fee=0.04418121 USDT fee_usdt=0.04418121 | position -1750 -> -1500 realized_pnl 109.8496599999999999999999995 -> 110.8385885714285714285714281
2026-08-15 13:42:24 | INFO     | pnl_engine | Trade processed: venue=OKX trade_id=T00652 trader=TRADER_C symbol=BTCUSDT side=BUY qty=0.375 price=62934.88 fee=0.01334113 BNB fee_usdt=10.7660250874 | position 0 -> 0.375 realized_pnl 841.2788711312500000000000024 -> 841.2788711312500000000000024
2026-08-15 13:42:24 | INFO     | pnl_engine | Trade processed: venue=OKX trade_id=T00723 trader=TRADER_C symbol=XRPUSDT side=BUY qty=1250 price=0.62265 fee=0.00019569 BNB fee_usdt=0.1579179162 | position 2750 -> 4000 realized_pnl -55.55046500000000000000000010 -> -55.55046500000000000000000010
2026-08-15 13:42:24 | INFO     | pnl_engine | Trade processed: venue=OKX trade_id=T00634 trader=TRADER_C symbol=SOLUSDT side=BUY qty=10 price=156.683 fee=0.38323405 USDT fee_usdt=0.38323405 | position -15 -> -5 realized_pnl 173.8597493333333333333333330 -> 173.5550271111111111111111100
2026-08-15 13:42:24 | INFO     | pnl_engine | Trade processed: venue=OKX trade_id=T00061 trader=TRADER_C symbol=XRPUSDT side=BUY qty=250 price=0.62279 fee=0.00008368 BNB fee_usdt=0.0675280864 | position 4000 -> 4250 realized_pnl -55.55046500000000000000000010 -> -55.55046500000000000000000010
2026-08-15 13:42:24 | INFO     | pnl_engine | Trade processed: venue=BINANCE trade_id=T00134 trader=TRADER_A symbol=BTCUSDT side=BUY qty=1.375 price=62943.52 fee=39.03136405 USDT fee_usdt=39.03136405 | position -0.7500 -> 0.6250 realized_pnl 549.2154394025000000000000175 -> 324.7979394025000000000000200
2026-08-15 13:42:24 | INFO     | pnl_engine | Trade processed: venue=OKX trade_id=T00254 trader=TRADER_C symbol=XRPUSDT side=SELL qty=2000 price=0.62369 fee=0.29646739 USDT fee_usdt=0.29646739 | position 4250 -> 2250 realized_pnl -55.55046500000000000000000010 -> -53.87752382352941176470588250
2026-08-15 13:42:24 | INFO     | pnl_engine | Trade processed: venue=BINANCE trade_id=T00450 trader=TRADER_D symbol=ETHUSDT side=SELL qty=0.5 price=3172.72 fee=0.76028551 USDT fee_usdt=0.76028551 | position -2.00 -> -2.50 realized_pnl 191.2602252999999999999999985 -> 191.2602252999999999999999985
2026-08-15 13:42:24 | INFO     | pnl_engine | Trade processed: venue=BINANCE trade_id=T00263 trader=TRADER_A symbol=BTCUSDT side=BUY qty=0.5 price=62897.71 fee=11.97396382 USDT fee_usdt=11.97396382 | position 0.6250 -> 1.1250 realized_pnl 324.7979394025000000000000200 -> 324.7979394025000000000000200
2026-08-15 13:42:24 | INFO     | pnl_engine | Trade processed: venue=OKX trade_id=T00095 trader=TRADER_B symbol=XRPUSDT side=BUY qty=1500 price=0.62267 fee=0.21538053 USDT fee_usdt=0.21538053 | position -1500 -> 0 realized_pnl 110.8385885714285714285714281 -> 115.9171599999999999999999996
2026-08-15 13:42:24 | INFO     | pnl_engine | Trade processed: venue=BYBIT trade_id=T00125 trader=TRADER_B symbol=ETHUSDT side=SELL qty=1 price=3173.81 fee=0.90785695 USDT fee_usdt=0.90785695 | position -0.50 -> -1.50 realized_pnl 109.9682872675000000000000052 -> 109.9682872675000000000000052
2026-08-15 13:42:24 | INFO     | pnl_engine | Trade processed: venue=BINANCE trade_id=T00594 trader=TRADER_D symbol=ETHUSDT side=BUY qty=0.25 price=3174.1 fee=0.25507090 USDT fee_usdt=0.25507090 | position -2.50 -> -2.25 realized_pnl 191.2602252999999999999999985 -> 194.3732252999999999999999985
2026-08-15 13:42:24 | INFO     | pnl_engine | Trade processed: venue=BINANCE trade_id=T00664 trader=TRADER_C symbol=SOLUSDT side=BUY qty=260 price=156.162 fee=11.93802331 USDT fee_usdt=11.93802331 | position -130 -> 130 realized_pnl -228.1658359999999999999999945 -> -304.0858359999999999999999945
2026-08-15 13:42:24 | INFO     | pnl_engine | Trade processed: venue=BINANCE trade_id=T00415 trader=TRADER_A symbol=XRPUSDT side=BUY qty=2000 price=0.62586 fee=0.39815908 USDT fee_usdt=0.39815908 | position 500 -> 2500 realized_pnl 198.5363999999999999999999994 -> 198.5363999999999999999999994
2026-08-15 13:42:24 | INFO     | pnl_engine | Trade processed: venue=BINANCE trade_id=T00604 trader=TRADER_A symbol=BTCUSDT side=SELL qty=0.3125 price=63055.97 fee=4.80236714 USDT fee_usdt=4.80236714 | position 1.1250 -> 0.8125 realized_pnl 324.7979394025000000000000200 -> 366.3010644025000000000000200
2026-08-15 13:42:24 | INFO     | pnl_engine | Trade processed: venue=BYBIT trade_id=T00565 trader=TRADER_B symbol=SOLUSDT side=BUY qty=10 price=155.692 fee=0.75114279 USDT fee_usdt=0.75114279 | position 25 -> 35 realized_pnl -18.7365170000000000000000025 -> -18.7365170000000000000000025
2026-08-15 13:42:24 | INFO     | pnl_engine | Trade processed: venue=BINANCE trade_id=T00672 trader=TRADER_D symbol=XRPUSDT side=BUY qty=750 price=0.62543 fee=0.16363174 USDT fee_usdt=0.16363174 | position 5500 -> 6250 realized_pnl 7.394999999999999999999999275 -> 7.394999999999999999999999275
2026-08-15 13:42:24 | INFO     | pnl_engine | Trade processed: venue=OKX trade_id=T00024 trader=TRADER_C symbol=SOLUSDT side=SELL qty=25 price=155.545 fee=1.57094582 USDT fee_usdt=1.57094582 | position -5 -> -30 realized_pnl 173.5550271111111111111111100 -> 173.5550271111111111111111100
2026-08-15 13:42:24 | INFO     | pnl_engine | Trade processed: venue=BYBIT trade_id=T00551 trader=TRADER_A symbol=BTCUSDT side=BUY qty=0.375 price=63005.02 fee=6.07987595 USDT fee_usdt=6.07987595 | position 0.1250 -> 0.5000 realized_pnl -131.8099999999999999999999982 -> -131.8099999999999999999999982
2026-08-15 13:42:24 | INFO     | pnl_engine | Trade processed: venue=OKX trade_id=T00112 trader=TRADER_B symbol=ETHUSDT side=BUY qty=0.5 price=3165.37 fee=0.34054767 USDT fee_usdt=0.34054767 | position 0.75 -> 1.25 realized_pnl -17.04250000000000000000000150 -> -17.04250000000000000000000150
2026-08-15 13:42:24 | INFO     | pnl_engine | Trade processed: venue=OKX trade_id=T00734 trader=TRADER_C symbol=BTCUSDT side=SELL qty=0.8125 price=63040.44 fee=0.01312958 BNB fee_usdt=10.5673424630 | position 0.375 -> -0.4375 realized_pnl 841.2788711312500000000000024 -> 880.8638711312500000000000024
2026-08-15 13:42:24 | INFO     | pnl_engine | Trade processed: venue=OKX trade_id=T00142 trader=TRADER_B symbol=ETHUSDT side=BUY qty=0.25 price=3166.24 fee=0.24415520 USDT fee_usdt=0.24415520 | position 1.25 -> 1.50 realized_pnl -17.04250000000000000000000150 -> -17.04250000000000000000000150
2026-08-15 13:42:24 | INFO     | pnl_engine | Trade processed: venue=OKX trade_id=T00567 trader=TRADER_B symbol=XRPUSDT side=SELL qty=2000 price=0.62585 fee=0.34903122 USDT fee_usdt=0.34903122 | position 0 -> -2000 realized_pnl 115.9171599999999999999999996 -> 115.9171599999999999999999996
2026-08-15 13:42:24 | INFO     | pnl_engine | Trade processed: venue=BINANCE trade_id=T00014 trader=TRADER_D symbol=ETHUSDT side=BUY qty=1.5 price=3166.65 fee=0.00161703 BNB fee_usdt=1.3014665955 | position -2.25 -> -0.75 realized_pnl 194.3732252999999999999999985 -> 224.2262252999999999999999985
2026-08-15 13:42:24 | INFO     | pnl_engine | Trade processed: venue=OKX trade_id=T00712 trader=TRADER_B symbol=XRPUSDT side=BUY qty=3500 price=0.62523 fee=0.65835913 USDT fee_usdt=0.65835913 | position -2000 -> 1500 realized_pnl 115.9171599999999999999999996 -> 117.1571599999999999999999996
2026-08-15 13:42:24 | INFO     | pnl_engine | Trade processed: venue=BINANCE trade_id=T00171 trader=TRADER_C symbol=SOLUSDT side=BUY qty=30 price=155.692 fee=1.23851673 USDT fee_usdt=1.23851673 | position 130 -> 160 realized_pnl -304.0858359999999999999999945 -> -304.0858359999999999999999945
2026-08-15 13:42:24 | INFO     | pnl_engine | Trade processed: venue=OKX trade_id=T00458 trader=TRADER_C symbol=SOLUSDT side=SELL qty=5 price=155.747 fee=0.21529415 USDT fee_usdt=0.21529415 | position -30 -> -35 realized_pnl 173.5550271111111111111111100 -> 173.5550271111111111111111100
2026-08-15 13:42:24 | INFO     | pnl_engine | Trade processed: venue=OKX trade_id=T00204 trader=TRADER_C symbol=XRPUSDT side=SELL qty=500 price=0.62543 fee=0.14433140 USDT fee_usdt=0.14433140 | position 2250 -> 1750 realized_pnl -53.87752382352941176470588250 -> -52.58928852941176470588235310
2026-08-15 13:42:24 | INFO     | pnl_engine | Trade processed: venue=BINANCE trade_id=T00079 trader=TRADER_A symbol=ETHUSDT side=BUY qty=2 price=3171.41 fee=2.52769017 USDT fee_usdt=2.52769017 | position -2.00 -> 0 realized_pnl 7.94498017250000000000000075 -> 17.76498017250000000000000075
2026-08-15 13:42:24 | INFO     | pnl_engine | Trade processed: venue=OKX trade_id=T00598 trader=TRADER_C symbol=XRPUSDT side=BUY qty=500 price=0.62496 fee=0.11842756 USDT fee_usdt=0.11842756 | position 1750 -> 2250 realized_pnl -52.58928852941176470588235310 -> -52.58928852941176470588235310
2026-08-15 13:42:24 | INFO     | pnl_engine | Trade processed: venue=OKX trade_id=T00047 trader=TRADER_B symbol=ETHUSDT side=SELL qty=1 price=3175.71 fee=0.67668042 USDT fee_usdt=0.67668042 | position 1.50 -> 0.50 realized_pnl -17.04250000000000000000000150 -> -13.89750000000000000000000150
2026-08-15 13:42:24 | INFO     | pnl_engine | Trade processed: venue=BINANCE trade_id=T00337 trader=TRADER_A symbol=BTCUSDT side=BUY qty=0.0625 price=62828.26 fee=1.86507683 USDT fee_usdt=1.86507683 | position 0.8125 -> 0.8750 realized_pnl 366.3010644025000000000000200 -> 366.3010644025000000000000200
2026-08-15 13:42:24 | INFO     | pnl_engine | Trade processed: venue=OKX trade_id=T00530 trader=TRADER_C symbol=BTCUSDT side=BUY qty=0.0625 price=62826.53 fee=0.00165010 BNB fee_usdt=1.3321752330 | position -0.4375 -> -0.3750 realized_pnl 880.8638711312500000000000024 -> 894.2332461312500000000000024
2026-08-15 13:42:24 | INFO     | pnl_engine | Trade processed: venue=BYBIT trade_id=T00685 trader=TRADER_A symbol=BTCUSDT side=SELL qty=0.5 price=62820.59 fee=8.15356573 USDT fee_usdt=8.15356573 | position 0.5000 -> 0 realized_pnl -131.8099999999999999999999982 -> -190.0087499999999999999999982
2026-08-15 13:42:24 | INFO     | pnl_engine | Trade processed: venue=BINANCE trade_id=T00579 trader=TRADER_C symbol=SOLUSDT side=BUY qty=40 price=155.684 fee=1.39252541 USDT fee_usdt=1.39252541 | position 160 -> 200 realized_pnl -304.0858359999999999999999945 -> -304.0858359999999999999999945
2026-08-15 13:42:24 | INFO     | pnl_engine | Trade processed: venue=BYBIT trade_id=T00543 trader=TRADER_D symbol=XRPUSDT side=BUY qty=250 price=0.62472 fee=0.03172629 USDT fee_usdt=0.03172629 | position -250 -> 0 realized_pnl -3.430857142857142857142857080 -> -2.897999999999999999999999930
2026-08-15 13:42:24 | INFO     | pnl_engine | Trade processed: venue=OKX trade_id=T00716 trader=TRADER_B symbol=XRPUSDT side=SELL qty=2250 price=0.6247 fee=0.60405549 USDT fee_usdt=0.60405549 | position 1500 -> -750 realized_pnl 117.1571599999999999999999996 -> 116.3621599999999999999999996
2026-08-15 13:42:24 | INFO     | pnl_engine | Trade processed: venue=OKX trade_id=T00606 trader=TRADER_B symbol=XRPUSDT side=BUY qty=250 price=0.62591 fee=0.06293131 USDT fee_usdt=0.06293131 | position -750 -> -500 realized_pnl 116.3621599999999999999999996 -> 116.0596599999999999999999996
2026-08-15 13:42:24 | INFO     | pnl_engine | Trade processed: venue=BINANCE trade_id=T00249 trader=TRADER_A symbol=ETHUSDT side=BUY qty=0.5 price=3169.44 fee=0.48908224 USDT fee_usdt=0.48908224 | position 0 -> 0.5 realized_pnl 17.76498017250000000000000075 -> 17.76498017250000000000000075
2026-08-15 13:42:24 | INFO     | pnl_engine | Trade processed: venue=BINANCE trade_id=T00274 trader=TRADER_D symbol=ETHUSDT side=BUY qty=0.75 price=3171.19 fee=0.94311610 USDT fee_usdt=0.94311610 | position -0.75 -> 0 realized_pnl 224.2262252999999999999999985 -> 235.7477252999999999999999985
2026-08-15 13:42:24 | INFO     | pnl_engine | Trade processed: venue=OKX trade_id=T00268 trader=TRADER_C symbol=XRPUSDT side=BUY qty=250 price=0.62537 fee=0.03544802 USDT fee_usdt=0.03544802 | position 2250 -> 2500 realized_pnl -52.58928852941176470588235310 -> -52.58928852941176470588235310
2026-08-15 13:42:24 | INFO     | pnl_engine | Trade processed: venue=BYBIT trade_id=T00698 trader=TRADER_B symbol=ETHUSDT side=BUY qty=0.75 price=3171.97 fee=0.99321099 USDT fee_usdt=0.99321099 | position -1.50 -> -0.75 realized_pnl 109.9682872675000000000000052 -> 112.6882872675000000000000054
2026-08-15 13:42:24 | INFO     | pnl_engine | Trade processed: venue=OKX trade_id=T00244 trader=TRADER_C symbol=BTCUSDT side=BUY qty=0.8125 price=62789.03 fee=16.45828190 USDT fee_usdt=16.45828190 | position -0.3750 -> 0.4375 realized_pnl 894.2332461312500000000000024 -> 988.5119961312500000000000024
2026-08-15 13:42:24 | INFO     | pnl_engine | Trade processed: venue=BYBIT trade_id=T00641 trader=TRADER_B symbol=SOLUSDT side=BUY qty=10 price=155.817 fee=0.45138387 USDT fee_usdt=0.45138387 | position 35 -> 45 realized_pnl -18.7365170000000000000000025 -> -18.7365170000000000000000025
2026-08-15 13:42:24 | INFO     | pnl_engine | Trade processed: venue=BINANCE trade_id=T00111 trader=TRADER_A symbol=XRPUSDT side=BUY qty=1000 price=0.62532 fee=0.00020711 BNB fee_usdt=0.1672061163 | position 2500 -> 3500 realized_pnl 198.5363999999999999999999994 -> 198.5363999999999999999999994
2026-08-15 13:42:24 | INFO     | pnl_engine | Trade processed: venue=OKX trade_id=T00648 trader=TRADER_C symbol=SOLUSDT side=SELL qty=10 price=155.966 fee=0.56057943 USDT fee_usdt=0.56057943 | position -35 -> -45 realized_pnl 173.5550271111111111111111100 -> 173.5550271111111111111111100
2026-08-15 13:42:24 | INFO     | pnl_engine | Trade processed: venue=OKX trade_id=T00740 trader=TRADER_C symbol=SOLUSDT side=SELL qty=40 price=155.941 fee=1.27155537 USDT fee_usdt=1.27155537 | position -45 -> -85 realized_pnl 173.5550271111111111111111100 -> 173.5550271111111111111111100
2026-08-15 13:42:24 | INFO     | pnl_engine | Trade processed: venue=BINANCE trade_id=T00513 trader=TRADER_D symbol=XRPUSDT side=SELL qty=6250 price=0.6252 fee=1.19169351 USDT fee_usdt=1.19169351 | position 6250 -> 0 realized_pnl 7.394999999999999999999999275 -> 21.02749999999999999999999928
2026-08-15 13:42:24 | INFO     | pnl_engine | Trade processed: venue=OKX trade_id=T00324 trader=TRADER_C symbol=BTCUSDT side=BUY qty=0.3125 price=62827.52 fee=0.00855258 BNB fee_usdt=6.9047544114 | position 0.4375 -> 0.7500 realized_pnl 988.5119961312500000000000024 -> 988.5119961312500000000000024
2026-08-15 13:42:24 | INFO     | pnl_engine | Trade processed: venue=BINANCE trade_id=T00562 trader=TRADER_A symbol=XRPUSDT side=BUY qty=250 price=0.62553 fee=0.03159531 USDT fee_usdt=0.03159531 | position 3500 -> 3750 realized_pnl 198.5363999999999999999999994 -> 198.5363999999999999999999994
2026-08-15 13:42:24 | INFO     | pnl_engine | Trade processed: venue=BYBIT trade_id=T00242 trader=TRADER_B symbol=ETHUSDT side=BUY qty=0.5 price=3176.93 fee=0.49668133 USDT fee_usdt=0.49668133 | position -0.75 -> -0.25 realized_pnl 112.6882872675000000000000054 -> 112.0216206008333333333333389
2026-08-15 13:42:24 | INFO     | pnl_engine | Trade processed: venue=BINANCE trade_id=T00731 trader=TRADER_A symbol=XRPUSDT side=BUY qty=1500 price=0.62691 fee=0.00036216 BNB fee_usdt=0.2921870664 | position 3750 -> 5250 realized_pnl 198.5363999999999999999999994 -> 198.5363999999999999999999994
2026-08-15 13:42:24 | INFO     | pnl_engine | Trade processed: venue=BYBIT trade_id=T00238 trader=TRADER_D symbol=XRPUSDT side=SELL qty=1500 price=0.62663 fee=0.00044499 BNB fee_usdt=0.3590134821 | position 0 -> -1500 realized_pnl -2.897999999999999999999999930 -> -2.897999999999999999999999930
2026-08-15 13:42:24 | INFO     | pnl_engine | Trade processed: venue=BINANCE trade_id=T00746 trader=TRADER_D symbol=ETHUSDT side=SELL qty=0.25 price=3180.33 fee=0.21201882 USDT fee_usdt=0.21201882 | position 0 -> -0.25 realized_pnl 235.7477252999999999999999985 -> 235.7477252999999999999999985
2026-08-15 13:42:24 | INFO     | pnl_engine | Trade processed: venue=BINANCE trade_id=T00023 trader=TRADER_C symbol=SOLUSDT side=SELL qty=25 price=155.822 fee=1.63710462 USDT fee_usdt=1.63710462 | position 200 -> 175 realized_pnl -304.0858359999999999999999945 -> -308.4333359999999999999999945
2026-08-15 13:42:24 | INFO     | pnl_engine | Trade processed: venue=BINANCE trade_id=T00394 trader=TRADER_D symbol=XRPUSDT side=SELL qty=2000 price=0.62654 fee=0.61344846 USDT fee_usdt=0.61344846 | position 0 -> -2000 realized_pnl 21.02749999999999999999999928 -> 21.02749999999999999999999928
2026-08-15 13:42:24 | INFO     | pnl_engine | Trade processed: venue=OKX trade_id=T00532 trader=TRADER_C symbol=BTCUSDT side=SELL qty=0.0625 price=62799.81 fee=0.00163108 BNB fee_usdt=1.3159390332 | position 0.7500 -> 0.6875 realized_pnl 988.5119961312500000000000024 -> 988.1834023812500000000000024
2026-08-15 13:42:24 | INFO     | pnl_engine | Trade processed: venue=BYBIT trade_id=T00474 trader=TRADER_B symbol=SOLUSDT side=SELL qty=45 price=155.889 fee=2.71281503 USDT fee_usdt=2.71281503 | position 45 -> 0 realized_pnl -18.7365170000000000000000025 -> -37.4215170000000000000000015
2026-08-15 13:42:24 | INFO     | pnl_engine | Trade processed: venue=OKX trade_id=T00571 trader=TRADER_B symbol=ETHUSDT side=SELL qty=0.5 price=3182.43 fee=0.00062994 BNB fee_usdt=0.5082292926 | position 0.50 -> 0 realized_pnl -13.89750000000000000000000150 -> -8.96500000000000000000000150
2026-08-15 13:42:24 | INFO     | pnl_engine | Trade processed: venue=BYBIT trade_id=T00591 trader=TRADER_B symbol=SOLUSDT side=BUY qty=10 price=156.015 fee=0.57836100 USDT fee_usdt=0.57836100 | position 0 -> 10 realized_pnl -37.4215170000000000000000015 -> -37.4215170000000000000000015
2026-08-15 13:42:24 | INFO     | pnl_engine | Trade processed: venue=OKX trade_id=T00325 trader=TRADER_B symbol=ETHUSDT side=BUY qty=1.25 price=3182.57 fee=1.65884220 USDT fee_usdt=1.65884220 | position 0 -> 1.25 realized_pnl -8.96500000000000000000000150 -> -8.96500000000000000000000150
2026-08-15 13:42:24 | INFO     | pnl_engine | Trade processed: venue=OKX trade_id=T00429 trader=TRADER_B symbol=XRPUSDT side=BUY qty=500 price=0.62644 fee=0.14857474 USDT fee_usdt=0.14857474 | position -500 -> 0 realized_pnl 116.0596599999999999999999996 -> 115.1896599999999999999999996
2026-08-15 13:42:24 | INFO     | pnl_engine | Trade processed: venue=OKX trade_id=T00161 trader=TRADER_C symbol=SOLUSDT side=BUY qty=15 price=156.037 fee=0.65800126 USDT fee_usdt=0.65800126 | position -85 -> -70 realized_pnl 173.5550271111111111111111100 -> 170.8687280915032679738562085
2026-08-15 13:42:24 | INFO     | pnl_engine | Trade processed: venue=BINANCE trade_id=T00350 trader=TRADER_A symbol=XRPUSDT side=BUY qty=1000 price=0.62664 fee=0.13655199 USDT fee_usdt=0.13655199 | position 5250 -> 6250 realized_pnl 198.5363999999999999999999994 -> 198.5363999999999999999999994
2026-08-15 13:42:24 | INFO     | pnl_engine | Trade processed: venue=BINANCE trade_id=T00619 trader=TRADER_D symbol=ETHUSDT side=SELL qty=0.25 price=3178.76 fee=0.28811799 USDT fee_usdt=0.28811799 | position -0.25 -> -0.50 realized_pnl 235.7477252999999999999999985 -> 235.7477252999999999999999985
2026-08-15 13:42:24 | INFO     | pnl_engine | Trade processed: venue=BYBIT trade_id=T00252 trader=TRADER_D symbol=XRPUSDT side=BUY qty=1000 price=0.62553 fee=0.20839080 USDT fee_usdt=0.20839080 | position -1500 -> -500 realized_pnl -2.897999999999999999999999930 -> -1.797999999999999999999999930
2026-08-15 13:42:24 | INFO     | pnl_engine | Trade processed: venue=BYBIT trade_id=T00182 trader=TRADER_A symbol=SOLUSDT side=SELL qty=5 price=156.044 fee=0.23675453 USDT fee_usdt=0.23675453 | position 5 -> 0 realized_pnl 36.6117663999999999999999925 -> 33.6867663999999999999999925
2026-08-15 13:42:24 | INFO     | pnl_engine | Trade processed: venue=BINANCE trade_id=T00444 trader=TRADER_D symbol=XRPUSDT side=BUY qty=2000 price=0.62653 fee=0.28325887 USDT fee_usdt=0.28325887 | position -2000 -> 0 realized_pnl 21.02749999999999999999999928 -> 21.04749999999999999999999928
2026-08-15 13:42:24 | INFO     | pnl_engine | Trade processed: venue=BINANCE trade_id=T00396 trader=TRADER_C symbol=SOLUSDT side=BUY qty=10 price=156.387 fee=0.47882482 USDT fee_usdt=0.47882482 | position 175 -> 185 realized_pnl -308.4333359999999999999999945 -> -308.4333359999999999999999945
2026-08-15 13:42:24 | INFO     | pnl_engine | Trade processed: venue=BINANCE trade_id=T00669 trader=TRADER_D symbol=ETHUSDT side=BUY qty=1.5 price=3171.71 fee=0.96451072 USDT fee_usdt=0.96451072 | position -0.50 -> 1.00 realized_pnl 235.7477252999999999999999985 -> 239.6652252999999999999999985
2026-08-15 13:42:24 | INFO     | pnl_engine | Trade processed: venue=BYBIT trade_id=T00091 trader=TRADER_B symbol=ETHUSDT side=SELL qty=2 price=3172.14 fee=1.38708569 USDT fee_usdt=1.38708569 | position -0.25 -> -2.25 realized_pnl 112.0216206008333333333333389 -> 112.0216206008333333333333389
2026-08-15 13:42:24 | INFO     | pnl_engine | Trade processed: venue=BINANCE trade_id=T00286 trader=TRADER_A symbol=ETHUSDT side=SELL qty=0.5 price=3169.08 fee=0.52299454 USDT fee_usdt=0.52299454 | position 0.5 -> 0 realized_pnl 17.76498017250000000000000075 -> 17.58498017250000000000000075
2026-08-15 13:42:24 | INFO     | pnl_engine | Trade processed: venue=BINANCE trade_id=T00563 trader=TRADER_A symbol=BTCUSDT side=BUY qty=0.3125 price=63053 fee=0.00789636 BNB fee_usdt=6.3868918224 | position 0.8750 -> 1.1875 realized_pnl 366.3010644025000000000000200 -> 366.3010644025000000000000200
2026-08-15 13:42:24 | INFO     | pnl_engine | Trade processed: venue=OKX trade_id=T00381 trader=TRADER_C symbol=XRPUSDT side=BUY qty=500 price=0.62804 fee=0.00008743 BNB fee_usdt=0.0707168812 | position 2500 -> 3000 realized_pnl -52.58928852941176470588235310 -> -52.58928852941176470588235310
2026-08-15 13:42:24 | INFO     | pnl_engine | Trade processed: venue=BINANCE trade_id=T00741 trader=TRADER_A symbol=BTCUSDT side=BUY qty=0.3125 price=63071.84 fee=5.06298378 USDT fee_usdt=5.06298378 | position 1.1875 -> 1.5000 realized_pnl 366.3010644025000000000000200 -> 366.3010644025000000000000200
2026-08-15 13:42:24 | INFO     | pnl_engine | Trade processed: venue=BYBIT trade_id=T00508 trader=TRADER_A symbol=BTCUSDT side=BUY qty=0.375 price=63063.05 fee=10.53455406 USDT fee_usdt=10.53455406 | position 0 -> 0.375 realized_pnl -190.0087499999999999999999982 -> -190.0087499999999999999999982
2026-08-15 13:42:24 | INFO     | pnl_engine | Trade processed: venue=BINANCE trade_id=T00498 trader=TRADER_C symbol=SOLUSDT side=BUY qty=5 price=156.558 fee=0.20159253 USDT fee_usdt=0.20159253 | position 185 -> 190 realized_pnl -308.4333359999999999999999945 -> -308.4333359999999999999999945
2026-08-15 13:42:24 | INFO     | pnl_engine | Trade processed: venue=BINANCE trade_id=T00308 trader=TRADER_D symbol=ETHUSDT side=BUY qty=0.5 price=3167.97 fee=0.00095068 BNB fee_usdt=0.7689480112 | position 1.00 -> 1.50 realized_pnl 239.6652252999999999999999985 -> 239.6652252999999999999999985
2026-08-15 13:42:24 | INFO     | pnl_engine | Trade processed: venue=BINANCE trade_id=T00501 trader=TRADER_A symbol=BTCUSDT side=SELL qty=0.5 price=63082.03 fee=14.88402042 USDT fee_usdt=14.88402042 | position 1.5000 -> 1.0000 realized_pnl 366.3010644025000000000000200 -> 418.7006477358333333333333550
2026-08-15 13:42:24 | INFO     | pnl_engine | Trade processed: venue=BINANCE trade_id=T00124 trader=TRADER_A symbol=ETHUSDT side=BUY qty=0.25 price=3155.44 fee=0.34314107 USDT fee_usdt=0.34314107 | position 0 -> 0.25 realized_pnl 17.58498017250000000000000075 -> 17.58498017250000000000000075
2026-08-15 13:42:24 | INFO     | pnl_engine | Trade processed: venue=BYBIT trade_id=T00012 trader=TRADER_B symbol=SOLUSDT side=BUY qty=30 price=156.967 fee=1.06748001 USDT fee_usdt=1.06748001 | position 10 -> 40 realized_pnl -37.4215170000000000000000015 -> -37.4215170000000000000000015
2026-08-15 13:42:24 | INFO     | pnl_engine | Trade processed: venue=BYBIT trade_id=T00175 trader=TRADER_B symbol=ETHUSDT side=BUY qty=2 price=3160.3 fee=2.33532405 USDT fee_usdt=2.33532405 | position -2.25 -> -0.25 realized_pnl 112.0216206008333333333333389 -> 136.4697687489814814814814869
2026-08-15 13:42:24 | INFO     | pnl_engine | Trade processed: venue=BINANCE trade_id=T00346 trader=TRADER_C symbol=SOLUSDT side=SELL qty=190 price=156.815 fee=6.48224163 USDT fee_usdt=6.48224163 | position 190 -> 0 realized_pnl -308.4333359999999999999999945 -> -159.5258359999999999999999915
2026-08-15 13:42:24 | INFO     | pnl_engine | Trade processed: venue=BYBIT trade_id=T00003 trader=TRADER_A symbol=BTCUSDT side=SELL qty=0.0625 price=63240.34 fee=1.54318075 USDT fee_usdt=1.54318075 | position 0.375 -> 0.3125 realized_pnl -190.0087499999999999999999982 -> -178.9281249999999999999999982
2026-08-15 13:42:24 | INFO     | pnl_engine | Trade processed: venue=OKX trade_id=T00122 trader=TRADER_B symbol=XRPUSDT side=SELL qty=1000 price=0.62845 fee=0.23327938 USDT fee_usdt=0.23327938 | position 0 -> -1000 realized_pnl 115.1896599999999999999999996 -> 115.1896599999999999999999996
2026-08-15 13:42:24 | INFO     | pnl_engine | Trade processed: venue=BINANCE trade_id=T00375 trader=TRADER_D symbol=XRPUSDT side=BUY qty=250 price=0.62932 fee=0.00006402 BNB fee_usdt=0.0517646514 | position 0 -> 250 realized_pnl 21.04749999999999999999999928 -> 21.04749999999999999999999928
2026-08-15 13:42:24 | INFO     | pnl_engine | Trade processed: venue=BINANCE trade_id=T00119 trader=TRADER_D symbol=ETHUSDT side=SELL qty=0.25 price=3154.88 fee=0.34200270 USDT fee_usdt=0.34200270 | position 1.50 -> 1.25 realized_pnl 239.6652252999999999999999985 -> 235.7693919666666666666666652
2026-08-15 13:42:24 | INFO     | pnl_engine | Trade processed: venue=BYBIT trade_id=T00071 trader=TRADER_A symbol=SOLUSDT side=BUY qty=5 price=157.115 fee=0.36114419 USDT fee_usdt=0.36114419 | position 0 -> 5 realized_pnl 33.6867663999999999999999925 -> 33.6867663999999999999999925
2026-08-15 13:42:24 | INFO     | pnl_engine | Trade processed: venue=BINANCE trade_id=T00683 trader=TRADER_A symbol=XRPUSDT side=BUY qty=250 price=0.62689 fee=0.04324516 USDT fee_usdt=0.04324516 | position 6250 -> 6500 realized_pnl 198.5363999999999999999999994 -> 198.5363999999999999999999994
2026-08-15 13:42:24 | INFO     | pnl_engine | Trade processed: venue=BYBIT trade_id=T00231 trader=TRADER_B symbol=ETHUSDT side=BUY qty=1.5 price=3159.04 fee=0.00290585 BNB fee_usdt=2.3551042495 | position -0.25 -> 1.25 realized_pnl 136.4697687489814814814814869 -> 139.8407872675000000000000054
2026-08-15 13:42:24 | INFO     | pnl_engine | Trade processed: venue=BINANCE trade_id=T00293 trader=TRADER_A symbol=ETHUSDT side=SELL qty=0.5 price=3165.82 fee=0.54551075 USDT fee_usdt=0.54551075 | position 0.25 -> -0.25 realized_pnl 17.58498017250000000000000075 -> 20.17998017250000000000000075
2026-08-15 13:42:24 | INFO     | pnl_engine | Trade processed: venue=BINANCE trade_id=T00620 trader=TRADER_A symbol=XRPUSDT side=SELL qty=6500 price=0.62721 fee=1.13978798 USDT fee_usdt=1.13978798 | position 6500 -> 0 realized_pnl 198.5363999999999999999999994 -> 206.8613999999999999999999992
2026-08-15 13:42:24 | INFO     | pnl_engine | Trade processed: venue=OKX trade_id=T00711 trader=TRADER_B symbol=XRPUSDT side=SELL qty=1000 price=0.62723 fee=0.23530549 USDT fee_usdt=0.23530549 | position -1000 -> -2000 realized_pnl 115.1896599999999999999999996 -> 115.1896599999999999999999996
2026-08-15 13:42:24 | INFO     | pnl_engine | Trade processed: venue=OKX trade_id=T00423 trader=TRADER_B symbol=ETHUSDT side=BUY qty=0.5 price=3159.48 fee=0.43711085 USDT fee_usdt=0.43711085 | position 1.25 -> 1.75 realized_pnl -8.96500000000000000000000150 -> -8.96500000000000000000000150
2026-08-15 13:42:24 | INFO     | pnl_engine | Trade processed: venue=OKX trade_id=T00667 trader=TRADER_B symbol=XRPUSDT side=BUY qty=750 price=0.62608 fee=0.12998561 USDT fee_usdt=0.12998561 | position -2000 -> -1250 realized_pnl 115.1896599999999999999999996 -> 116.5096599999999999999999996
2026-08-15 13:42:24 | INFO     | pnl_engine | Trade processed: venue=OKX trade_id=T00686 trader=TRADER_C symbol=SOLUSDT side=SELL qty=5 price=156.992 fee=0.27679483 USDT fee_usdt=0.27679483 | position -70 -> -75 realized_pnl 170.8687280915032679738562085 -> 170.8687280915032679738562085
2026-08-15 13:42:24 | INFO     | pnl_engine | Trade processed: venue=BINANCE trade_id=T00618 trader=TRADER_A symbol=BTCUSDT side=SELL qty=0.125 price=63270.61 fee=2.33494334 USDT fee_usdt=2.33494334 | position 1.0000 -> 0.8750 realized_pnl 418.7006477358333333333333550 -> 455.3730435691666666666666888
2026-08-15 13:42:24 | INFO     | pnl_engine | Trade processed: venue=OKX trade_id=T00502 trader=TRADER_B symbol=XRPUSDT side=BUY qty=3250 price=0.62671 fee=0.74724812 USDT fee_usdt=0.74724812 | position -1250 -> 2000 realized_pnl 116.5096599999999999999999996 -> 117.9221599999999999999999996
2026-08-15 13:42:24 | INFO     | pnl_engine | Trade processed: venue=OKX trade_id=T00542 trader=TRADER_C symbol=SOLUSDT side=BUY qty=5 price=156.956 fee=0.37413463 USDT fee_usdt=0.37413463 | position -75 -> -70 realized_pnl 170.8687280915032679738562085 -> 165.7563239520697167755991280
2026-08-15 13:42:24 | INFO     | pnl_engine | Trade processed: venue=BYBIT trade_id=T00601 trader=TRADER_D symbol=XRPUSDT side=BUY qty=2000 price=0.62618 fee=0.32627659 USDT fee_usdt=0.32627659 | position -500 -> 1500 realized_pnl -1.797999999999999999999999930 -> -1.572999999999999999999999930
2026-08-15 13:42:24 | INFO     | pnl_engine | Trade processed: venue=BYBIT trade_id=T00519 trader=TRADER_D symbol=XRPUSDT side=SELL qty=2000 price=0.62683 fee=0.55069908 USDT fee_usdt=0.55069908 | position 1500 -> -500 realized_pnl -1.572999999999999999999999930 -> -0.597999999999999999999999930
2026-08-15 13:42:24 | INFO     | pnl_engine | Trade processed: venue=BINANCE trade_id=T00468 trader=TRADER_A symbol=ETHUSDT side=BUY qty=1.5 price=3163.99 fee=2.01628857 USDT fee_usdt=2.01628857 | position -0.25 -> 1.25 realized_pnl 20.17998017250000000000000075 -> 20.63748017250000000000000075
2026-08-15 13:42:24 | INFO     | pnl_engine | Trade processed: venue=BYBIT trade_id=T00107 trader=TRADER_A symbol=SOLUSDT side=SELL qty=10 price=157.042 fee=0.50912457 USDT fee_usdt=0.50912457 | position 5 -> -5 realized_pnl 33.6867663999999999999999925 -> 33.3217663999999999999999925
2026-08-15 13:42:24 | INFO     | pnl_engine | Trade processed: venue=BINANCE trade_id=T00678 trader=TRADER_A symbol=ETHUSDT side=SELL qty=1.25 price=3164.5 fee=1.35268290 USDT fee_usdt=1.35268290 | position 1.25 -> 0 realized_pnl 20.63748017250000000000000075 -> 21.27498017250000000000000075
2026-08-15 13:42:24 | INFO     | pnl_engine | Trade processed: venue=OKX trade_id=T00013 trader=TRADER_C symbol=XRPUSDT side=SELL qty=2000 price=0.62468 fee=0.44690394 USDT fee_usdt=0.44690394 | position 3000 -> 1000 realized_pnl -52.58928852941176470588235310 -> -51.78673950980392156862745110
2026-08-15 13:42:24 | INFO     | pnl_engine | Trade processed: venue=OKX trade_id=T00483 trader=TRADER_B symbol=XRPUSDT side=SELL qty=2000 price=0.6252 fee=0.58129878 USDT fee_usdt=0.58129878 | position 2000 -> 0 realized_pnl 117.9221599999999999999999996 -> 114.9021599999999999999999996
2026-08-15 13:42:24 | INFO     | pnl_engine | Trade processed: venue=BINANCE trade_id=T00402 trader=TRADER_D symbol=ETHUSDT side=SELL qty=1.25 price=3161.96 fee=0.00171798 BNB fee_usdt=1.3958415702 | position 1.25 -> 0 realized_pnl 235.7693919666666666666666652 -> 225.1402252999999999999999990
2026-08-15 13:42:24 | INFO     | pnl_engine | Trade processed: venue=BYBIT trade_id=T00275 trader=TRADER_A symbol=SOLUSDT side=BUY qty=5 price=157.05 fee=0.23370914 USDT fee_usdt=0.23370914 | position -5 -> 0 realized_pnl 33.3217663999999999999999925 -> 33.2817663999999999999999925
2026-08-15 13:42:24 | INFO     | pnl_engine | Trade processed: venue=OKX trade_id=T00178 trader=TRADER_B symbol=XRPUSDT side=SELL qty=1500 price=0.62519 fee=0.35064025 USDT fee_usdt=0.35064025 | position 0 -> -1500 realized_pnl 114.9021599999999999999999996 -> 114.9021599999999999999999996
2026-08-15 13:42:24 | INFO     | pnl_engine | Trade processed: venue=BINANCE trade_id=T00456 trader=TRADER_C symbol=SOLUSDT side=BUY qty=40 price=156.894 fee=1.76065231 USDT fee_usdt=1.76065231 | position 0 -> 40 realized_pnl -159.5258359999999999999999915 -> -159.5258359999999999999999915
2026-08-15 13:42:24 | INFO     | pnl_engine | Trade processed: venue=BINANCE trade_id=T00443 trader=TRADER_D symbol=XRPUSDT side=SELL qty=750 price=0.62421 fee=0.21021730 USDT fee_usdt=0.21021730 | position 250 -> -500 realized_pnl 21.04749999999999999999999928 -> 19.76999999999999999999999928
2026-08-15 13:42:24 | INFO     | pnl_engine | Trade processed: venue=OKX trade_id=T00354 trader=TRADER_B symbol=XRPUSDT side=SELL qty=1250 price=0.62475 fee=0.00028048 BNB fee_usdt=0.2278871952 | position -1500 -> -2750 realized_pnl 114.9021599999999999999999996 -> 114.9021599999999999999999996
2026-08-15 13:42:24 | INFO     | pnl_engine | Trade processed: venue=OKX trade_id=T00408 trader=TRADER_B symbol=ETHUSDT side=SELL qty=0.75 price=3161.17 fee=0.84583353 USDT fee_usdt=0.84583353 | position 1.75 -> 1.00 realized_pnl -8.96500000000000000000000150 -> -20.06714285714285714285714425
2026-08-15 13:42:24 | INFO     | pnl_engine | Trade processed: venue=BINANCE trade_id=T00438 trader=TRADER_D symbol=XRPUSDT side=SELL qty=250 price=0.62547 fee=0.06569379 USDT fee_usdt=0.06569379 | position -500 -> -750 realized_pnl 19.76999999999999999999999928 -> 19.76999999999999999999999928
2026-08-15 13:42:24 | INFO     | pnl_engine | Trade processed: venue=BINANCE trade_id=T00637 trader=TRADER_D symbol=ETHUSDT side=SELL qty=1 price=3161.33 fee=1.35356058 USDT fee_usdt=1.35356058 | position 0 -> -1 realized_pnl 225.1402252999999999999999990 -> 225.1402252999999999999999990
2026-08-15 13:42:24 | INFO     | pnl_engine | Trade processed: venue=BINANCE trade_id=T00265 trader=TRADER_D symbol=ETHUSDT side=SELL qty=1.5 price=3162.95 fee=1.92378592 USDT fee_usdt=1.92378592 | position -1 -> -2.5 realized_pnl 225.1402252999999999999999990 -> 225.1402252999999999999999990
2026-08-15 13:42:24 | INFO     | pnl_engine | Trade processed: venue=BYBIT trade_id=T00169 trader=TRADER_B symbol=SOLUSDT side=SELL qty=25 price=157.034 fee=1.22166574 USDT fee_usdt=1.22166574 | position 40 -> 15 realized_pnl -37.4215170000000000000000015 -> -29.7965170000000000000000015
2026-08-15 13:42:24 | INFO     | pnl_engine | Trade processed: venue=BINANCE trade_id=T00327 trader=TRADER_C symbol=SOLUSDT side=SELL qty=10 price=157.114 fee=0.77093893 USDT fee_usdt=0.77093893 | position 40 -> 30 realized_pnl -159.5258359999999999999999915 -> -157.3258359999999999999999915
2026-08-15 13:42:24 | INFO     | pnl_engine | Trade processed: venue=BINANCE trade_id=T00287 trader=TRADER_C symbol=SOLUSDT side=SELL qty=5 price=157.062 fee=0.21338813 USDT fee_usdt=0.21338813 | position 30 -> 25 realized_pnl -157.3258359999999999999999915 -> -156.4858359999999999999999915
2026-08-15 13:42:24 | INFO     | pnl_engine | Trade processed: venue=OKX trade_id=T00578 trader=TRADER_C symbol=XRPUSDT side=SELL qty=750 price=0.62434 fee=0.00012615 BNB fee_usdt=0.1024956135 | position 1000 -> 250 realized_pnl -51.78673950980392156862745110 -> -51.74078362745098039215686285
2026-08-15 13:42:24 | INFO     | pnl_engine | Trade processed: venue=BYBIT trade_id=T00132 trader=TRADER_B symbol=ETHUSDT side=BUY qty=2 price=3159.5 fee=2.39889720 USDT fee_usdt=2.39889720 | position 1.25 -> 3.25 realized_pnl 139.8407872675000000000000054 -> 139.8407872675000000000000054
2026-08-15 13:42:24 | INFO     | pnl_engine | Trade processed: venue=OKX trade_id=T00725 trader=TRADER_C symbol=BTCUSDT side=BUY qty=0.375 price=63188.51 fee=7.70599454 USDT fee_usdt=7.70599454 | position 0.6875 -> 1.0625 realized_pnl 988.1834023812500000000000024 -> 988.1834023812500000000000024
2026-08-15 13:42:24 | INFO     | pnl_engine | Trade processed: venue=BINANCE trade_id=T00592 trader=TRADER_C symbol=SOLUSDT side=SELL qty=25 price=156.98 fee=1.08920379 USDT fee_usdt=1.08920379 | position 25 -> 0 realized_pnl -156.4858359999999999999999915 -> -154.3358359999999999999999915
2026-08-15 13:42:24 | INFO     | pnl_engine | Trade processed: venue=BINANCE trade_id=T00398 trader=TRADER_A symbol=XRPUSDT side=BUY qty=1000 price=0.62552 fee=0.23059332 USDT fee_usdt=0.23059332 | position 0 -> 1000 realized_pnl 206.8613999999999999999999992 -> 206.8613999999999999999999992
2026-08-15 13:42:24 | INFO     | pnl_engine | Trade processed: venue=BYBIT trade_id=T00455 trader=TRADER_A symbol=SOLUSDT side=SELL qty=25 price=156.872 fee=0.87112527 USDT fee_usdt=0.87112527 | position 0 -> -25 realized_pnl 33.2817663999999999999999925 -> 33.2817663999999999999999925
2026-08-15 13:42:24 | INFO     | pnl_engine | Trade processed: venue=BINANCE trade_id=T00668 trader=TRADER_C symbol=SOLUSDT side=SELL qty=15 price=157.332 fee=0.88141845 USDT fee_usdt=0.88141845 | position 0 -> -15 realized_pnl -154.3358359999999999999999915 -> -154.3358359999999999999999915
2026-08-15 13:42:24 | INFO     | pnl_engine | Trade processed: venue=OKX trade_id=T00688 trader=TRADER_C symbol=SOLUSDT side=BUY qty=30 price=157.541 fee=1.40249637 USDT fee_usdt=1.40249637 | position -70 -> -40 realized_pnl 165.7563239520697167755991280 -> 117.5318991154684095860566450
2026-08-15 13:42:24 | INFO     | pnl_engine | Trade processed: venue=BYBIT trade_id=T00564 trader=TRADER_B symbol=SOLUSDT side=BUY qty=40 price=157.521 fee=1.95237456 USDT fee_usdt=1.95237456 | position 15 -> 55 realized_pnl -29.7965170000000000000000015 -> -29.7965170000000000000000015
2026-08-15 13:42:24 | INFO     | pnl_engine | Trade processed: venue=BYBIT trade_id=T00706 trader=TRADER_A symbol=SOLUSDT side=BUY qty=25 price=157.481 fee=1.36701020 USDT fee_usdt=1.36701020 | position -25 -> 0 realized_pnl 33.2817663999999999999999925 -> 18.0567663999999999999999925
2026-08-15 13:42:24 | INFO     | pnl_engine | Trade processed: venue=OKX trade_id=T00042 trader=TRADER_B symbol=ETHUSDT side=BUY qty=1.25 price=3155.99 fee=1.96372539 USDT fee_usdt=1.96372539 | position 1.00 -> 2.25 realized_pnl -20.06714285714285714285714425 -> -20.06714285714285714285714425
2026-08-15 13:42:24 | INFO     | pnl_engine | Trade processed: venue=BINANCE trade_id=T00486 trader=TRADER_D symbol=ETHUSDT side=BUY qty=0.75 price=3155.11 fee=0.00109978 BNB fee_usdt=0.8908877868 | position -2.5 -> -1.75 realized_pnl 225.1402252999999999999999990 -> 230.5342252999999999999999990
2026-08-15 13:42:24 | INFO     | pnl_engine | Trade processed: venue=OKX trade_id=T00526 trader=TRADER_B symbol=ETHUSDT side=SELL qty=2 price=3155.43 fee=1.44548783 USDT fee_usdt=1.44548783 | position 2.25 -> 0.25 realized_pnl -20.06714285714285714285714425 -> -38.94968253968253968253968425
2026-08-15 13:42:24 | INFO     | pnl_engine | Trade processed: venue=OKX trade_id=T00534 trader=TRADER_C symbol=XRPUSDT side=SELL qty=2000 price=0.62411 fee=0.55453094 USDT fee_usdt=0.55453094 | position 250 -> -1750 realized_pnl -51.74078362745098039215686285 -> -51.78296500000000000000000010
2026-08-15 13:42:24 | INFO     | pnl_engine | Trade processed: venue=BINANCE trade_id=T00404 trader=TRADER_A symbol=ETHUSDT side=BUY qty=0.5 price=3154.86 fee=0.72113739 USDT fee_usdt=0.72113739 | position 0 -> 0.5 realized_pnl 21.27498017250000000000000075 -> 21.27498017250000000000000075
2026-08-15 13:42:24 | INFO     | pnl_engine | Trade processed: venue=OKX trade_id=T00044 trader=TRADER_C symbol=SOLUSDT side=SELL qty=5 price=157.906 fee=0.00029900 BNB fee_usdt=0.2414245600 | position -40 -> -45 realized_pnl 117.5318991154684095860566450 -> 117.5318991154684095860566450
2026-08-15 13:42:24 | INFO     | pnl_engine | Trade processed: venue=BYBIT trade_id=T00302 trader=TRADER_D symbol=XRPUSDT side=BUY qty=1500 price=0.6246 fee=0.40548298 USDT fee_usdt=0.40548298 | position -500 -> 1000 realized_pnl -0.597999999999999999999999930 -> 0.517000000000000000000000070
2026-08-15 13:42:24 | INFO     | pnl_engine | Trade processed: venue=BYBIT trade_id=T00338 trader=TRADER_B symbol=SOLUSDT side=BUY qty=40 price=157.734 fee=2.76790660 USDT fee_usdt=2.76790660 | position 55 -> 95 realized_pnl -29.7965170000000000000000015 -> -29.7965170000000000000000015
2026-08-15 13:42:24 | INFO     | pnl_engine | Trade processed: venue=BYBIT trade_id=T00081 trader=TRADER_A symbol=SOLUSDT side=BUY qty=40 price=157.821 fee=3.15261611 USDT fee_usdt=3.15261611 | position 0 -> 40 realized_pnl 18.0567663999999999999999925 -> 18.0567663999999999999999925
2026-08-15 13:42:24 | INFO     | pnl_engine | Trade processed: venue=OKX trade_id=T00471 trader=TRADER_C symbol=BTCUSDT side=BUY qty=0.1875 price=63296.74 fee=5.90493134 USDT fee_usdt=5.90493134 | position 1.0625 -> 1.2500 realized_pnl 988.1834023812500000000000024 -> 988.1834023812500000000000024
2026-08-15 13:42:24 | INFO     | pnl_engine | Trade processed: venue=BINANCE trade_id=T00511 trader=TRADER_A symbol=ETHUSDT side=SELL qty=1.5 price=3146.35 fee=1.98298908 USDT fee_usdt=1.98298908 | position 0.5 -> -1.0 realized_pnl 21.27498017250000000000000075 -> 17.01998017250000000000000075
2026-08-15 13:42:24 | INFO     | pnl_engine | Trade processed: venue=OKX trade_id=T00420 trader=TRADER_C symbol=BTCUSDT side=SELL qty=0.125 price=63367.23 fee=3.00918216 USDT fee_usdt=3.00918216 | position 1.2500 -> 1.1250 realized_pnl 988.1834023812500000000000024 -> 1034.855761756250000000000002
2026-08-15 13:42:24 | INFO     | pnl_engine | Trade processed: venue=BINANCE trade_id=T00622 trader=TRADER_D symbol=XRPUSDT side=SELL qty=500 price=0.62429 fee=0.14521779 USDT fee_usdt=0.14521779 | position -750 -> -1250 realized_pnl 19.76999999999999999999999928 -> 19.76999999999999999999999928
2026-08-15 13:42:24 | INFO     | pnl_engine | Trade processed: venue=BINANCE trade_id=T00262 trader=TRADER_D symbol=ETHUSDT side=BUY qty=0.25 price=3152.76 fee=0.22890534 USDT fee_usdt=0.22890534 | position -1.75 -> -1.50 realized_pnl 230.5342252999999999999999990 -> 232.9197252999999999999999990
2026-08-15 13:42:24 | INFO     | pnl_engine | Trade processed: venue=OKX trade_id=T00434 trader=TRADER_C symbol=BTCUSDT side=SELL qty=0.25 price=63247.49 fee=5.10902750 USDT fee_usdt=5.10902750 | position 1.1250 -> 0.8750 realized_pnl 1034.855761756250000000000002 -> 1098.265480506250000000000002
2026-08-15 13:42:24 | INFO     | pnl_engine | Trade processed: venue=BINANCE trade_id=T00031 trader=TRADER_C symbol=SOLUSDT side=SELL qty=20 price=157.881 fee=0.97097242 USDT fee_usdt=0.97097242 | position -15 -> -35 realized_pnl -154.3358359999999999999999915 -> -154.3358359999999999999999915
2026-08-15 13:42:24 | INFO     | pnl_engine | Trade processed: venue=BINANCE trade_id=T00140 trader=TRADER_A symbol=BTCUSDT side=SELL qty=0.375 price=63300.1 fee=11.79601207 USDT fee_usdt=11.79601207 | position 0.8750 -> 0.5000 realized_pnl 455.3730435691666666666666888 -> 576.4489810691666666666666900
2026-08-15 13:42:24 | INFO     | pnl_engine | Trade processed: venue=OKX trade_id=T00309 trader=TRADER_B symbol=ETHUSDT side=BUY qty=0.25 price=3149.07 fee=0.20860499 USDT fee_usdt=0.20860499 | position 0.25 -> 0.50 realized_pnl -38.94968253968253968253968425 -> -38.94968253968253968253968425
2026-08-15 13:42:24 | INFO     | pnl_engine | Trade processed: venue=BYBIT trade_id=T00093 trader=TRADER_B symbol=SOLUSDT side=SELL qty=5 price=157.855 fee=0.34961130 USDT fee_usdt=0.34961130 | position 95 -> 90 realized_pnl -29.7965170000000000000000015 -> -27.9496748947368421052631595
2026-08-15 13:42:24 | INFO     | pnl_engine | Trade processed: venue=BYBIT trade_id=T00745 trader=TRADER_B symbol=ETHUSDT side=SELL qty=1 price=3152.61 fee=1.10074205 USDT fee_usdt=1.10074205 | position 3.25 -> 2.25 realized_pnl 139.8407872675000000000000054 -> 133.1277103444230769230769284
2026-08-15 13:42:24 | INFO     | pnl_engine | Trade processed: venue=BYBIT trade_id=T00693 trader=TRADER_B symbol=SOLUSDT side=SELL qty=5 price=157.712 fee=0.36019012 USDT fee_usdt=0.36019012 | position 90 -> 85 realized_pnl -27.9496748947368421052631595 -> -26.8178327894736842105263175
2026-08-15 13:42:24 | INFO     | pnl_engine | Trade processed: venue=BYBIT trade_id=T00720 trader=TRADER_A symbol=BTCUSDT side=BUY qty=0.5 price=63323.42 fee=10.17715142 USDT fee_usdt=10.17715142 | position 0.3125 -> 0.8125 realized_pnl -178.9281249999999999999999982 -> -178.9281249999999999999999982
2026-08-15 13:42:24 | INFO     | pnl_engine | Trade processed: venue=BINANCE trade_id=T00191 trader=TRADER_A symbol=BTCUSDT side=BUY qty=0.375 price=63190.97 fee=8.06506589 USDT fee_usdt=8.06506589 | position 0.5000 -> 0.8750 realized_pnl 576.4489810691666666666666900 -> 576.4489810691666666666666900
2026-08-15 13:42:24 | INFO     | pnl_engine | Trade processed: venue=OKX trade_id=T00554 trader=TRADER_B symbol=XRPUSDT side=BUY qty=1500 price=0.62627 fee=0.00034958 BNB fee_usdt=0.2823347912 | position -2750 -> -1250 realized_pnl 114.9021599999999999999999996 -> 112.9821599999999999999999996
2026-08-15 13:42:24 | INFO     | pnl_engine | Trade processed: venue=OKX trade_id=T00660 trader=TRADER_C symbol=XRPUSDT side=SELL qty=250 price=0.62733 fee=0.03291917 USDT fee_usdt=0.03291917 | position -1750 -> -2000 realized_pnl -51.78296500000000000000000010 -> -51.78296500000000000000000010
2026-08-15 13:42:24 | INFO     | pnl_engine | Trade processed: venue=OKX trade_id=T00475 trader=TRADER_C symbol=SOLUSDT side=SELL qty=10 price=157.312 fee=0.39249657 USDT fee_usdt=0.39249657 | position -45 -> -55 realized_pnl 117.5318991154684095860566450 -> 117.5318991154684095860566450
2026-08-15 13:42:24 | INFO     | pnl_engine | Trade processed: venue=BINANCE trade_id=T00220 trader=TRADER_C symbol=SOLUSDT side=BUY qty=35 price=157.216 fee=0.00157140 BNB fee_usdt=1.2691254960 | position -35 -> 0 realized_pnl -154.3358359999999999999999915 -> -139.2958359999999999999999910
2026-08-15 13:42:24 | INFO     | pnl_engine | Trade processed: venue=OKX trade_id=T00143 trader=TRADER_C symbol=SOLUSDT side=SELL qty=5 price=157.519 fee=0.31154443 USDT fee_usdt=0.31154443 | position -55 -> -60 realized_pnl 117.5318991154684095860566450 -> 117.5318991154684095860566450
2026-08-15 13:42:24 | INFO     | pnl_engine | Trade processed: venue=OKX trade_id=T00663 trader=TRADER_B symbol=ETHUSDT side=SELL qty=1.25 price=3153.13 fee=1.07512950 USDT fee_usdt=1.07512950 | position 0.50 -> -0.75 realized_pnl -38.94968253968253968253968425 -> -40.87000000000000000000000225
2026-08-15 13:42:24 | INFO     | pnl_engine | Trade processed: venue=OKX trade_id=T00114 trader=TRADER_C symbol=XRPUSDT side=BUY qty=4750 price=0.62727 fee=0.74521492 USDT fee_usdt=0.74521492 | position -2000 -> 2750 realized_pnl -51.78296500000000000000000010 -> -57.29796500000000000000000010
2026-08-15 13:42:24 | INFO     | pnl_engine | Trade processed: venue=OKX trade_id=T00599 trader=TRADER_C symbol=SOLUSDT side=BUY qty=135 price=157.368 fee=10.21526607 USDT fee_usdt=10.21526607 | position -60 -> 75 realized_pnl 117.5318991154684095860566450 -> 63.0376660000000000000000030
2026-08-15 13:42:24 | INFO     | pnl_engine | Trade processed: venue=BINANCE trade_id=T00547 trader=TRADER_A symbol=BTCUSDT side=BUY qty=0.125 price=63216.19 fee=2.67715853 USDT fee_usdt=2.67715853 | position 0.8750 -> 1.0000 realized_pnl 576.4489810691666666666666900 -> 576.4489810691666666666666900
2026-08-15 13:42:24 | INFO     | pnl_engine | Trade processed: venue=OKX trade_id=T00589 trader=TRADER_C symbol=BTCUSDT side=BUY qty=0.0625 price=63265.27 fee=0.00138829 BNB fee_usdt=1.1212385356 | position 0.8750 -> 0.9375 realized_pnl 1098.265480506250000000000002 -> 1098.265480506250000000000002
2026-08-15 13:42:24 | INFO     | pnl_engine | Trade processed: venue=BINANCE trade_id=T00515 trader=TRADER_A symbol=BTCUSDT side=SELL qty=0.5 price=63283.28 fee=13.29940207 USDT fee_usdt=13.29940207 | position 1.0000 -> 0.5000 realized_pnl 576.4489810691666666666666900 -> 674.4625227358333333333333600
2026-08-15 13:42:24 | INFO     | pnl_engine | Trade processed: venue=OKX trade_id=T00165 trader=TRADER_C symbol=XRPUSDT side=BUY qty=1500 price=0.62643 fee=0.00043482 BNB fee_usdt=0.3511780248 | position 2750 -> 4250 realized_pnl -57.29796500000000000000000010 -> -57.29796500000000000000000010
2026-08-15 13:42:24 | INFO     | pnl_engine | Trade processed: venue=BYBIT trade_id=T00570 trader=TRADER_A symbol=BTCUSDT side=BUY qty=0.375 price=63215.1 fee=0.01025283 BNB fee_usdt=8.2805956212 | position 0.8125 -> 1.1875 realized_pnl -178.9281249999999999999999982 -> -178.9281249999999999999999982
2026-08-15 13:42:24 | INFO     | pnl_engine | Trade processed: venue=BYBIT trade_id=T00233 trader=TRADER_A symbol=BTCUSDT side=SELL qty=0.375 price=63186.77 fee=9.17105890 USDT fee_usdt=9.17105890 | position 1.1875 -> 0.8125 realized_pnl -178.9281249999999999999999982 -> -191.6500986842105263157894707
2026-08-15 13:42:24 | INFO     | pnl_engine | Trade processed: venue=BYBIT trade_id=T00288 trader=TRADER_A symbol=SOLUSDT side=BUY qty=10 price=157.412 fee=0.53174553 USDT fee_usdt=0.53174553 | position 40 -> 50 realized_pnl 18.0567663999999999999999925 -> 18.0567663999999999999999925
2026-08-15 13:42:24 | INFO     | pnl_engine | Trade processed: venue=BYBIT trade_id=T00621 trader=TRADER_B symbol=ETHUSDT side=SELL qty=0.25 price=3150.81 fee=0.21055042 USDT fee_usdt=0.21055042 | position 2.25 -> 2.00 realized_pnl 133.1277103444230769230769284 -> 130.9994411136538461538461592
2026-08-15 13:42:24 | INFO     | pnl_engine | Trade processed: venue=BINANCE trade_id=T00103 trader=TRADER_C symbol=SOLUSDT side=BUY qty=10 price=157.197 fee=0.73658112 USDT fee_usdt=0.73658112 | position 0 -> 10 realized_pnl -139.2958359999999999999999910 -> -139.2958359999999999999999910
2026-08-15 13:42:24 | INFO     | pnl_engine | Trade processed: venue=BYBIT trade_id=T00467 trader=TRADER_B symbol=SOLUSDT side=SELL qty=40 price=157.556 fee=1.50618661 USDT fee_usdt=1.50618661 | position 85 -> 45 realized_pnl -26.8178327894736842105263175 -> -24.0030959473684210526315815
2026-08-15 13:42:24 | INFO     | pnl_engine | Trade processed: venue=BYBIT trade_id=T00290 trader=TRADER_A symbol=BTCUSDT side=BUY qty=0.0625 price=63183.13 fee=0.00200387 BNB fee_usdt=1.6163616194 | position 0.8125 -> 0.8750 realized_pnl -191.6500986842105263157894707 -> -191.6500986842105263157894707
2026-08-15 13:42:24 | INFO     | pnl_engine | Trade processed: venue=OKX trade_id=T00072 trader=TRADER_B symbol=XRPUSDT side=BUY qty=1250 price=0.62704 fee=0.28659253 USDT fee_usdt=0.28659253 | position -1250 -> 0 realized_pnl 112.9821599999999999999999996 -> 110.4196599999999999999999996
2026-08-15 13:42:24 | INFO     | pnl_engine | Trade processed: venue=OKX trade_id=T00659 trader=TRADER_B symbol=ETHUSDT side=BUY qty=0.25 price=3146 fee=0.00025309 BNB fee_usdt=0.2041474558 | position -0.75 -> -0.50 realized_pnl -40.87000000000000000000000225 -> -39.08750000000000000000000225
2026-08-15 13:42:24 | INFO     | pnl_engine | Trade processed: venue=BYBIT trade_id=T00465 trader=TRADER_B symbol=ETHUSDT side=BUY qty=0.25 price=3146.13 fee=0.17485539 USDT fee_usdt=0.17485539 | position 2.00 -> 2.25 realized_pnl 130.9994411136538461538461592 -> 130.9994411136538461538461592
2026-08-15 13:42:24 | INFO     | pnl_engine | Trade processed: venue=OKX trade_id=T00237 trader=TRADER_B symbol=ETHUSDT side=SELL qty=2 price=3144.21 fee=2.53776362 USDT fee_usdt=2.53776362 | position -0.50 -> -2.50 realized_pnl -39.08750000000000000000000225 -> -39.08750000000000000000000225
2026-08-15 13:42:24 | INFO     | pnl_engine | Trade processed: venue=BYBIT trade_id=T00383 trader=TRADER_A symbol=SOLUSDT side=SELL qty=5 price=157.472 fee=0.27797395 USDT fee_usdt=0.27797395 | position 50 -> 45 realized_pnl 18.0567663999999999999999925 -> 16.7207663999999999999999925
2026-08-15 13:42:24 | INFO     | pnl_engine | Trade processed: venue=BYBIT trade_id=T00729 trader=TRADER_B symbol=ETHUSDT side=SELL qty=1.25 price=3139.05 fee=1.83866803 USDT fee_usdt=1.83866803 | position 2.25 -> 1.00 realized_pnl 130.9994411136538461538461592 -> 107.4904667546794871794871842
2026-08-15 13:42:24 | INFO     | pnl_engine | Trade processed: venue=OKX trade_id=T00509 trader=TRADER_B symbol=ETHUSDT side=SELL qty=0.75 price=3139.57 fee=0.00142432 BNB fee_usdt=1.1488849984 | position -2.50 -> -3.25 realized_pnl -39.08750000000000000000000225 -> -39.08750000000000000000000225
2026-08-15 13:42:24 | INFO     | pnl_engine | Trade processed: venue=OKX trade_id=T00167 trader=TRADER_C symbol=XRPUSDT side=BUY qty=500 price=0.62752 fee=0.08546406 USDT fee_usdt=0.08546406 | position 4250 -> 4750 realized_pnl -57.29796500000000000000000010 -> -57.29796500000000000000000010
2026-08-15 13:42:24 | INFO     | pnl_engine | Trade processed: venue=BINANCE trade_id=T00280 trader=TRADER_D symbol=ETHUSDT side=SELL qty=0.5 price=3144.03 fee=0.69213986 USDT fee_usdt=0.69213986 | position -1.50 -> -2.00 realized_pnl 232.9197252999999999999999990 -> 232.9197252999999999999999990
2026-08-15 13:42:24 | INFO     | pnl_engine | Trade processed: venue=OKX trade_id=T00407 trader=TRADER_C symbol=SOLUSDT side=BUY qty=10 price=157.494 fee=0.35683487 USDT fee_usdt=0.35683487 | position 75 -> 85 realized_pnl 63.0376660000000000000000030 -> 63.0376660000000000000000030
2026-08-15 13:42:24 | INFO     | pnl_engine | Trade processed: venue=OKX trade_id=T00080 trader=TRADER_C symbol=SOLUSDT side=SELL qty=5 price=157.742 fee=0.00047767 BNB fee_usdt=0.3852981754 | position 85 -> 80 realized_pnl 63.0376660000000000000000030 -> 64.8335483529411764705882385
2026-08-15 13:42:24 | INFO     | pnl_engine | Trade processed: venue=BYBIT trade_id=T00431 trader=TRADER_D symbol=XRPUSDT side=BUY qty=500 price=0.62841 fee=0.00009297 BNB fee_usdt=0.0749914614 | position 1000 -> 1500 realized_pnl 0.517000000000000000000000070 -> 0.517000000000000000000000070
2026-08-15 13:42:24 | INFO     | pnl_engine | Trade processed: venue=OKX trade_id=T00462 trader=TRADER_B symbol=ETHUSDT side=BUY qty=0.75 price=3142.72 fee=0.00070372 BNB fee_usdt=0.5676346264 | position -3.25 -> -2.50 realized_pnl -39.08750000000000000000000225 -> -37.74384615384615384615384875
2026-08-15 13:42:24 | INFO     | pnl_engine | Trade processed: venue=OKX trade_id=T00477 trader=TRADER_C symbol=BTCUSDT side=SELL qty=0.0625 price=63185.81 fee=1.50956380 USDT fee_usdt=1.50956380 | position 0.9375 -> 0.8750 realized_pnl 1098.265480506250000000000002 -> 1109.131998214583333333333335
2026-08-15 13:42:24 | INFO     | pnl_engine | Trade processed: venue=BINANCE trade_id=T00029 trader=TRADER_D symbol=XRPUSDT side=SELL qty=500 price=0.62818 fee=0.11135661 USDT fee_usdt=0.11135661 | position -1250 -> -1750 realized_pnl 19.76999999999999999999999928 -> 19.76999999999999999999999928
2026-08-15 13:42:24 | INFO     | pnl_engine | Trade processed: venue=OKX trade_id=T00586 trader=TRADER_C symbol=XRPUSDT side=SELL qty=1000 price=0.62794 fee=0.00019548 BNB fee_usdt=0.1576780776 | position 4750 -> 3750 realized_pnl -57.29796500000000000000000010 -> -56.38901763157894736842105270
2026-08-15 13:42:24 | INFO     | pnl_engine | Trade processed: venue=BINANCE trade_id=T00428 trader=TRADER_A symbol=ETHUSDT side=SELL qty=0.75 price=3130.06 fee=0.86752995 USDT fee_usdt=0.86752995 | position -1.0 -> -1.75 realized_pnl 17.01998017250000000000000075 -> 17.01998017250000000000000075
2026-08-15 13:42:24 | INFO     | pnl_engine | Trade processed: venue=OKX trade_id=T00332 trader=TRADER_C symbol=BTCUSDT side=BUY qty=0.1875 price=63386.66 fee=3.76844757 USDT fee_usdt=3.76844757 | position 0.8750 -> 1.0625 realized_pnl 1109.131998214583333333333335 -> 1109.131998214583333333333335
2026-08-15 13:42:24 | INFO     | pnl_engine | Trade processed: venue=BINANCE trade_id=T00644 trader=TRADER_A symbol=XRPUSDT side=SELL qty=1250 price=0.62792 fee=0.18953539 USDT fee_usdt=0.18953539 | position 1000 -> -250 realized_pnl 206.8613999999999999999999992 -> 209.2613999999999999999999992
2026-08-15 13:42:24 | INFO     | pnl_engine | Trade processed: venue=BINANCE trade_id=T00130 trader=TRADER_D symbol=ETHUSDT side=SELL qty=1.5 price=3126.89 fee=0.00180383 BNB fee_usdt=1.4583785167 | position -2.00 -> -3.50 realized_pnl 232.9197252999999999999999990 -> 232.9197252999999999999999990
2026-08-15 13:42:24 | INFO     | pnl_engine | Trade processed: venue=BYBIT trade_id=T00199 trader=TRADER_B symbol=SOLUSDT side=SELL qty=25 price=156.801 fee=0.85988750 USDT fee_usdt=0.85988750 | position 45 -> 20 realized_pnl -24.0030959473684210526315815 -> -41.1188854210526315789473715
2026-08-15 13:42:24 | INFO     | pnl_engine | Trade processed: venue=BINANCE trade_id=T00312 trader=TRADER_C symbol=SOLUSDT side=SELL qty=20 price=156.973 fee=0.79376223 USDT fee_usdt=0.79376223 | position 10 -> -10 realized_pnl -139.2958359999999999999999910 -> -141.5358359999999999999999910
2026-08-15 13:42:24 | INFO     | pnl_engine | Trade processed: venue=BYBIT trade_id=T00654 trader=TRADER_D symbol=XRPUSDT side=SELL qty=1500 price=0.62786 fee=0.43023929 USDT fee_usdt=0.43023929 | position 1500 -> 0 realized_pnl 0.517000000000000000000000070 -> 3.502000000000000000000000070
2026-08-15 13:42:24 | INFO     | pnl_engine | Trade processed: venue=BYBIT trade_id=T00100 trader=TRADER_A symbol=BTCUSDT side=SELL qty=0.125 price=63283.43 fee=0.00456118 BNB fee_usdt=3.6876684182 | position 0.8750 -> 0.7500 realized_pnl -191.6500986842105263157894707 -> -183.4728524436090225563909732
2026-08-15 13:42:24 | INFO     | pnl_engine | Trade processed: venue=BYBIT trade_id=T00645 trader=TRADER_A symbol=BTCUSDT side=BUY qty=0.25 price=63380 fee=0.00408544 BNB fee_usdt=3.3030373856 | position 0.7500 -> 1.0000 realized_pnl -183.4728524436090225563909732 -> -183.4728524436090225563909732
2026-08-15 13:42:24 | INFO     | pnl_engine | Trade processed: venue=BINANCE trade_id=T00524 trader=TRADER_C symbol=SOLUSDT side=BUY qty=5 price=156.952 fee=0.31706943 USDT fee_usdt=0.31706943 | position -10 -> -5 realized_pnl -141.5358359999999999999999910 -> -141.4308359999999999999999910
2026-08-15 13:42:24 | INFO     | pnl_engine | Trade processed: venue=OKX trade_id=T00369 trader=TRADER_C symbol=SOLUSDT side=BUY qty=30 price=156.978 fee=0.96456588 USDT fee_usdt=0.96456588 | position 80 -> 110 realized_pnl 64.8335483529411764705882385 -> 64.8335483529411764705882385
2026-08-15 13:42:24 | INFO     | pnl_engine | Trade processed: venue=BYBIT trade_id=T00512 trader=TRADER_A symbol=SOLUSDT side=SELL qty=20 price=156.829 fee=0.90488539 USDT fee_usdt=0.90488539 | position 45 -> 25 realized_pnl 16.7207663999999999999999925 -> -1.4832336000000000000000075
2026-08-15 13:42:24 | INFO     | pnl_engine | Trade processed: venue=BYBIT trade_id=T00504 trader=TRADER_A symbol=SOLUSDT side=BUY qty=5 price=156.781 fee=0.26394340 USDT fee_usdt=0.26394340 | position 25 -> 30 realized_pnl -1.4832336000000000000000075 -> -1.4832336000000000000000075
2026-08-15 13:42:24 | INFO     | pnl_engine | Trade processed: venue=BYBIT trade_id=T00427 trader=TRADER_B symbol=SOLUSDT side=SELL qty=10 price=156.944 fee=0.61820787 USDT fee_usdt=0.61820787 | position 20 -> 10 realized_pnl -41.1188854210526315789473715 -> -46.5352012105263157894736875
2026-08-15 13:42:24 | INFO     | pnl_engine | Trade processed: venue=BINANCE trade_id=T00676 trader=TRADER_D symbol=XRPUSDT side=BUY qty=250 price=0.62694 fee=0.07262636 USDT fee_usdt=0.07262636 | position -1750 -> -1500 realized_pnl 19.76999999999999999999999928 -> 19.42178571428571428571428500
2026-08-15 13:42:24 | INFO     | pnl_engine | Trade processed: venue=BINANCE trade_id=T00677 trader=TRADER_C symbol=SOLUSDT side=BUY qty=5 price=156.935 fee=0.29011182 USDT fee_usdt=0.29011182 | position -5 -> 0 realized_pnl -141.4308359999999999999999910 -> -141.2408359999999999999999910
2026-08-15 13:42:24 | INFO     | pnl_engine | Trade processed: venue=BINANCE trade_id=T00015 trader=TRADER_D symbol=ETHUSDT side=BUY qty=1.5 price=3128.95 fee=1.04480389 USDT fee_usdt=1.04480389 | position -3.50 -> -2.00 realized_pnl 232.9197252999999999999999990 -> 256.2674395857142857142857135
2026-08-15 13:42:24 | INFO     | pnl_engine | Trade processed: venue=OKX trade_id=T00206 trader=TRADER_C symbol=BTCUSDT side=BUY qty=0.125 price=63254.45 fee=0.00340358 BNB fee_usdt=2.7528495398 | position 1.0625 -> 1.1875 realized_pnl 1109.131998214583333333333335 -> 1109.131998214583333333333335
2026-08-15 13:42:24 | INFO     | pnl_engine | Trade processed: venue=BINANCE trade_id=T00437 trader=TRADER_D symbol=XRPUSDT side=SELL qty=250 price=0.62552 fee=0.07235164 USDT fee_usdt=0.07235164 | position -1500 -> -1750 realized_pnl 19.42178571428571428571428500 -> 19.42178571428571428571428500
2026-08-15 13:42:24 | INFO     | pnl_engine | Trade processed: venue=BYBIT trade_id=T00039 trader=TRADER_B symbol=ETHUSDT side=BUY qty=2 price=3132.3 fee=1.57782486 USDT fee_usdt=1.57782486 | position 1.00 -> 3.00 realized_pnl 107.4904667546794871794871842 -> 107.4904667546794871794871842
2026-08-15 13:42:24 | INFO     | pnl_engine | Trade processed: venue=BINANCE trade_id=T00070 trader=TRADER_D symbol=ETHUSDT side=SELL qty=0.5 price=3128.07 fee=0.72690570 USDT fee_usdt=0.72690570 | position -2.00 -> -2.50 realized_pnl 256.2674395857142857142857135 -> 256.2674395857142857142857135
2026-08-15 13:42:24 | INFO     | pnl_engine | Trade processed: venue=BINANCE trade_id=T00495 trader=TRADER_A symbol=XRPUSDT side=BUY qty=500 price=0.62548 fee=0.00018473 BNB fee_usdt=0.1494114713 | position -250 -> 250 realized_pnl 209.2613999999999999999999992 -> 209.8713999999999999999999992
2026-08-15 13:42:24 | INFO     | pnl_engine | Trade processed: venue=BYBIT trade_id=T00510 trader=TRADER_B symbol=SOLUSDT side=SELL qty=20 price=157.059 fee=0.95444792 USDT fee_usdt=0.95444792 | position 10 -> -10 realized_pnl -46.5352012105263157894736875 -> -50.8015170000000000000000035
2026-08-15 13:42:24 | INFO     | pnl_engine | Trade processed: venue=BINANCE trade_id=T00127 trader=TRADER_A symbol=ETHUSDT side=BUY qty=0.75 price=3131.99 fee=0.74439667 USDT fee_usdt=0.74439667 | position -1.75 -> -1.00 realized_pnl 17.01998017250000000000000075 -> 22.55390874392857142857142900
2026-08-15 13:42:24 | INFO     | pnl_engine | Trade processed: venue=BINANCE trade_id=T00446 trader=TRADER_D symbol=XRPUSDT side=SELL qty=1000 price=0.625 fee=0.27175880 USDT fee_usdt=0.27175880 | position -1750 -> -2750 realized_pnl 19.42178571428571428571428500 -> 19.42178571428571428571428500
2026-08-15 13:42:24 | INFO     | pnl_engine | Trade processed: venue=BYBIT trade_id=T00236 trader=TRADER_D symbol=XRPUSDT side=BUY qty=1500 price=0.62439 fee=0.30795504 USDT fee_usdt=0.30795504 | position 0 -> 1500 realized_pnl 3.502000000000000000000000070 -> 3.502000000000000000000000070
2026-08-15 13:42:24 | INFO     | pnl_engine | Trade processed: venue=OKX trade_id=T00115 trader=TRADER_C symbol=XRPUSDT side=SELL qty=2000 price=0.62564 fee=0.00035920 BNB fee_usdt=0.2905245520 | position 3750 -> 1750 realized_pnl -56.38901763157894736842105270 -> -59.17112289473684210526315790
2026-08-15 13:42:24 | INFO     | pnl_engine | Trade processed: venue=BYBIT trade_id=T00399 trader=TRADER_B symbol=ETHUSDT side=BUY qty=0.25 price=3125.99 fee=0.22613068 USDT fee_usdt=0.22613068 | position 3.00 -> 3.25 realized_pnl 107.4904667546794871794871842 -> 107.4904667546794871794871842
2026-08-15 13:42:24 | INFO     | pnl_engine | Trade processed: venue=BYBIT trade_id=T00391 trader=TRADER_A symbol=BTCUSDT side=BUY qty=0.25 price=63305.02 fee=4.62563493 USDT fee_usdt=4.62563493 | position 1.0000 -> 1.2500 realized_pnl -183.4728524436090225563909732 -> -183.4728524436090225563909732
2026-08-15 13:42:24 | INFO     | pnl_engine | Trade processed: venue=BINANCE trade_id=T00506 trader=TRADER_A symbol=BTCUSDT side=SELL qty=0.375 price=63277.84 fee=9.33081579 USDT fee_usdt=9.33081579 | position 0.5000 -> 0.1250 realized_pnl 674.4625227358333333333333600 -> 745.9326789858333333333333625
2026-08-15 13:42:24 | INFO     | pnl_engine | Trade processed: venue=BINANCE trade_id=T00535 trader=TRADER_D symbol=ETHUSDT side=BUY qty=0.75 price=3133.01 fee=0.49317079 USDT fee_usdt=0.49317079 | position -2.50 -> -1.75 realized_pnl 256.2674395857142857142857135 -> 262.4295252999999999999999990
2026-08-15 13:42:24 | INFO     | pnl_engine | Trade processed: venue=BYBIT trade_id=T00378 trader=TRADER_A symbol=BTCUSDT side=BUY qty=0.125 price=63237.21 fee=0.00488291 BNB fee_usdt=3.9493464371 | position 1.2500 -> 1.3750 realized_pnl -183.4728524436090225563909732 -> -183.4728524436090225563909732
2026-08-15 13:42:24 | INFO     | pnl_engine | Trade processed: venue=BYBIT trade_id=T00120 trader=TRADER_A symbol=BTCUSDT side=SELL qty=1.375 price=63324.92 fee=42.59085690 USDT fee_usdt=42.59085690 | position 1.3750 -> 0 realized_pnl -183.4728524436090225563909732 -> -101.1231249999999999999999970
2026-08-15 13:42:24 | INFO     | pnl_engine | Trade processed: venue=BYBIT trade_id=T00253 trader=TRADER_B symbol=ETHUSDT side=SELL qty=1.5 price=3135.64 fee=1.29384806 USDT fee_usdt=1.29384806 | position 3.25 -> 1.75 realized_pnl 107.4904667546794871794871842 -> 101.4329223759812623274161777
2026-08-15 13:42:24 | INFO     | pnl_engine | Trade processed: venue=OKX trade_id=T00360 trader=TRADER_C symbol=BTCUSDT side=SELL qty=0.375 price=63226.26 fee=6.99051360 USDT fee_usdt=6.99051360 | position 1.1875 -> 0.8125 realized_pnl 1109.131998214583333333333335 -> 1157.740287030372807017543860
2026-08-15 13:42:24 | INFO     | pnl_engine | Trade processed: venue=OKX trade_id=T00240 trader=TRADER_C symbol=XRPUSDT side=SELL qty=3750 price=0.62429 fee=0.84971137 USDT fee_usdt=0.84971137 | position 1750 -> -2000 realized_pnl -59.17112289473684210526315790 -> -63.96796499999999999999999995
2026-08-15 13:42:24 | INFO     | pnl_engine | Trade processed: venue=BINANCE trade_id=T00384 trader=TRADER_D symbol=XRPUSDT side=SELL qty=500 price=0.62511 fee=0.15314975 USDT fee_usdt=0.15314975 | position -2750 -> -3250 realized_pnl 19.42178571428571428571428500 -> 19.42178571428571428571428500
2026-08-15 13:42:24 | INFO     | pnl_engine | Trade processed: venue=BINANCE trade_id=T00680 trader=TRADER_C symbol=SOLUSDT side=BUY qty=25 price=156.885 fee=0.82199236 USDT fee_usdt=0.82199236 | position 0 -> 25 realized_pnl -141.2408359999999999999999910 -> -141.2408359999999999999999910
2026-08-15 13:42:24 | INFO     | pnl_engine | Trade processed: venue=BINANCE trade_id=T00158 trader=TRADER_A symbol=XRPUSDT side=SELL qty=500 price=0.62469 fee=0.15304474 USDT fee_usdt=0.15304474 | position 250 -> -250 realized_pnl 209.8713999999999999999999992 -> 209.6738999999999999999999992
2026-08-15 13:42:24 | INFO     | pnl_engine | Trade processed: venue=BYBIT trade_id=T00062 trader=TRADER_B symbol=ETHUSDT side=SELL qty=1.5 price=3137.12 fee=2.00649953 USDT fee_usdt=2.00649953 | position 1.75 -> 0.25 realized_pnl 101.4329223759812623274161777 -> 97.5953779972830374753451712
2026-08-15 13:42:24 | INFO     | pnl_engine | Trade processed: venue=OKX trade_id=T00558 trader=TRADER_B symbol=XRPUSDT side=SELL qty=2000 price=0.6241 fee=0.56261701 USDT fee_usdt=0.56261701 | position 0 -> -2000 realized_pnl 110.4196599999999999999999996 -> 110.4196599999999999999999996
2026-08-15 13:42:24 | INFO     | pnl_engine | Trade processed: venue=OKX trade_id=T00166 trader=TRADER_B symbol=ETHUSDT side=BUY qty=1.25 price=3135.94 fee=1.53701049 USDT fee_usdt=1.53701049 | position -2.50 -> -1.25 realized_pnl -37.74384615384615384615384875 -> -27.02942307692307692307692625
2026-08-15 13:42:24 | INFO     | pnl_engine | Trade processed: venue=OKX trade_id=T00710 trader=TRADER_C symbol=XRPUSDT side=SELL qty=250 price=0.62462 fee=0.00004077 BNB fee_usdt=0.0330102459 | position -2000 -> -2250 realized_pnl -63.96796499999999999999999995 -> -63.96796499999999999999999995
2026-08-15 13:42:24 | INFO     | pnl_engine | Trade processed: venue=BYBIT trade_id=T00713 trader=TRADER_A symbol=BTCUSDT side=BUY qty=0.125 price=63236.82 fee=2.08011698 USDT fee_usdt=2.08011698 | position 0 -> 0.125 realized_pnl -101.1231249999999999999999970 -> -101.1231249999999999999999970
2026-08-15 13:42:24 | INFO     | pnl_engine | Trade processed: venue=BYBIT trade_id=T00075 trader=TRADER_A symbol=BTCUSDT side=SELL qty=0.125 price=63170.98 fee=1.58079551 USDT fee_usdt=1.58079551 | position 0.125 -> 0 realized_pnl -101.1231249999999999999999970 -> -109.3531249999999999999999970
2026-08-15 13:42:24 | INFO     | pnl_engine | Trade processed: venue=OKX trade_id=T00176 trader=TRADER_C symbol=SOLUSDT side=BUY qty=20 price=157.029 fee=1.40079485 USDT fee_usdt=1.40079485 | position 110 -> 130 realized_pnl 64.8335483529411764705882385 -> 64.8335483529411764705882385
2026-08-15 13:42:24 | INFO     | pnl_engine | Trade processed: venue=BYBIT trade_id=T00197 trader=TRADER_D symbol=XRPUSDT side=BUY qty=1000 price=0.62326 fee=0.25893656 USDT fee_usdt=0.25893656 | position 1500 -> 2500 realized_pnl 3.502000000000000000000000070 -> 3.502000000000000000000000070
2026-08-15 13:42:24 | INFO     | pnl_engine | Trade processed: venue=OKX trade_id=T00109 trader=TRADER_B symbol=ETHUSDT side=SELL qty=2 price=3131.43 fee=1.28922065 USDT fee_usdt=1.28922065 | position -1.25 -> -3.25 realized_pnl -27.02942307692307692307692625 -> -27.02942307692307692307692625
2026-08-15 13:42:24 | INFO     | pnl_engine | Trade processed: venue=BINANCE trade_id=T00520 trader=TRADER_C symbol=SOLUSDT side=BUY qty=15 price=156.741 fee=0.00084389 BNB fee_usdt=0.6827492045 | position 25 -> 40 realized_pnl -141.2408359999999999999999910 -> -141.2408359999999999999999910
2026-08-15 13:42:24 | INFO     | pnl_engine | Trade processed: venue=OKX trade_id=T00322 trader=TRADER_C symbol=XRPUSDT side=SELL qty=250 price=0.622 fee=0.06494451 USDT fee_usdt=0.06494451 | position -2250 -> -2500 realized_pnl -63.96796499999999999999999995 -> -63.96796499999999999999999995
2026-08-15 13:42:24 | INFO     | pnl_engine | Trade processed: venue=OKX trade_id=T00357 trader=TRADER_B symbol=ETHUSDT side=SELL qty=0.25 price=3132.94 fee=0.30467168 USDT fee_usdt=0.30467168 | position -3.25 -> -3.50 realized_pnl -27.02942307692307692307692625 -> -27.02942307692307692307692625
2026-08-15 13:42:24 | INFO     | pnl_engine | Trade processed: venue=OKX trade_id=T00163 trader=TRADER_B symbol=XRPUSDT side=BUY qty=2000 price=0.62188 fee=0.35996812 USDT fee_usdt=0.35996812 | position -2000 -> 0 realized_pnl 110.4196599999999999999999996 -> 114.8596599999999999999999996
2026-08-15 13:42:24 | INFO     | pnl_engine | Trade processed: venue=OKX trade_id=T00153 trader=TRADER_C symbol=XRPUSDT side=BUY qty=1250 price=0.62197 fee=0.18563489 USDT fee_usdt=0.18563489 | position -2500 -> -1250 realized_pnl -63.96796499999999999999999995 -> -61.31296499999999999999999995
2026-08-15 13:42:24 | INFO     | pnl_engine | Trade processed: venue=BINANCE trade_id=T00135 trader=TRADER_A symbol=BTCUSDT side=BUY qty=0.0625 price=63503.36 fee=1.85136303 USDT fee_usdt=1.85136303 | position 0.1250 -> 0.1875 realized_pnl 745.9326789858333333333333625 -> 745.9326789858333333333333625
2026-08-15 13:42:24 | INFO     | pnl_engine | Trade processed: venue=OKX trade_id=T00587 trader=TRADER_C symbol=BTCUSDT side=SELL qty=0.125 price=63467.73 fee=2.45579278 USDT fee_usdt=2.45579278 | position 0.8125 -> 0.6875 realized_pnl 1157.740287030372807017543860 -> 1204.126799968969298245614035
2026-08-15 13:42:24 | INFO     | pnl_engine | Trade processed: venue=BYBIT trade_id=T00611 trader=TRADER_B symbol=SOLUSDT side=BUY qty=10 price=156.91 fee=0.37641098 USDT fee_usdt=0.37641098 | position -10 -> 0 realized_pnl -50.8015170000000000000000035 -> -49.3115170000000000000000035
2026-08-15 13:42:24 | INFO     | pnl_engine | Trade processed: venue=BINANCE trade_id=T00203 trader=TRADER_A symbol=XRPUSDT side=BUY qty=750 price=0.62274 fee=0.09775880 USDT fee_usdt=0.09775880 | position -250 -> 500 realized_pnl 209.6738999999999999999999992 -> 210.1613999999999999999999992
2026-08-15 13:42:24 | INFO     | pnl_engine | Trade processed: venue=BINANCE trade_id=T00304 trader=TRADER_D symbol=XRPUSDT side=SELL qty=500 price=0.62288 fee=0.08137188 USDT fee_usdt=0.08137188 | position -3250 -> -3750 realized_pnl 19.42178571428571428571428500 -> 19.42178571428571428571428500
2026-08-15 13:42:24 | INFO     | pnl_engine | Trade processed: venue=OKX trade_id=T00419 trader=TRADER_C symbol=XRPUSDT side=BUY qty=1250 price=0.62267 fee=0.00026707 BNB fee_usdt=0.2160729835 | position -1250 -> 0 realized_pnl -61.31296499999999999999999995 -> -59.53296499999999999999999995
2026-08-15 13:42:24 | INFO     | pnl_engine | Trade processed: venue=BYBIT trade_id=T00561 trader=TRADER_A symbol=BTCUSDT side=SELL qty=0.0625 price=63421.81 fee=1.18169163 USDT fee_usdt=1.18169163 | position 0 -> -0.0625 realized_pnl -109.3531249999999999999999970 -> -109.3531249999999999999999970
2026-08-15 13:42:24 | INFO     | pnl_engine | Trade processed: venue=BYBIT trade_id=T00087 trader=TRADER_B symbol=ETHUSDT side=SELL qty=1 price=3136.12 fee=1.17643681 USDT fee_usdt=1.17643681 | position 0.25 -> -0.75 realized_pnl 97.5953779972830374753451712 -> 96.70578726750000000000000345
2026-08-15 13:42:24 | INFO     | pnl_engine | Trade processed: venue=BYBIT trade_id=T00342 trader=TRADER_B symbol=SOLUSDT side=SELL qty=25 price=156.878 fee=1.22153191 USDT fee_usdt=1.22153191 | position 0 -> -25 realized_pnl -49.3115170000000000000000035 -> -49.3115170000000000000000035
2026-08-15 13:42:24 | INFO     | pnl_engine | Trade processed: venue=OKX trade_id=T00261 trader=TRADER_C symbol=SOLUSDT side=SELL qty=130 price=156.77 fee=4.86977334 USDT fee_usdt=4.86977334 | position 130 -> 0 realized_pnl 64.8335483529411764705882385 -> 4.3876660000000000000000035
2026-08-15 13:42:24 | INFO     | pnl_engine | Trade processed: venue=BINANCE trade_id=T00224 trader=TRADER_A symbol=ETHUSDT side=SELL qty=1.25 price=3135.66 fee=1.04319201 USDT fee_usdt=1.04319201 | position -1.00 -> -2.25 realized_pnl 22.55390874392857142857142900 -> 22.55390874392857142857142900
2026-08-15 13:42:24 | INFO     | pnl_engine | Trade processed: venue=BYBIT trade_id=T00323 trader=TRADER_A symbol=SOLUSDT side=SELL qty=20 price=157.121 fee=1.01163487 USDT fee_usdt=1.01163487 | position 30 -> 10 realized_pnl -1.4832336000000000000000075 -> -10.6532336000000000000000075
2026-08-15 13:42:24 | INFO     | pnl_engine | Trade processed: venue=BINANCE trade_id=T00216 trader=TRADER_A symbol=BTCUSDT side=BUY qty=0.125 price=63679.93 fee=3.66178971 USDT fee_usdt=3.66178971 | position 0.1875 -> 0.3125 realized_pnl 745.9326789858333333333333625 -> 745.9326789858333333333333625
2026-08-15 13:42:24 | INFO     | pnl_engine | Trade processed: venue=BYBIT trade_id=T00581 trader=TRADER_A symbol=BTCUSDT side=SELL qty=0.5 price=63598.08 fee=9.24347532 USDT fee_usdt=9.24347532 | position -0.0625 -> -0.5625 realized_pnl -109.3531249999999999999999970 -> -109.3531249999999999999999970
2026-08-15 13:42:24 | INFO     | pnl_engine | Trade processed: venue=BINANCE trade_id=T00123 trader=TRADER_A symbol=ETHUSDT side=SELL qty=0.25 price=3119.95 fee=0.31257489 USDT fee_usdt=0.31257489 | position -2.25 -> -2.50 realized_pnl 22.55390874392857142857142900 -> 22.55390874392857142857142900
2026-08-15 13:42:24 | INFO     | pnl_engine | Trade processed: venue=BINANCE trade_id=T00744 trader=TRADER_A symbol=XRPUSDT side=SELL qty=2000 price=0.6236 fee=0.48776658 USDT fee_usdt=0.48776658 | position 500 -> -1500 realized_pnl 210.1613999999999999999999992 -> 210.5913999999999999999999992
2026-08-15 13:42:24 | INFO     | pnl_engine | Trade processed: venue=OKX trade_id=T00020 trader=TRADER_C symbol=XRPUSDT side=SELL qty=750 price=0.62337 fee=0.00022203 BNB fee_usdt=0.1789295364 | position 0 -> -750 realized_pnl -59.53296499999999999999999995 -> -59.53296499999999999999999995
2026-08-15 13:42:24 | INFO     | pnl_engine | Trade processed: venue=OKX trade_id=T00574 trader=TRADER_C symbol=SOLUSDT side=SELL qty=20 price=157.338 fee=0.87081299 USDT fee_usdt=0.87081299 | position 0 -> -20 realized_pnl 4.3876660000000000000000035 -> 4.3876660000000000000000035
2026-08-15 13:42:24 | INFO     | pnl_engine | Trade processed: venue=OKX trade_id=T00030 trader=TRADER_C symbol=SOLUSDT side=BUY qty=15 price=157.002 fee=0.93762274 USDT fee_usdt=0.93762274 | position -20 -> -5 realized_pnl 4.3876660000000000000000035 -> 9.4276660000000000000000035
2026-08-15 13:42:24 | INFO     | pnl_engine | Trade processed: venue=BYBIT trade_id=T00643 trader=TRADER_A symbol=SOLUSDT side=BUY qty=25 price=157.038 fee=1.91130452 USDT fee_usdt=1.91130452 | position 10 -> 35 realized_pnl -10.6532336000000000000000075 -> -10.6532336000000000000000075
2026-08-15 13:42:24 | INFO     | pnl_engine | Trade processed: venue=BINANCE trade_id=T00721 trader=TRADER_D symbol=XRPUSDT side=BUY qty=500 price=0.62398 fee=0.13617741 USDT fee_usdt=0.13617741 | position -3750 -> -3250 realized_pnl 19.42178571428571428571428500 -> 19.92454761904761904761904685
2026-08-15 13:42:24 | INFO     | pnl_engine | Trade processed: venue=BINANCE trade_id=T00001 trader=TRADER_A symbol=XRPUSDT side=BUY qty=1250 price=0.62314 fee=0.15597544 USDT fee_usdt=0.15597544 | position -1500 -> -250 realized_pnl 210.5913999999999999999999992 -> 211.1663999999999999999999992
2026-08-15 13:42:24 | INFO     | pnl_engine | Trade processed: venue=BYBIT trade_id=T00294 trader=TRADER_B symbol=ETHUSDT side=BUY qty=2 price=3122.55 fee=2.92337619 USDT fee_usdt=2.92337619 | position -0.75 -> 1.25 realized_pnl 96.70578726750000000000000345 -> 106.8832872675000000000000034
2026-08-15 13:42:24 | INFO     | pnl_engine | Trade processed: venue=BINANCE trade_id=T00004 trader=TRADER_C symbol=SOLUSDT side=BUY qty=20 price=157.168 fee=0.00146772 BNB fee_usdt=1.1828061936 | position 40 -> 60 realized_pnl -141.2408359999999999999999910 -> -141.2408359999999999999999910
2026-08-15 13:42:24 | INFO     | pnl_engine | Trade processed: venue=BINANCE trade_id=T00189 trader=TRADER_A symbol=XRPUSDT side=SELL qty=500 price=0.62349 fee=0.14529826 USDT fee_usdt=0.14529826 | position -250 -> -750 realized_pnl 211.1663999999999999999999992 -> 211.1663999999999999999999992
2026-08-15 13:42:24 | INFO     | pnl_engine | Trade processed: venue=BINANCE trade_id=T00098 trader=TRADER_C symbol=SOLUSDT side=SELL qty=10 price=157.014 fee=0.77590376 USDT fee_usdt=0.77590376 | position 60 -> 50 realized_pnl -141.2408359999999999999999910 -> -140.5341693333333333333333240
2026-08-15 13:42:24 | INFO     | pnl_engine | Trade processed: venue=BINANCE trade_id=T00633 trader=TRADER_D symbol=XRPUSDT side=BUY qty=250 price=0.62456 fee=0.00004364 BNB fee_usdt=0.0351686032 | position -3250 -> -3000 realized_pnl 19.92454761904761904761904685 -> 20.03092857142857142857142778
2026-08-15 13:42:24 | INFO     | pnl_engine | Trade processed: venue=BINANCE trade_id=T00646 trader=TRADER_D symbol=XRPUSDT side=BUY qty=1000 price=0.62319 fee=0.28488676 USDT fee_usdt=0.28488676 | position -3000 -> -2000 realized_pnl 20.03092857142857142857142778 -> 21.82645238095238095238095148
2026-08-15 13:42:24 | INFO     | pnl_engine | Trade processed: venue=OKX trade_id=T00277 trader=TRADER_C symbol=BTCUSDT side=BUY qty=0.5 price=63766.32 fee=10.23275681 USDT fee_usdt=10.23275681 | position 0.6875 -> 1.1875 realized_pnl 1204.126799968969298245614035 -> 1204.126799968969298245614035
2026-08-15 13:42:24 | INFO     | pnl_engine | Trade processed: venue=OKX trade_id=T00348 trader=TRADER_C symbol=BTCUSDT side=BUY qty=0.3125 price=63817.08 fee=7.06177375 USDT fee_usdt=7.06177375 | position 1.1875 -> 1.5000 realized_pnl 1204.126799968969298245614035 -> 1204.126799968969298245614035
2026-08-15 13:42:24 | INFO     | pnl_engine | Trade processed: venue=BINANCE trade_id=T00412 trader=TRADER_A symbol=XRPUSDT side=BUY qty=500 price=0.62289 fee=0.14551718 USDT fee_usdt=0.14551718 | position -750 -> -250 realized_pnl 211.1663999999999999999999992 -> 211.4847333333333333333333326
2026-08-15 13:42:24 | INFO     | pnl_engine | Trade processed: venue=OKX trade_id=T00046 trader=TRADER_B symbol=XRPUSDT side=SELL qty=1000 price=0.62364 fee=0.00019496 BNB fee_usdt=0.15694280 | position 0 -> -1000 realized_pnl 114.8596599999999999999999996 -> 114.8596599999999999999999996
2026-08-15 13:42:24 | INFO     | pnl_engine | Trade processed: venue=BYBIT trade_id=T00675 trader=TRADER_B symbol=SOLUSDT side=BUY qty=10 price=157.678 fee=0.00079810 BNB fee_usdt=0.64247050 | position -25 -> -15 realized_pnl -49.3115170000000000000000035 -> -57.3115170000000000000000035
2026-08-15 13:42:24 | INFO     | pnl_engine | Trade processed: venue=BINANCE trade_id=T00092 trader=TRADER_A symbol=ETHUSDT side=BUY qty=5.5 price=3131.28 fee=3.70965905 USDT fee_usdt=3.70965905 | position -2.50 -> 3.00 realized_pnl 22.55390874392857142857142900 -> 33.28498017250000000000000150
2026-08-15 13:42:24 | INFO     | pnl_engine | Trade processed: venue=BINANCE trade_id=T00647 trader=TRADER_C symbol=SOLUSDT side=BUY qty=30 price=157.749 fee=1.45123776 USDT fee_usdt=1.45123776 | position 50 -> 80 realized_pnl -140.5341693333333333333333240 -> -140.5341693333333333333333240
2026-08-15 13:42:24 | INFO     | pnl_engine | Trade processed: venue=OKX trade_id=T00347 trader=TRADER_B symbol=XRPUSDT side=BUY qty=500 price=0.62407 fee=0.07470115 USDT fee_usdt=0.07470115 | position -1000 -> -500 realized_pnl 114.8596599999999999999999996 -> 114.6446599999999999999999996
2026-08-15 13:42:24 | INFO     | pnl_engine | Trade processed: venue=BINANCE trade_id=T00076 trader=TRADER_D symbol=ETHUSDT side=SELL qty=0.25 price=3132.31 fee=0.17638812 USDT fee_usdt=0.17638812 | position -1.75 -> -2.00 realized_pnl 262.4295252999999999999999990 -> 262.4295252999999999999999990
2026-08-15 13:42:24 | INFO     | pnl_engine | Trade processed: venue=BINANCE trade_id=T00190 trader=TRADER_C symbol=SOLUSDT side=SELL qty=145 price=157.598 fee=10.21131636 USDT fee_usdt=10.21131636 | position 80 -> -65 realized_pnl -140.5341693333333333333333240 -> -112.3308359999999999999999800
2026-08-15 13:42:24 | INFO     | pnl_engine | Trade processed: venue=OKX trade_id=T00021 trader=TRADER_B symbol=ETHUSDT side=SELL qty=0.25 price=3128.18 fee=0.29631952 USDT fee_usdt=0.29631952 | position -3.50 -> -3.75 realized_pnl -27.02942307692307692307692625 -> -27.02942307692307692307692625
2026-08-15 13:42:24 | INFO     | pnl_engine | Trade processed: venue=BINANCE trade_id=T00351 trader=TRADER_A symbol=BTCUSDT side=BUY qty=0.25 price=63837.62 fee=5.14003425 USDT fee_usdt=5.14003425 | position 0.3125 -> 0.5625 realized_pnl 745.9326789858333333333333625 -> 745.9326789858333333333333625
2026-08-15 13:42:24 | INFO     | pnl_engine | Trade processed: venue=BINANCE trade_id=T00234 trader=TRADER_A symbol=XRPUSDT side=BUY qty=250 price=0.62338 fee=0.05178583 USDT fee_usdt=0.05178583 | position -250 -> 0 realized_pnl 211.4847333333333333333333326 -> 211.5213999999999999999999993
2026-08-15 13:42:24 | INFO     | pnl_engine | Trade processed: venue=BINANCE trade_id=T00085 trader=TRADER_A symbol=ETHUSDT side=BUY qty=1.25 price=3132.42 fee=1.90214586 USDT fee_usdt=1.90214586 | position 3.00 -> 4.25 realized_pnl 33.28498017250000000000000150 -> 33.28498017250000000000000150
2026-08-15 13:42:24 | INFO     | pnl_engine | Trade processed: venue=BYBIT trade_id=T00499 trader=TRADER_D symbol=XRPUSDT side=BUY qty=750 price=0.62309 fee=0.17258222 USDT fee_usdt=0.17258222 | position 2500 -> 3250 realized_pnl 3.502000000000000000000000070 -> 3.502000000000000000000000070
2026-08-15 13:42:24 | INFO     | pnl_engine | Trade processed: venue=BINANCE trade_id=T00223 trader=TRADER_A symbol=BTCUSDT side=BUY qty=0.25 price=63779.04 fee=4.87543722 USDT fee_usdt=4.87543722 | position 0.5625 -> 0.8125 realized_pnl 745.9326789858333333333333625 -> 745.9326789858333333333333625
2026-08-15 13:42:24 | INFO     | pnl_engine | Trade processed: venue=BINANCE trade_id=T00266 trader=TRADER_C symbol=SOLUSDT side=BUY qty=65 price=157.856 fee=0.00434450 BNB fee_usdt=3.49732250 | position -65 -> 0 realized_pnl -112.3308359999999999999999800 -> -129.1008359999999999999999800
2026-08-15 13:42:24 | INFO     | pnl_engine | Trade processed: venue=BYBIT trade_id=T00183 trader=TRADER_D symbol=XRPUSDT side=SELL qty=500 price=0.6227 fee=0.08210421 USDT fee_usdt=0.08210421 | position 3250 -> 2750 realized_pnl 3.502000000000000000000000070 -> 2.980846153846153846153846220
2026-08-15 13:42:24 | INFO     | pnl_engine | Trade processed: venue=BINANCE trade_id=T00653 trader=TRADER_A symbol=ETHUSDT side=BUY qty=1 price=3129.94 fee=1.25263448 USDT fee_usdt=1.25263448 | position 4.25 -> 5.25 realized_pnl 33.28498017250000000000000150 -> 33.28498017250000000000000150
2026-08-15 13:42:24 | INFO     | pnl_engine | Trade processed: venue=OKX trade_id=T00067 trader=TRADER_C symbol=XRPUSDT side=SELL qty=1500 price=0.6235 fee=0.42154107 USDT fee_usdt=0.42154107 | position -750 -> -2250 realized_pnl -59.53296499999999999999999995 -> -59.53296499999999999999999995
2026-08-15 13:42:24 | INFO     | pnl_engine | Trade processed: venue=BYBIT trade_id=T00414 trader=TRADER_D symbol=XRPUSDT side=SELL qty=500 price=0.62395 fee=0.09279770 USDT fee_usdt=0.09279770 | position 2750 -> 2250 realized_pnl 2.980846153846153846153846220 -> 3.084692307692307692307692370
2026-08-15 13:42:24 | INFO     | pnl_engine | Trade processed: venue=BYBIT trade_id=T00105 trader=TRADER_A symbol=BTCUSDT side=BUY qty=1.125 price=63832.49 fee=34.63197431 USDT fee_usdt=34.63197431 | position -0.5625 -> 0.5625 realized_pnl -109.3531249999999999999999970 -> -252.2256249999999999999999995
2026-08-15 13:42:24 | INFO     | pnl_engine | Trade processed: venue=BYBIT trade_id=T00034 trader=TRADER_D symbol=XRPUSDT side=SELL qty=2000 price=0.62285 fee=0.51855230 USDT fee_usdt=0.51855230 | position 2250 -> 250 realized_pnl 3.084692307692307692307692370 -> 1.300076923076923076923076970
2026-08-15 13:42:24 | INFO     | pnl_engine | Trade processed: venue=BYBIT trade_id=T00306 trader=TRADER_D symbol=XRPUSDT side=SELL qty=1000 price=0.62367 fee=0.00027521 BNB fee_usdt=0.222287117 | position 250 -> -750 realized_pnl 1.300076923076923076923076970 -> 1.282000000000000000000000045
2026-08-15 13:42:24 | INFO     | pnl_engine | Trade processed: venue=BYBIT trade_id=T00610 trader=TRADER_D symbol=XRPUSDT side=BUY qty=1500 price=0.62325 fee=0.35199459 USDT fee_usdt=0.35199459 | position -750 -> 750 realized_pnl 1.282000000000000000000000045 -> 1.597000000000000000000000045
2026-08-15 13:42:24 | INFO     | pnl_engine | Trade processed: venue=BYBIT trade_id=T00537 trader=TRADER_A symbol=SOLUSDT side=SELL qty=5 price=157.176 fee=0.26627644 USDT fee_usdt=0.26627644 | position 35 -> 30 realized_pnl -10.6532336000000000000000075 -> -10.7368050285714285714285790
2026-08-15 13:42:24 | INFO     | pnl_engine | Trade processed: venue=BINANCE trade_id=T00052 trader=TRADER_C symbol=SOLUSDT side=SELL qty=40 price=157.388 fee=1.37067746 USDT fee_usdt=1.37067746 | position 0 -> -40 realized_pnl -129.1008359999999999999999800 -> -129.1008359999999999999999800
2026-08-15 13:42:24 | INFO     | pnl_engine | Trade processed: venue=BINANCE trade_id=T00102 trader=TRADER_A symbol=XRPUSDT side=BUY qty=1000 price=0.62427 fee=0.26596481 USDT fee_usdt=0.26596481 | position 0 -> 1000 realized_pnl 211.5213999999999999999999993 -> 211.5213999999999999999999993
2026-08-15 13:42:24 | INFO     | pnl_engine | Trade processed: venue=BINANCE trade_id=T00147 trader=TRADER_A symbol=XRPUSDT side=SELL qty=1000 price=0.62441 fee=0.26935897 USDT fee_usdt=0.26935897 | position 1000 -> 0 realized_pnl 211.5213999999999999999999993 -> 211.6613999999999999999999993
2026-08-15 13:42:24 | INFO     | pnl_engine | Trade processed: venue=OKX trade_id=T00366 trader=TRADER_C symbol=SOLUSDT side=BUY qty=30 price=157.229 fee=0.00206774 BNB fee_usdt=1.670113598 | position -5 -> 25 realized_pnl 9.4276660000000000000000035 -> 9.9726660000000000000000035
2026-08-15 13:42:24 | INFO     | pnl_engine | Trade processed: venue=BYBIT trade_id=T00397 trader=TRADER_A symbol=BTCUSDT side=SELL qty=0.125 price=63994.61 fee=0.00244774 BNB fee_usdt=1.977039598 | position 0.5625 -> 0.4375 realized_pnl -252.2256249999999999999999995 -> -231.9606249999999999999999995
2026-08-15 13:42:24 | INFO     | pnl_engine | Trade processed: venue=BYBIT trade_id=T00715 trader=TRADER_A symbol=BTCUSDT side=BUY qty=0.125 price=63934.36 fee=0.00460782 BNB fee_usdt=3.721736214 | position 0.4375 -> 0.5625 realized_pnl -231.9606249999999999999999995 -> -231.9606249999999999999999995
2026-08-15 13:42:24 | INFO     | pnl_engine | Trade processed: venue=BYBIT trade_id=T00630 trader=TRADER_B symbol=ETHUSDT side=BUY qty=0.5 price=3126.38 fee=0.71839950 USDT fee_usdt=0.71839950 | position 1.25 -> 1.75 realized_pnl 106.8832872675000000000000034 -> 106.8832872675000000000000034
2026-08-15 13:42:24 | INFO     | pnl_engine | Trade processed: venue=BYBIT trade_id=T00590 trader=TRADER_D symbol=XRPUSDT side=BUY qty=500 price=0.62462 fee=0.10557735 USDT fee_usdt=0.10557735 | position 750 -> 1250 realized_pnl 1.597000000000000000000000045 -> 1.597000000000000000000000045
2026-08-15 13:42:24 | INFO     | pnl_engine | Trade processed: venue=OKX trade_id=T00469 trader=TRADER_B symbol=ETHUSDT side=BUY qty=0.5 price=3121.76 fee=0.00077446 BNB fee_usdt=0.625531342 | position -3.75 -> -3.25 realized_pnl -27.02942307692307692307692625 -> -20.07216666666666666666667025
2026-08-15 13:42:24 | INFO     | pnl_engine | Trade processed: venue=OKX trade_id=T00188 trader=TRADER_B symbol=XRPUSDT side=SELL qty=750 price=0.62344 fee=0.18412366 USDT fee_usdt=0.18412366 | position -500 -> -1250 realized_pnl 114.6446599999999999999999996 -> 114.6446599999999999999999996
2026-08-15 13:42:24 | INFO     | pnl_engine | Trade processed: venue=OKX trade_id=T00544 trader=TRADER_B symbol=ETHUSDT side=BUY qty=7 price=3127.51 fee=4.39647087 USDT fee_usdt=4.39647087 | position -3.25 -> 3.75 realized_pnl -20.07216666666666666666667025 -> 6.46249999999999999999999375
2026-08-15 13:42:24 | INFO     | pnl_engine | Trade processed: venue=BINANCE trade_id=T00219 trader=TRADER_A symbol=XRPUSDT side=BUY qty=500 price=0.62357 fee=0.12166714 USDT fee_usdt=0.12166714 | position 0 -> 500 realized_pnl 211.6613999999999999999999993 -> 211.6613999999999999999999993
2026-08-15 13:42:24 | INFO     | pnl_engine | Trade processed: venue=BYBIT trade_id=T00235 trader=TRADER_A symbol=BTCUSDT side=SELL qty=0.125 price=63969.12 fee=3.63318800 USDT fee_usdt=3.63318800 | position 0.5625 -> 0.4375 realized_pnl -231.9606249999999999999999995 -> -217.7115972222222222222222220
2026-08-15 13:42:24 | INFO     | pnl_engine | Trade processed: venue=OKX trade_id=T00730 trader=TRADER_B symbol=XRPUSDT side=BUY qty=500 price=0.62314 fee=0.09177382 USDT fee_usdt=0.09177382 | position -1250 -> -750 realized_pnl 114.6446599999999999999999996 -> 114.8346599999999999999999996
2026-08-15 13:42:24 | INFO     | pnl_engine | Trade processed: venue=BYBIT trade_id=T00692 trader=TRADER_D symbol=XRPUSDT side=BUY qty=1500 price=0.62365 fee=0.45500666 USDT fee_usdt=0.45500666 | position 1250 -> 2750 realized_pnl 1.597000000000000000000000045 -> 1.597000000000000000000000045
2026-08-15 13:42:24 | INFO     | pnl_engine | Trade processed: venue=BYBIT trade_id=T00108 trader=TRADER_D symbol=XRPUSDT side=BUY qty=1000 price=0.62201 fee=0.12772754 USDT fee_usdt=0.12772754 | position 2750 -> 3750 realized_pnl 1.597000000000000000000000045 -> 1.597000000000000000000000045
2026-08-15 13:42:24 | INFO     | pnl_engine | Trade processed: venue=OKX trade_id=T00194 trader=TRADER_B symbol=ETHUSDT side=SELL qty=0.25 price=3125.78 fee=0.00037218 BNB fee_usdt=0.3014136948 | position 3.75 -> 3.50 realized_pnl 6.46249999999999999999999375 -> 6.02999999999999999999999375
2026-08-15 13:42:24 | INFO     | pnl_engine | Trade processed: venue=BINANCE trade_id=T00655 trader=TRADER_A symbol=XRPUSDT side=BUY qty=2000 price=0.62193 fee=0.43511330 USDT fee_usdt=0.43511330 | position 500 -> 2500 realized_pnl 211.6613999999999999999999993 -> 211.6613999999999999999999993
2026-08-15 13:42:24 | INFO     | pnl_engine | Trade processed: venue=BYBIT trade_id=T00320 trader=TRADER_A symbol=SOLUSDT side=SELL qty=30 price=157.625 fee=1.62080638 USDT fee_usdt=1.62080638 | position 30 -> 0 realized_pnl -10.7368050285714285714285790 -> 2.2317663999999999999999920
2026-08-15 13:42:24 | INFO     | pnl_engine | Trade processed: venue=OKX trade_id=T00368 trader=TRADER_B symbol=ETHUSDT side=SELL qty=7.75 price=3129.08 fee=8.27340070 USDT fee_usdt=8.27340070 | position 3.50 -> -4.25 realized_pnl 6.02999999999999999999999375 -> 11.52499999999999999999999375
2026-08-15 13:42:24 | INFO     | pnl_engine | Trade processed: venue=BINANCE trade_id=T00136 trader=TRADER_A symbol=XRPUSDT side=BUY qty=1000 price=0.62173 fee=0.12997982 USDT fee_usdt=0.12997982 | position 2500 -> 3500 realized_pnl 211.6613999999999999999999993 -> 211.6613999999999999999999993
2026-08-15 13:42:24 | INFO     | pnl_engine | Trade processed: venue=BINANCE trade_id=T00363 trader=TRADER_A symbol=XRPUSDT side=BUY qty=1250 price=0.62156 fee=0.23382045 USDT fee_usdt=0.23382045 | position 3500 -> 4750 realized_pnl 211.6613999999999999999999993 -> 211.6613999999999999999999993
2026-08-15 13:42:24 | INFO     | pnl_engine | Trade processed: venue=BINANCE trade_id=T00035 trader=TRADER_D symbol=ETHUSDT side=SELL qty=1.5 price=3127.82 fee=0.96264687 USDT fee_usdt=0.96264687 | position -2.00 -> -3.50 realized_pnl 262.4295252999999999999999990 -> 262.4295252999999999999999990
2026-08-15 13:42:24 | INFO     | pnl_engine | Trade processed: venue=BINANCE trade_id=T00316 trader=TRADER_D symbol=XRPUSDT side=SELL qty=250 price=0.62128 fee=0.06961327 USDT fee_usdt=0.06961327 | position -2000 -> -2250 realized_pnl 21.82645238095238095238095148 -> 21.82645238095238095238095148
2026-08-15 13:42:24 | INFO     | pnl_engine | Trade processed: venue=BYBIT trade_id=T00339 trader=TRADER_B symbol=ETHUSDT side=BUY qty=1 price=3129.84 fee=1.55016235 USDT fee_usdt=1.55016235 | position 1.75 -> 2.75 realized_pnl 106.8832872675000000000000034 -> 106.8832872675000000000000034
2026-08-15 13:42:24 | INFO     | pnl_engine | Trade processed: venue=BINANCE trade_id=T00373 trader=TRADER_A symbol=BTCUSDT side=BUY qty=0.1875 price=63922.7 fee=2.84854110 USDT fee_usdt=2.84854110 | position 0.8125 -> 1.0000 realized_pnl 745.9326789858333333333333625 -> 745.9326789858333333333333625
2026-08-15 13:42:24 | INFO     | pnl_engine | Trade processed: venue=OKX trade_id=T00279 trader=TRADER_B symbol=XRPUSDT side=SELL qty=1500 price=0.62137 fee=0.21062568 USDT fee_usdt=0.21062568 | position -750 -> -2250 realized_pnl 114.8346599999999999999999996 -> 114.8346599999999999999999996
2026-08-15 13:42:24 | INFO     | pnl_engine | Trade processed: venue=BYBIT trade_id=T00243 trader=TRADER_D symbol=XRPUSDT side=BUY qty=1500 price=0.62116 fee=0.45169918 USDT fee_usdt=0.45169918 | position 3750 -> 5250 realized_pnl 1.597000000000000000000000045 -> 1.597000000000000000000000045
2026-08-15 13:42:24 | INFO     | pnl_engine | Trade processed: venue=BINANCE trade_id=T00447 trader=TRADER_D symbol=ETHUSDT side=SELL qty=0.25 price=3126.96 fee=0.34149863 USDT fee_usdt=0.34149863 | position -3.50 -> -3.75 realized_pnl 262.4295252999999999999999990 -> 262.4295252999999999999999990
2026-08-15 13:42:24 | INFO     | pnl_engine | Trade processed: venue=OKX trade_id=T00343 trader=TRADER_C symbol=XRPUSDT side=SELL qty=250 price=0.62165 fee=0.05357647 USDT fee_usdt=0.05357647 | position -2250 -> -2500 realized_pnl -59.53296499999999999999999995 -> -59.53296499999999999999999995
2026-08-15 13:42:24 | INFO     | pnl_engine | Trade processed: venue=OKX trade_id=T00735 trader=TRADER_C symbol=SOLUSDT side=SELL qty=5 price=157.534 fee=0.32252459 USDT fee_usdt=0.32252459 | position 25 -> 20 realized_pnl 9.9726660000000000000000035 -> 11.4976660000000000000000035
2026-08-15 13:42:24 | INFO     | pnl_engine | Trade processed: venue=BYBIT trade_id=T00674 trader=TRADER_A symbol=BTCUSDT side=BUY qty=0.5 price=63937.67 fee=14.27537702 USDT fee_usdt=14.27537702 | position 0.4375 -> 0.9375 realized_pnl -217.7115972222222222222222220 -> -217.7115972222222222222222220
2026-08-15 13:42:24 | INFO     | pnl_engine | Trade processed: venue=BYBIT trade_id=T00179 trader=TRADER_A symbol=SOLUSDT side=SELL qty=5 price=157.291 fee=0.34753602 USDT fee_usdt=0.34753602 | position 0 -> -5 realized_pnl 2.2317663999999999999999920 -> 2.2317663999999999999999920
2026-08-15 13:42:24 | INFO     | pnl_engine | Trade processed: venue=BYBIT trade_id=T00390 trader=TRADER_D symbol=XRPUSDT side=BUY qty=750 price=0.62172 fee=0.00022707 BNB fee_usdt=0.1838949102 | position 5250 -> 6000 realized_pnl 1.597000000000000000000000045 -> 1.597000000000000000000000045
2026-08-15 13:42:24 | INFO     | pnl_engine | Trade processed: venue=OKX trade_id=T00010 trader=TRADER_B symbol=XRPUSDT side=BUY qty=2000 price=0.62367 fee=0.32629405 USDT fee_usdt=0.32629405 | position -2250 -> -250 realized_pnl 114.8346599999999999999999996 -> 111.6679933333333333333333330
2026-08-15 13:42:24 | INFO     | pnl_engine | Trade processed: venue=BINANCE trade_id=T00353 trader=TRADER_A symbol=ETHUSDT side=BUY qty=0.25 price=3134.89 fee=0.36671686 USDT fee_usdt=0.36671686 | position 5.25 -> 5.50 realized_pnl 33.28498017250000000000000150 -> 33.28498017250000000000000150
2026-08-15 13:42:24 | INFO     | pnl_engine | Trade processed: venue=BINANCE trade_id=T00007 trader=TRADER_C symbol=SOLUSDT side=BUY qty=40 price=157.33 fee=0.00295171 BNB fee_usdt=2.3996811958 | position -40 -> 0 realized_pnl -129.1008359999999999999999800 -> -126.7808359999999999999999800
2026-08-15 13:42:24 | INFO     | pnl_engine | Trade processed: venue=BYBIT trade_id=T00401 trader=TRADER_A symbol=SOLUSDT side=SELL qty=15 price=157.384 fee=0.00087444 BNB fee_usdt=0.7109022312 | position -5 -> -20 realized_pnl 2.2317663999999999999999920 -> 2.2317663999999999999999920
2026-08-15 13:42:24 | INFO     | pnl_engine | Trade processed: venue=OKX trade_id=T00285 trader=TRADER_B symbol=ETHUSDT side=SELL qty=0.5 price=3132.61 fee=0.49632389 USDT fee_usdt=0.49632389 | position -4.25 -> -4.75 realized_pnl 11.52499999999999999999999375 -> 11.52499999999999999999999375
2026-08-15 13:42:24 | INFO     | pnl_engine | Trade processed: venue=BINANCE trade_id=T00386 trader=TRADER_A symbol=BTCUSDT side=BUY qty=0.1875 price=63740.46 fee=2.50240800 USDT fee_usdt=2.50240800 | position 1.0000 -> 1.1875 realized_pnl 745.9326789858333333333333625 -> 745.9326789858333333333333625
2026-08-15 13:42:24 | INFO     | pnl_engine | Trade processed: venue=OKX trade_id=T00139 trader=TRADER_C symbol=BTCUSDT side=SELL qty=0.125 price=63634.39 fee=1.80316620 USDT fee_usdt=1.80316620 | position 1.5000 -> 1.3750 realized_pnl 1204.126799968969298245614035 -> 1224.680878815826023391812865
2026-08-15 13:42:24 | INFO     | pnl_engine | Trade processed: venue=BINANCE trade_id=T00049 trader=TRADER_D symbol=XRPUSDT side=SELL qty=250 price=0.62332 fee=0.03353825 USDT fee_usdt=0.03353825 | position -2250 -> -2500 realized_pnl 21.82645238095238095238095148 -> 21.82645238095238095238095148
2026-08-15 13:42:24 | INFO     | pnl_engine | Trade processed: venue=BINANCE trade_id=T00550 trader=TRADER_D symbol=XRPUSDT side=SELL qty=750 price=0.62383 fee=0.16200240 USDT fee_usdt=0.16200240 | position -2500 -> -3250 realized_pnl 21.82645238095238095238095148 -> 21.82645238095238095238095148
2026-08-15 13:42:24 | INFO     | pnl_engine | Trade processed: venue=BINANCE trade_id=T00430 trader=TRADER_D symbol=ETHUSDT side=BUY qty=7.5 price=3131.96 fee=11.61007846 USDT fee_usdt=11.61007846 | position -3.75 -> 3.75 realized_pnl 262.4295252999999999999999990 -> 271.2727253000000000000000002
2026-08-15 13:42:24 | INFO     | pnl_engine | Data load complete: 776 events applied, 0 duplicate no-ops, 17 account partitions tracked
2026-08-15 13:42:24 | INFO     | pnl_engine | Generating PnL report as_of=2026-08-02T00:00:00+00:00 trader_filter=ALL
2026-08-15 13:42:24 | INFO     | pnl_engine | Report row: trader=TRADER_A symbol=BTCUSDT qty=2.1250 realized=528.2210817636111111111111405 unrealized=238.9524826388888888888888882 funding=-5.04214907 fees=727.2044541131 total=34.9269612194000000000000287 mark=63906.01
2026-08-15 13:42:24 | INFO     | pnl_engine | Report row: trader=TRADER_A symbol=ETHUSDT qty=5.50 realized=33.28498017250000000000000150 unrealized=-2.63749999999999999999999750 funding=-0.42093423 fees=48.8014235675 total=-18.57487762499999999999999600 mark=3130.98
2026-08-15 13:42:24 | INFO     | pnl_engine | Report row: trader=TRADER_A symbol=SOLUSDT qty=-20 realized=2.2317663999999999999999920 unrealized=-10.20500 funding=1.01341652 fees=65.0923735249 total=-72.0521906049000000000000080 mark=157.871
2026-08-15 13:42:24 | INFO     | pnl_engine | Report row: trader=TRADER_A symbol=XRPUSDT qty=4750 realized=211.6613999999999999999999993 unrealized=18.46249999999999999999999998 funding=-0.10684585 fees=22.4219736202 total=207.5950805297999999999999993 mark=0.62585
2026-08-15 13:42:24 | INFO     | pnl_engine | Report row: trader=TRADER_B symbol=ETHUSDT qty=-2.00 realized=118.4082872674999999999999972 unrealized=6.71749999999999999999999950 funding=9.62538565 fees=209.4201496933 total=-74.6689767758000000000000033 mark=3130.98
2026-08-15 13:42:24 | INFO     | pnl_engine | Report row: trader=TRADER_B symbol=SOLUSDT qty=-15 realized=-57.3115170000000000000000035 unrealized=-14.895 funding=-0.11613641 fees=34.7713678703 total=-107.0940212803000000000000035 mark=157.871
2026-08-15 13:42:24 | INFO     | pnl_engine | Report row: trader=TRADER_B symbol=XRPUSDT qty=-250 realized=111.6679933333333333333333330 unrealized=-0.9408333333333333333333333250 funding=0 fees=19.7145878866 total=91.0125721133999999999999997 mark=0.62585
2026-08-15 13:42:24 | INFO     | pnl_engine | Report row: trader=TRADER_C symbol=BTCUSDT qty=1.3750 realized=1224.680878815826023391812865 unrealized=599.5723673154239766081871300 funding=-12.51554084 fees=350.2189337680 total=1461.518771523249999999999995 mark=63906.01
2026-08-15 13:42:24 | INFO     | pnl_engine | Report row: trader=TRADER_C symbol=SOLUSDT qty=20 realized=-115.2831699999999999999999765 unrealized=12.840 funding=-5.27715934 fees=176.4466072444 total=-284.1669365843999999999999765 mark=157.871
2026-08-15 13:42:24 | INFO     | pnl_engine | Report row: trader=TRADER_C symbol=XRPUSDT qty=-2500 realized=-59.53296499999999999999999995 unrealized=-6.435000000000000000000000 funding=-0.31807965 fees=12.7189960114 total=-79.00504066139999999999999995 mark=0.62585
2026-08-15 13:42:24 | INFO     | pnl_engine | Report row: trader=TRADER_D symbol=BTCUSDT qty=-0.375 realized=0 unrealized=-182.56055746125 funding=0.86739916 fees=0 total=-181.69315830125 mark=63906.01
2026-08-15 13:42:24 | INFO     | pnl_engine | Report row: trader=TRADER_D symbol=ETHUSDT qty=3.75 realized=271.2727253000000000000000002 unrealized=-3.6750 funding=2.94344752 fees=73.3797232131 total=197.1614496069000000000000002 mark=3130.98
2026-08-15 13:42:24 | INFO     | pnl_engine | Report row: trader=TRADER_D symbol=XRPUSDT qty=2750 realized=23.42345238095238095238095152 unrealized=14.81854761904761904761904710 funding=-0.47161905 fees=23.2200961856 total=14.55028476439999999999999862 mark=0.62585
2026-08-15 13:42:24 | INFO     | pnl_engine | Report generated with 13 trader/symbol rows
2026-08-15 15:12:43 | INFO     | pnl_engine | Starting data load from directory: /apps/infrafs1/amitabh/Desktop/POC/data
2026-08-15 15:12:43 | INFO     | pnl_engine | Loading opening positions from /apps/infrafs1/amitabh/Desktop/POC/data/opening_positions.csv
2026-08-15 15:12:43 | INFO     | pnl_engine | Loaded 14 opening positions
2026-08-15 15:12:43 | INFO     | pnl_engine | Applied opening position: trader=TRADER_A venue=BINANCE account=TRADER_A_BINANCE symbol=BTCUSDT quantity=0.25 avg_entry=60626.06574239
2026-08-15 15:12:43 | INFO     | pnl_engine | Applied opening position: trader=TRADER_A venue=BINANCE account=TRADER_A_BINANCE symbol=ETHUSDT quantity=2.25 avg_entry=3187.35778659
2026-08-15 15:12:43 | INFO     | pnl_engine | Applied opening position: trader=TRADER_A venue=BINANCE account=TRADER_A_BINANCE symbol=XRPUSDT quantity=-5000 avg_entry=0.63323578
2026-08-15 15:12:43 | INFO     | pnl_engine | Applied opening position: trader=TRADER_A venue=BYBIT account=TRADER_A_BYBIT symbol=SOLUSDT quantity=-35 avg_entry=157.87847904
2026-08-15 15:12:43 | INFO     | pnl_engine | Applied opening position: trader=TRADER_B venue=BYBIT account=TRADER_B_BYBIT symbol=ETHUSDT quantity=-4.75 avg_entry=3167.81648153
2026-08-15 15:12:43 | INFO     | pnl_engine | Applied opening position: trader=TRADER_B venue=BYBIT account=TRADER_B_BYBIT symbol=SOLUSDT quantity=-20 avg_entry=154.53367415
2026-08-15 15:12:43 | INFO     | pnl_engine | Applied opening position: trader=TRADER_B venue=OKX account=TRADER_B_OKX symbol=XRPUSDT quantity=-9000 avg_entry=0.63682024
2026-08-15 15:12:43 | INFO     | pnl_engine | Applied opening position: trader=TRADER_C venue=OKX account=TRADER_C_OKX symbol=BTCUSDT quantity=0.625 avg_entry=61416.03580619
2026-08-15 15:12:43 | INFO     | pnl_engine | Applied opening position: trader=TRADER_C venue=OKX account=TRADER_C_OKX symbol=SOLUSDT quantity=100 avg_entry=154.10707334
2026-08-15 15:12:43 | INFO     | pnl_engine | Applied opening position: trader=TRADER_C venue=OKX account=TRADER_C_OKX symbol=XRPUSDT quantity=5250 avg_entry=0.63073866
2026-08-15 15:12:43 | INFO     | pnl_engine | Applied opening position: trader=TRADER_C venue=BINANCE account=TRADER_C_BINANCE symbol=SOLUSDT quantity=100 avg_entry=156.57745836
2026-08-15 15:12:43 | INFO     | pnl_engine | Applied opening position: trader=TRADER_D venue=BINANCE account=TRADER_D_BINANCE symbol=ETHUSDT quantity=1.25 avg_entry=3164.08581976
2026-08-15 15:12:43 | INFO     | pnl_engine | Applied opening position: trader=TRADER_D venue=BYBIT account=TRADER_D_BYBIT symbol=XRPUSDT quantity=-2000 avg_entry=0.61273850
2026-08-15 15:12:43 | INFO     | pnl_engine | Applied opening position: trader=TRADER_D venue=BYBIT account=TRADER_D_BYBIT symbol=BTCUSDT quantity=-0.375 avg_entry=63419.18184677
2026-08-15 15:12:43 | INFO     | pnl_engine | Loading prices from /apps/infrafs1/amitabh/Desktop/POC/data/prices.csv
2026-08-15 15:12:43 | INFO     | pnl_engine | Loaded 243 price ticks (0 duplicates skipped)
2026-08-15 15:12:43 | INFO     | pnl_engine | Stored 243 price ticks
2026-08-15 15:12:43 | INFO     | pnl_engine | Loading trades from /apps/infrafs1/amitabh/Desktop/POC/data/trades.csv
2026-08-15 15:12:43 | WARNING  | pnl_engine | Duplicate trade skipped on load: venue=BINANCE trade_id=T00731 ts=2026-08-01 15:03:35+00:00
2026-08-15 15:12:43 | WARNING  | pnl_engine | Duplicate trade skipped on load: venue=BYBIT trade_id=T00512 ts=2026-08-01 19:49:19+00:00
2026-08-15 15:12:43 | WARNING  | pnl_engine | Duplicate trade skipped on load: venue=BYBIT trade_id=T00499 ts=2026-08-01 22:15:38+00:00
2026-08-15 15:12:43 | WARNING  | pnl_engine | Duplicate trade skipped on load: venue=BYBIT trade_id=T00654 ts=2026-08-01 19:39:41+00:00
2026-08-15 15:12:43 | WARNING  | pnl_engine | Duplicate trade skipped on load: venue=BYBIT trade_id=T00576 ts=2026-08-01 07:24:36+00:00
2026-08-15 15:12:43 | WARNING  | pnl_engine | Duplicate trade skipped on load: venue=BINANCE trade_id=T00432 ts=2026-08-01 12:11:26+00:00
2026-08-15 15:12:43 | WARNING  | pnl_engine | Duplicate trade skipped on load: venue=BYBIT trade_id=T00463 ts=2026-08-01 12:39:37+00:00
2026-08-15 15:12:43 | WARNING  | pnl_engine | Duplicate trade skipped on load: venue=OKX trade_id=T00732 ts=2026-08-01 11:29:15+00:00
2026-08-15 15:12:43 | WARNING  | pnl_engine | Duplicate trade skipped on load: venue=BYBIT trade_id=T00411 ts=2026-08-01 07:34:12+00:00
2026-08-15 15:12:43 | WARNING  | pnl_engine | Duplicate trade skipped on load: venue=BINANCE trade_id=T00422 ts=2026-08-01 04:38:32+00:00
2026-08-15 15:12:43 | INFO     | pnl_engine | Loaded 748 trades (0 outside window, 10 duplicates skipped)
2026-08-15 15:12:43 | INFO     | pnl_engine | Loading funding events from /apps/infrafs1/amitabh/Desktop/POC/data/funding.csv
2026-08-15 15:12:43 | WARNING  | pnl_engine | Duplicate funding skipped on load: venue=BYBIT event_id=F0027 ts=2026-08-01 16:00:00+00:00
2026-08-15 15:12:43 | WARNING  | pnl_engine | Duplicate funding skipped on load: venue=BYBIT event_id=F0014 ts=2026-08-01 08:00:00+00:00
2026-08-15 15:12:43 | WARNING  | pnl_engine | Duplicate funding skipped on load: venue=OKX event_id=F0023 ts=2026-08-01 16:00:00+00:00
2026-08-15 15:12:43 | INFO     | pnl_engine | Loaded 28 funding events (0 outside window, 3 duplicates skipped)
2026-08-15 15:12:43 | INFO     | pnl_engine | Processing 776 trade and funding events in chronological order
2026-08-15 15:12:43 | INFO     | pnl_engine | Trade processed: venue=BYBIT trade_id=T00580 trader=TRADER_B symbol=ETHUSDT side=BUY qty=10.25 price=3197.65 fee=6.69480522 USDT fee_usdt=6.69480522 | position -4.75 -> 5.50 realized_pnl 0 -> -141.7092127325
2026-08-15 15:12:43 | INFO     | pnl_engine | Trade processed: venue=BYBIT trade_id=T00521 trader=TRADER_B symbol=SOLUSDT side=BUY qty=5 price=154.893 fee=0.27156438 USDT fee_usdt=0.27156438 | position -20 -> -15 realized_pnl 0 -> -1.79662925
2026-08-15 15:12:43 | INFO     | pnl_engine | Trade processed: venue=OKX trade_id=T00180 trader=TRADER_C symbol=SOLUSDT side=BUY qty=40 price=154.999 fee=2.28719313 USDT fee_usdt=2.28719313 | position 100 -> 140 realized_pnl 0 -> 0
2026-08-15 15:12:43 | INFO     | pnl_engine | Trade processed: venue=BYBIT trade_id=T00505 trader=TRADER_B symbol=ETHUSDT side=BUY qty=2 price=3196.55 fee=2.94352723 USDT fee_usdt=2.94352723 | position 5.50 -> 7.50 realized_pnl -141.7092127325 -> -141.7092127325
2026-08-15 15:12:43 | INFO     | pnl_engine | Trade processed: venue=OKX trade_id=T00362 trader=TRADER_C symbol=XRPUSDT side=SELL qty=5250 price=0.61952 fee=1.26864015 USDT fee_usdt=1.26864015 | position 5250 -> 0 realized_pnl 0 -> -58.89796500
2026-08-15 15:12:43 | INFO     | pnl_engine | Trade processed: venue=BYBIT trade_id=T00205 trader=TRADER_A symbol=SOLUSDT side=SELL qty=15 price=155.163 fee=0.00066487 BNB fee_usdt=0.53189600 | position -35 -> -50 realized_pnl 0 -> 0
2026-08-15 15:12:43 | INFO     | pnl_engine | Trade processed: venue=BINANCE trade_id=T00152 trader=TRADER_D symbol=ETHUSDT side=SELL qty=2 price=3198.14 fee=2.39496166 USDT fee_usdt=2.39496166 | position 1.25 -> -0.75 realized_pnl 0 -> 42.5677253000
2026-08-15 15:12:43 | INFO     | pnl_engine | Trade processed: venue=BINANCE trade_id=T00292 trader=TRADER_C symbol=SOLUSDT side=SELL qty=25 price=155.15 fee=1.41126728 USDT fee_usdt=1.41126728 | position 100 -> 75 realized_pnl 0 -> -35.68645900
2026-08-15 15:12:43 | INFO     | pnl_engine | Trade processed: venue=BINANCE trade_id=T00642 trader=TRADER_D symbol=ETHUSDT side=SELL qty=0.5 price=3199.77 fee=0.44709129 USDT fee_usdt=0.44709129 | position -0.75 -> -1.25 realized_pnl 42.5677253000 -> 42.5677253000
2026-08-15 15:12:43 | INFO     | pnl_engine | Trade processed: venue=OKX trade_id=T00156 trader=TRADER_B symbol=XRPUSDT side=BUY qty=250 price=0.6202 fee=0.00007740 BNB fee_usdt=0.06192000 | position -9000 -> -8750 realized_pnl 0 -> 4.15506000
2026-08-15 15:12:43 | INFO     | pnl_engine | Trade processed: venue=BYBIT trade_id=T00722 trader=TRADER_B symbol=SOLUSDT side=BUY qty=35 price=155.06 fee=1.43441969 USDT fee_usdt=1.43441969 | position -15 -> 20 realized_pnl -1.79662925 -> -9.69151700
2026-08-15 15:12:43 | INFO     | pnl_engine | Trade processed: venue=OKX trade_id=T00453 trader=TRADER_C symbol=BTCUSDT side=BUY qty=0.1875 price=62205.67 fee=3.94103953 USDT fee_usdt=3.94103953 | position 0.625 -> 0.8125 realized_pnl 0 -> 0
2026-08-15 15:12:43 | INFO     | pnl_engine | Trade processed: venue=BINANCE trade_id=T00708 trader=TRADER_A symbol=BTCUSDT side=SELL qty=0.125 price=62204.13 fee=2.76645937 USDT fee_usdt=2.76645937 | position 0.25 -> 0.125 realized_pnl 0 -> 197.25803220125
2026-08-15 15:12:43 | INFO     | pnl_engine | Trade processed: venue=OKX trade_id=T00009 trader=TRADER_C symbol=BTCUSDT side=SELL qty=0.125 price=62235.89 fee=2.09655407 USDT fee_usdt=2.09655407 | position 0.8125 -> 0.6875 realized_pnl 0 -> 79.70386478942307692307692250
2026-08-15 15:12:43 | INFO     | pnl_engine | Trade processed: venue=BYBIT trade_id=T00679 trader=TRADER_A symbol=BTCUSDT side=SELL qty=0.5 price=62208.85 fee=8.04156508 USDT fee_usdt=8.04156508 | position 0 -> -0.5 realized_pnl 0 -> 0
2026-08-15 15:12:43 | INFO     | pnl_engine | Trade processed: venue=BINANCE trade_id=T00500 trader=TRADER_A symbol=BTCUSDT side=SELL qty=0.125 price=62298.81 fee=3.33785782 USDT fee_usdt=3.33785782 | position 0.125 -> 0 realized_pnl 197.25803220125 -> 406.35106440250
2026-08-15 15:12:43 | INFO     | pnl_engine | Trade processed: venue=BINANCE trade_id=T00718 trader=TRADER_C symbol=SOLUSDT side=BUY qty=5 price=155.4 fee=0.23767092 USDT fee_usdt=0.23767092 | position 75 -> 80 realized_pnl -35.68645900 -> -35.68645900
2026-08-15 15:12:43 | INFO     | pnl_engine | Trade processed: venue=BINANCE trade_id=T00527 trader=TRADER_A symbol=XRPUSDT side=BUY qty=9750 price=0.61989 fee=2.67548515 USDT fee_usdt=2.67548515 | position -5000 -> 4750 realized_pnl 0 -> 66.72890000
2026-08-15 15:12:43 | INFO     | pnl_engine | Trade processed: venue=BINANCE trade_id=T00635 trader=TRADER_D symbol=XRPUSDT side=BUY qty=500 price=0.62059 fee=0.13965412 USDT fee_usdt=0.13965412 | position 0 -> 500 realized_pnl 0 -> 0
2026-08-15 15:12:43 | INFO     | pnl_engine | Trade processed: venue=OKX trade_id=T00082 trader=TRADER_B symbol=XRPUSDT side=SELL qty=500 price=0.61938 fee=0.12574480 USDT fee_usdt=0.12574480 | position -8750 -> -9250 realized_pnl 4.15506000 -> 4.15506000
2026-08-15 15:12:43 | INFO     | pnl_engine | Trade processed: venue=OKX trade_id=T00488 trader=TRADER_B symbol=ETHUSDT side=SELL qty=1.25 price=3199.74 fee=1.79736158 USDT fee_usdt=1.79736158 | position 0 -> -1.25 realized_pnl 0 -> 0
2026-08-15 15:12:43 | INFO     | pnl_engine | Trade processed: venue=BINANCE trade_id=T00494 trader=TRADER_A symbol=BTCUSDT side=BUY qty=0.5 price=62195.87 fee=0.01140631 BNB fee_usdt=9.1017791276 | position 0 -> 0.5 realized_pnl 406.35106440250 -> 406.35106440250
2026-08-15 15:12:43 | INFO     | pnl_engine | Trade processed: venue=BINANCE trade_id=T00184 trader=TRADER_A symbol=ETHUSDT side=SELL qty=0.5 price=3196.94 fee=0.63315328 USDT fee_usdt=0.63315328 | position 2.25 -> 1.75 realized_pnl 0 -> 4.791106705
2026-08-15 15:12:43 | INFO     | pnl_engine | Trade processed: venue=OKX trade_id=T00466 trader=TRADER_B symbol=XRPUSDT side=SELL qty=500 price=0.62001 fee=0.09930038 USDT fee_usdt=0.09930038 | position -9250 -> -9750 realized_pnl 4.15506000 -> 4.15506000
2026-08-15 15:12:43 | INFO     | pnl_engine | Trade processed: venue=BINANCE trade_id=T00144 trader=TRADER_A symbol=BTCUSDT side=SELL qty=0.9375 price=62244.73 fee=12.32542395 USDT fee_usdt=12.32542395 | position 0.5 -> -0.4375 realized_pnl 406.35106440250 -> 430.78106440250
2026-08-15 15:12:43 | INFO     | pnl_engine | Trade processed: venue=BYBIT trade_id=T00090 trader=TRADER_A symbol=BTCUSDT side=SELL qty=0.0625 price=62295.52 fee=1.31911732 USDT fee_usdt=1.31911732 | position -0.5 -> -0.5625 realized_pnl 0 -> 0
2026-08-15 15:12:43 | INFO     | pnl_engine | Trade processed: venue=BINANCE trade_id=T00705 trader=TRADER_A symbol=XRPUSDT side=BUY qty=250 price=0.62068 fee=0.04616547 USDT fee_usdt=0.04616547 | position 4750 -> 5000 realized_pnl 66.72890000 -> 66.72890000
2026-08-15 15:12:43 | INFO     | pnl_engine | Trade processed: venue=BINANCE trade_id=T00260 trader=TRADER_A symbol=XRPUSDT side=SELL qty=750 price=0.62074 fee=0.19638581 USDT fee_usdt=0.19638581 | position 5000 -> 4250 realized_pnl 66.72890000 -> 67.33677500
2026-08-15 15:12:43 | INFO     | pnl_engine | Trade processed: venue=BINANCE trade_id=T00028 trader=TRADER_A symbol=ETHUSDT side=BUY qty=0.5 price=3198.04 fee=0.33507697 USDT fee_usdt=0.33507697 | position 1.75 -> 2.25 realized_pnl 4.791106705 -> 4.791106705
2026-08-15 15:12:43 | INFO     | pnl_engine | Trade processed: venue=OKX trade_id=T00671 trader=TRADER_B symbol=XRPUSDT side=BUY qty=250 price=0.62067 fee=0.00006326 BNB fee_usdt=0.0504789496 | position -9750 -> -9500 realized_pnl 4.15506000 -> 7.753511282051282051282051275
2026-08-15 15:12:43 | INFO     | pnl_engine | Trade processed: venue=OKX trade_id=T00552 trader=TRADER_C symbol=SOLUSDT side=SELL qty=295 price=155.826 fee=0.01916491 BNB fee_usdt=15.2700253407 | position 140 -> -155 realized_pnl 0 -> 204.9726660000000000000000040
2026-08-15 15:12:43 | INFO     | pnl_engine | Trade processed: venue=BYBIT trade_id=T00113 trader=TRADER_B symbol=ETHUSDT side=BUY qty=0.25 price=3203.93 fee=0.18212426 USDT fee_usdt=0.18212426 | position 7.50 -> 7.75 realized_pnl -141.7092127325 -> -141.7092127325
2026-08-15 15:12:43 | INFO     | pnl_engine | Trade processed: venue=OKX trade_id=T00172 trader=TRADER_C symbol=BTCUSDT side=SELL qty=0.25 price=62173.21 fee=0.00701413 BNB fee_usdt=5.5886483601 | position 0.6875 -> 0.4375 realized_pnl 79.70386478942307692307692250 -> 223.4415943682692307692307675
2026-08-15 15:12:43 | INFO     | pnl_engine | Trade processed: venue=BINANCE trade_id=T00597 trader=TRADER_D symbol=ETHUSDT side=BUY qty=2.75 price=3204.9 fee=3.29803825 USDT fee_usdt=3.29803825 | position -1.25 -> 1.50 realized_pnl 42.5677253000 -> 34.9327253000
2026-08-15 15:12:43 | INFO     | pnl_engine | Trade processed: venue=OKX trade_id=T00464 trader=TRADER_B symbol=XRPUSDT side=SELL qty=500 price=0.62319 fee=0.06938510 USDT fee_usdt=0.06938510 | position -9500 -> -10000 realized_pnl 7.753511282051282051282051275 -> 7.753511282051282051282051275
2026-08-15 15:12:43 | INFO     | pnl_engine | Trade processed: venue=BYBIT trade_id=T00045 trader=TRADER_B symbol=ETHUSDT side=SELL qty=14.75 price=3206.79 fee=10.40675825 USDT fee_usdt=10.40675825 | position 7.75 -> -7.00 realized_pnl -141.7092127325 -> -70.24421273249999999999999675
2026-08-15 15:12:43 | INFO     | pnl_engine | Trade processed: venue=OKX trade_id=T00264 trader=TRADER_C symbol=XRPUSDT side=SELL qty=250 price=0.62258 fee=0.05548628 USDT fee_usdt=0.05548628 | position 0 -> -250 realized_pnl -58.89796500 -> -58.89796500
2026-08-15 15:12:43 | INFO     | pnl_engine | Trade processed: venue=BINANCE trade_id=T00128 trader=TRADER_D symbol=XRPUSDT side=BUY qty=250 price=0.62387 fee=0.06608349 USDT fee_usdt=0.06608349 | position 500 -> 750 realized_pnl 0 -> 0
2026-08-15 15:12:43 | INFO     | pnl_engine | Trade processed: venue=OKX trade_id=T00117 trader=TRADER_B symbol=XRPUSDT side=BUY qty=20000 price=0.62255 fee=5.69813135 USDT fee_usdt=5.69813135 | position -10000 -> 10000 realized_pnl 7.753511282051282051282051275 -> 126.9546599999999999999999993
2026-08-15 15:12:43 | INFO     | pnl_engine | Trade processed: venue=BYBIT trade_id=T00480 trader=TRADER_A symbol=BTCUSDT side=SELL qty=0.3125 price=62062.75 fee=9.13947459 USDT fee_usdt=9.13947459 | position -0.5625 -> -0.8750 realized_pnl 0 -> 0
2026-08-15 15:12:43 | INFO     | pnl_engine | Trade processed: venue=BYBIT trade_id=T00272 trader=TRADER_A symbol=BTCUSDT side=SELL qty=0.1875 price=62095.43 fee=2.67586837 USDT fee_usdt=2.67586837 | position -0.8750 -> -1.0625 realized_pnl 0 -> 0
2026-08-15 15:12:43 | INFO     | pnl_engine | Trade processed: venue=BINANCE trade_id=T00459 trader=TRADER_A symbol=XRPUSDT side=SELL qty=500 price=0.62373 fee=0.14125943 USDT fee_usdt=0.14125943 | position 4250 -> 3750 realized_pnl 67.33677500 -> 69.23702500
2026-08-15 15:12:43 | INFO     | pnl_engine | Trade processed: venue=OKX trade_id=T00566 trader=TRADER_C symbol=SOLUSDT side=BUY qty=5 price=155.569 fee=0.00030002 BNB fee_usdt=0.2390469354 | position -155 -> -150 realized_pnl 204.9726660000000000000000040 -> 206.2576660000000000000000040
2026-08-15 15:12:43 | INFO     | pnl_engine | Trade processed: venue=BINANCE trade_id=T00017 trader=TRADER_A symbol=BTCUSDT side=SELL qty=0.5 price=62203.97 fee=8.38503070 USDT fee_usdt=8.38503070 | position -0.4375 -> -0.9375 realized_pnl 430.78106440250 -> 430.78106440250
2026-08-15 15:12:43 | INFO     | pnl_engine | Trade processed: venue=BYBIT trade_id=T00212 trader=TRADER_B symbol=SOLUSDT side=SELL qty=25 price=155.625 fee=1.56694712 USDT fee_usdt=1.56694712 | position 20 -> -5 realized_pnl -9.69151700 -> 1.60848300
2026-08-15 15:12:43 | INFO     | pnl_engine | Trade processed: venue=OKX trade_id=T00065 trader=TRADER_C symbol=SOLUSDT side=BUY qty=150 price=156.257 fee=11.60368735 USDT fee_usdt=11.60368735 | position -150 -> 0 realized_pnl 206.2576660000000000000000040 -> 141.6076660000000000000000040
2026-08-15 15:12:43 | INFO     | pnl_engine | Trade processed: venue=OKX trade_id=T00452 trader=TRADER_C symbol=SOLUSDT side=SELL qty=10 price=155.995 fee=0.71194871 USDT fee_usdt=0.71194871 | position 0 -> -10 realized_pnl 141.6076660000000000000000040 -> 141.6076660000000000000000040
2026-08-15 15:12:43 | INFO     | pnl_engine | Trade processed: venue=BINANCE trade_id=T00518 trader=TRADER_C symbol=SOLUSDT side=BUY qty=15 price=156.092 fee=0.86232231 USDT fee_usdt=0.86232231 | position 80 -> 95 realized_pnl -35.68645900 -> -35.68645900
2026-08-15 15:12:43 | INFO     | pnl_engine | Trade processed: venue=BINANCE trade_id=T00382 trader=TRADER_D symbol=XRPUSDT side=BUY qty=500 price=0.62122 fee=0.08675473 USDT fee_usdt=0.08675473 | position 750 -> 1250 realized_pnl 0 -> 0
2026-08-15 15:12:43 | INFO     | pnl_engine | Trade processed: venue=BINANCE trade_id=T00330 trader=TRADER_A symbol=ETHUSDT side=SELL qty=0.75 price=3195.28 fee=0.87421627 USDT fee_usdt=0.87421627 | position 2.25 -> 1.50 realized_pnl 4.791106705 -> 8.95239786083333333333333350
2026-08-15 15:12:43 | INFO     | pnl_engine | Trade processed: venue=BINANCE trade_id=T00298 trader=TRADER_D symbol=ETHUSDT side=SELL qty=0.5 price=3195.63 fee=0.53157989 USDT fee_usdt=0.53157989 | position 1.50 -> 1.00 realized_pnl 34.9327253000 -> 30.2977253000
2026-08-15 15:12:43 | INFO     | pnl_engine | Trade processed: venue=BINANCE trade_id=T00695 trader=TRADER_C symbol=SOLUSDT side=SELL qty=25 price=156.228 fee=0.00235520 BNB fee_usdt=1.8710886400 | position 95 -> 70 realized_pnl -35.68645900 -> -40.9573476842105263157894725
2026-08-15 15:12:43 | INFO     | pnl_engine | Trade processed: venue=BYBIT trade_id=T00605 trader=TRADER_A symbol=SOLUSDT side=BUY qty=15 price=156.296 fee=0.79670382 USDT fee_usdt=0.79670382 | position -50 -> -35 realized_pnl 0 -> 11.517529920
2026-08-15 15:12:43 | INFO     | pnl_engine | Trade processed: venue=BINANCE trade_id=T00609 trader=TRADER_A symbol=BTCUSDT side=SELL qty=0.125 price=62289.15 fee=3.59398784 USDT fee_usdt=3.59398784 | position -0.9375 -> -1.0625 realized_pnl 430.78106440250 -> 430.78106440250
2026-08-15 15:12:43 | INFO     | pnl_engine | Trade processed: venue=BINANCE trade_id=T00470 trader=TRADER_A symbol=XRPUSDT side=BUY qty=500 price=0.62048 fee=0.07567629 USDT fee_usdt=0.07567629 | position 3750 -> 4250 realized_pnl 69.23702500 -> 69.23702500
2026-08-15 15:12:43 | INFO     | pnl_engine | Trade processed: venue=BINANCE trade_id=T00568 trader=TRADER_D symbol=ETHUSDT side=SELL qty=0.25 price=3196.04 fee=0.21594654 USDT fee_usdt=0.21594654 | position 1.00 -> 0.75 realized_pnl 30.2977253000 -> 28.0827253000
2026-08-15 15:12:43 | INFO     | pnl_engine | Trade processed: venue=BYBIT trade_id=T00629 trader=TRADER_A symbol=BTCUSDT side=BUY qty=2.0625 price=62396.91 fee=47.03026994 USDT fee_usdt=47.03026994 | position -1.0625 -> 1.0000 realized_pnl 0 -> -261.3193750000000000000000044
2026-08-15 15:12:43 | INFO     | pnl_engine | Trade processed: venue=BINANCE trade_id=T00687 trader=TRADER_D symbol=ETHUSDT side=SELL qty=0.75 price=3198.9 fee=0.89626246 USDT fee_usdt=0.89626246 | position 0.75 -> 0 realized_pnl 28.0827253000 -> 23.5827253000
2026-08-15 15:12:43 | INFO     | pnl_engine | Trade processed: venue=OKX trade_id=T00131 trader=TRADER_C symbol=SOLUSDT side=SELL qty=30 price=156.276 fee=0.00202547 BNB fee_usdt=1.6091346415 | position -10 -> -40 realized_pnl 141.6076660000000000000000040 -> 141.6076660000000000000000040
2026-08-15 15:12:43 | INFO     | pnl_engine | Trade processed: venue=BINANCE trade_id=T00482 trader=TRADER_A symbol=BTCUSDT side=BUY qty=0.0625 price=62305.48 fee=0.00229280 BNB fee_usdt=1.8215149600 | position -1.0625 -> -1.0000 realized_pnl 430.78106440250 -> 426.1119835201470588235294119
2026-08-15 15:12:43 | INFO     | pnl_engine | Trade processed: venue=BYBIT trade_id=T00600 trader=TRADER_D symbol=XRPUSDT side=BUY qty=3500 price=0.62179 fee=0.90552413 USDT fee_usdt=0.90552413 | position -2000 -> 1500 realized_pnl 0 -> -18.10300000
2026-08-15 15:12:43 | INFO     | pnl_engine | Trade processed: venue=BINANCE trade_id=T00361 trader=TRADER_A symbol=BTCUSDT side=BUY qty=0.0625 price=62297.07 fee=1.41820079 USDT fee_usdt=1.41820079 | position -1.0000 -> -0.9375 realized_pnl 426.1119835201470588235294119 -> 421.9685276377941176470588238
2026-08-15 15:12:43 | INFO     | pnl_engine | Trade processed: venue=BYBIT trade_id=T00198 trader=TRADER_B symbol=ETHUSDT side=SELL qty=1 price=3194.66 fee=0.75318828 USDT fee_usdt=0.75318828 | position -7.00 -> -8.00 realized_pnl -70.24421273249999999999999675 -> -70.24421273249999999999999675
2026-08-15 15:12:43 | INFO     | pnl_engine | Trade processed: venue=BYBIT trade_id=T00689 trader=TRADER_B symbol=SOLUSDT side=SELL qty=20 price=155.863 fee=0.00120059 BNB fee_usdt=0.9510953921 | position -5 -> -25 realized_pnl 1.60848300 -> 1.60848300
2026-08-15 15:12:43 | INFO     | pnl_engine | Trade processed: venue=OKX trade_id=T00149 trader=TRADER_C symbol=XRPUSDT side=BUY qty=500 price=0.6219 fee=0.13457728 USDT fee_usdt=0.13457728 | position -250 -> 250 realized_pnl -58.89796500 -> -58.72796500
2026-08-15 15:12:43 | INFO     | pnl_engine | Trade processed: venue=OKX trade_id=T00355 trader=TRADER_C symbol=XRPUSDT side=BUY qty=1000 price=0.6223 fee=0.00016433 BNB fee_usdt=0.1301805827 | position 250 -> 1250 realized_pnl -58.72796500 -> -58.72796500
2026-08-15 15:12:43 | INFO     | pnl_engine | Trade processed: venue=BINANCE trade_id=T00639 trader=TRADER_D symbol=ETHUSDT side=SELL qty=1.5 price=3196.86 fee=1.41572846 USDT fee_usdt=1.41572846 | position 0 -> -1.5 realized_pnl 23.5827253000 -> 23.5827253000
2026-08-15 15:12:43 | INFO     | pnl_engine | Trade processed: venue=OKX trade_id=T00379 trader=TRADER_B symbol=XRPUSDT side=SELL qty=1250 price=0.62221 fee=0.36452065 USDT fee_usdt=0.36452065 | position 10000 -> 8750 realized_pnl 126.9546599999999999999999993 -> 126.5296599999999999999999993
2026-08-15 15:12:43 | INFO     | pnl_engine | Trade processed: venue=OKX trade_id=T00340 trader=TRADER_C symbol=XRPUSDT side=SELL qty=1250 price=0.6218 fee=0.00022393 BNB fee_usdt=0.1773951067 | position 1250 -> 0 realized_pnl -58.72796500 -> -59.25296500
2026-08-15 15:12:43 | INFO     | pnl_engine | Trade processed: venue=BINANCE trade_id=T00583 trader=TRADER_A symbol=ETHUSDT side=SELL qty=1.25 price=3191.91 fee=1.54731769 USDT fee_usdt=1.54731769 | position 1.50 -> 0.25 realized_pnl 8.95239786083333333333333350 -> 11.67538312055555555555555600
2026-08-15 15:12:43 | INFO     | pnl_engine | Trade processed: venue=BINANCE trade_id=T00476 trader=TRADER_A symbol=BTCUSDT side=SELL qty=0.25 price=62149.81 fee=4.17915881 USDT fee_usdt=4.17915881 | position -0.9375 -> -1.1875 realized_pnl 421.9685276377941176470588238 -> 421.9685276377941176470588238
2026-08-15 15:12:43 | INFO     | pnl_engine | Trade processed: venue=BINANCE trade_id=T00057 trader=TRADER_A symbol=ETHUSDT side=BUY qty=0.75 price=3200.68 fee=0.99967334 USDT fee_usdt=0.99967334 | position 0.25 -> 1.00 realized_pnl 11.67538312055555555555555600 -> 11.67538312055555555555555600
2026-08-15 15:12:43 | INFO     | pnl_engine | Trade processed: venue=BINANCE trade_id=T00259 trader=TRADER_D symbol=ETHUSDT side=SELL qty=1 price=3202.89 fee=0.82696106 USDT fee_usdt=0.82696106 | position -1.5 -> -2.5 realized_pnl 23.5827253000 -> 23.5827253000
2026-08-15 15:12:43 | INFO     | pnl_engine | Trade processed: venue=BYBIT trade_id=T00507 trader=TRADER_A symbol=SOLUSDT side=BUY qty=5 price=155.995 fee=0.24057525 USDT fee_usdt=0.24057525 | position -35 -> -30 realized_pnl 11.517529920 -> 16.861706560
2026-08-15 15:12:43 | INFO     | pnl_engine | Trade processed: venue=OKX trade_id=T00258 trader=TRADER_B symbol=XRPUSDT side=SELL qty=750 price=0.62083 fee=0.10665709 USDT fee_usdt=0.10665709 | position 8750 -> 8000 realized_pnl 126.5296599999999999999999993 -> 125.2396599999999999999999993
2026-08-15 15:12:43 | INFO     | pnl_engine | Trade processed: venue=OKX trade_id=T00246 trader=TRADER_C symbol=XRPUSDT side=BUY qty=250 price=0.61993 fee=0.05704502 USDT fee_usdt=0.05704502 | position 0 -> 250 realized_pnl -59.25296500 -> -59.25296500
2026-08-15 15:12:43 | INFO     | pnl_engine | Trade processed: venue=BYBIT trade_id=T00313 trader=TRADER_D symbol=XRPUSDT side=SELL qty=2250 price=0.6207 fee=0.49282489 USDT fee_usdt=0.49282489 | position 1500 -> -750 realized_pnl -18.10300000 -> -19.73800000
2026-08-15 15:12:43 | INFO     | pnl_engine | Trade processed: venue=OKX trade_id=T00699 trader=TRADER_C symbol=XRPUSDT side=SELL qty=250 price=0.6204 fee=0.04939235 USDT fee_usdt=0.04939235 | position 250 -> 0 realized_pnl -59.25296500 -> -59.13546500
2026-08-15 15:12:43 | INFO     | pnl_engine | Trade processed: venue=BYBIT trade_id=T00096 trader=TRADER_A symbol=SOLUSDT side=SELL qty=30 price=155.894 fee=0.00175576 BNB fee_usdt=1.3876649160 | position -30 -> -60 realized_pnl 16.861706560 -> 16.861706560
2026-08-15 15:12:43 | INFO     | pnl_engine | Trade processed: venue=OKX trade_id=T00318 trader=TRADER_C symbol=XRPUSDT side=BUY qty=2000 price=0.62043 fee=0.47419948 USDT fee_usdt=0.47419948 | position 0 -> 2000 realized_pnl -59.13546500 -> -59.13546500
2026-08-15 15:12:43 | INFO     | pnl_engine | Trade processed: venue=BINANCE trade_id=T00133 trader=TRADER_A symbol=ETHUSDT side=SELL qty=1.5 price=3206.06 fee=2.07027044 USDT fee_usdt=2.07027044 | position 1.00 -> -0.50 realized_pnl 11.67538312055555555555555600 -> 19.79248017250000000000000000
2026-08-15 15:12:43 | INFO     | pnl_engine | Trade processed: venue=OKX trade_id=T00724 trader=TRADER_C symbol=BTCUSDT side=BUY qty=0.0625 price=62127.89 fee=0.78740793 USDT fee_usdt=0.78740793 | position 0.4375 -> 0.5000 realized_pnl 223.4415943682692307692307675 -> 223.4415943682692307692307675
2026-08-15 15:12:43 | INFO     | pnl_engine | Trade processed: venue=BYBIT trade_id=T00037 trader=TRADER_B symbol=ETHUSDT side=SELL qty=0.25 price=3203.15 fee=0.25513649 USDT fee_usdt=0.25513649 | position -8.00 -> -8.25 realized_pnl -70.24421273249999999999999675 -> -70.24421273249999999999999675
2026-08-15 15:12:43 | INFO     | pnl_engine | Trade processed: venue=BYBIT trade_id=T00387 trader=TRADER_D symbol=XRPUSDT side=SELL qty=750 price=0.62003 fee=0.21215531 USDT fee_usdt=0.21215531 | position -750 -> -1500 realized_pnl -19.73800000 -> -19.73800000
2026-08-15 15:12:43 | INFO     | pnl_engine | Trade processed: venue=BINANCE trade_id=T00503 trader=TRADER_A symbol=XRPUSDT side=SELL qty=500 price=0.62065 fee=0.12762736 USDT fee_usdt=0.12762736 | position 4250 -> 3750 realized_pnl 69.23702500 -> 69.56489264705882352941176470
2026-08-15 15:12:43 | INFO     | pnl_engine | Trade processed: venue=BINANCE trade_id=T00150 trader=TRADER_A symbol=ETHUSDT side=BUY qty=1.25 price=3206.11 fee=1.54349172 USDT fee_usdt=1.54349172 | position -0.50 -> 0.75 realized_pnl 19.79248017250000000000000000 -> 19.76748017250000000000000000
2026-08-15 15:12:43 | INFO     | pnl_engine | Trade processed: venue=BYBIT trade_id=T00719 trader=TRADER_A symbol=SOLUSDT side=BUY qty=60 price=155.923 fee=2.25009827 USDT fee_usdt=2.25009827 | position -60 -> 0 realized_pnl 16.861706560 -> 50.216766400
2026-08-15 15:12:43 | INFO     | pnl_engine | Trade processed: venue=BINANCE trade_id=T00615 trader=TRADER_A symbol=ETHUSDT side=BUY qty=0.75 price=3205.14 fee=0.58349365 USDT fee_usdt=0.58349365 | position 0.75 -> 1.50 realized_pnl 19.76748017250000000000000000 -> 19.76748017250000000000000000
2026-08-15 15:12:43 | INFO     | pnl_engine | Trade processed: venue=BINANCE trade_id=T00541 trader=TRADER_C symbol=SOLUSDT side=SELL qty=145 price=156.167 fee=0.00713281 BNB fee_usdt=5.6374163835 | position 70 -> -75 realized_pnl -40.9573476842105263157894725 -> -59.9858359999999999999999955
2026-08-15 15:12:43 | INFO     | pnl_engine | Trade processed: venue=BYBIT trade_id=T00442 trader=TRADER_A symbol=SOLUSDT side=SELL qty=30 price=156.097 fee=1.91118462 USDT fee_usdt=1.91118462 | position 0 -> -30 realized_pnl 50.216766400 -> 50.216766400
2026-08-15 15:12:43 | INFO     | pnl_engine | Trade processed: venue=BYBIT trade_id=T00137 trader=TRADER_B symbol=ETHUSDT side=BUY qty=0.75 price=3204.18 fee=0.70637909 USDT fee_usdt=0.70637909 | position -8.25 -> -7.50 realized_pnl -70.24421273249999999999999675 -> -69.47216727795454545454545125
2026-08-15 15:12:43 | INFO     | pnl_engine | Trade processed: venue=BYBIT trade_id=T00380 trader=TRADER_D symbol=XRPUSDT side=BUY qty=2250 price=0.62013 fee=0.66469067 USDT fee_usdt=0.66469067 | position -1500 -> 750 realized_pnl -19.73800000 -> -19.38550000
2026-08-15 15:12:43 | INFO     | pnl_engine | Trade processed: venue=BINANCE trade_id=T00185 trader=TRADER_C symbol=SOLUSDT side=SELL qty=10 price=155.38 fee=0.39999052 USDT fee_usdt=0.39999052 | position -75 -> -85 realized_pnl -59.9858359999999999999999955 -> -59.9858359999999999999999955
2026-08-15 15:12:43 | INFO     | pnl_engine | Trade processed: venue=OKX trade_id=T00540 trader=TRADER_C symbol=BTCUSDT side=SELL qty=0.125 price=61968.92 fee=2.35293515 USDT fee_usdt=2.35293515 | position 0.5000 -> 0.3750 realized_pnl 223.4415943682692307692307675 -> 261.4987260590144230769230750
2026-08-15 15:12:43 | INFO     | pnl_engine | Trade processed: venue=BINANCE trade_id=T00714 trader=TRADER_A symbol=ETHUSDT side=SELL qty=1.25 price=3202.06 fee=1.14931653 USDT fee_usdt=1.14931653 | position 1.50 -> 0.25 realized_pnl 19.76748017250000000000000000 -> 15.31123017250000000000000000
2026-08-15 15:12:43 | INFO     | pnl_engine | Trade processed: venue=OKX trade_id=T00074 trader=TRADER_C symbol=SOLUSDT side=BUY qty=30 price=155.495 fee=1.62139929 USDT fee_usdt=1.62139929 | position -40 -> -10 realized_pnl 141.6076660000000000000000040 -> 162.9301660000000000000000040
2026-08-15 15:12:43 | INFO     | pnl_engine | Trade processed: venue=BINANCE trade_id=T00305 trader=TRADER_A symbol=BTCUSDT side=SELL qty=0.25 price=61905.23 fee=3.79227712 USDT fee_usdt=3.79227712 | position -1.1875 -> -1.4375 realized_pnl 421.9685276377941176470588238 -> 421.9685276377941176470588238
2026-08-15 15:12:43 | INFO     | pnl_engine | Trade processed: venue=BINANCE trade_id=T00424 trader=TRADER_A symbol=ETHUSDT side=SELL qty=0.25 price=3197.61 fee=0.00032121 BNB fee_usdt=0.2543212296 | position 0.25 -> 0 realized_pnl 15.31123017250000000000000000 -> 13.30748017250000000000000000
2026-08-15 15:12:43 | INFO     | pnl_engine | Trade processed: venue=OKX trade_id=T00138 trader=TRADER_C symbol=XRPUSDT side=SELL qty=1000 price=0.62129 fee=0.29951748 USDT fee_usdt=0.29951748 | position 2000 -> 1000 realized_pnl -59.13546500 -> -58.27546500
2026-08-15 15:12:43 | INFO     | pnl_engine | Trade processed: venue=OKX trade_id=T00181 trader=TRADER_B symbol=XRPUSDT side=SELL qty=1000 price=0.62115 fee=0.30811625 USDT fee_usdt=0.30811625 | position 8000 -> 7000 realized_pnl 125.2396599999999999999999993 -> 123.8396599999999999999999993
2026-08-15 15:12:43 | INFO     | pnl_engine | Trade processed: venue=OKX trade_id=T00640 trader=TRADER_B symbol=XRPUSDT side=BUY qty=500 price=0.62131 fee=0.11079508 USDT fee_usdt=0.11079508 | position 7000 -> 7500 realized_pnl 123.8396599999999999999999993 -> 123.8396599999999999999999993
2026-08-15 15:12:43 | INFO     | pnl_engine | Trade processed: venue=BINANCE trade_id=T00256 trader=TRADER_A symbol=BTCUSDT side=BUY qty=0.0625 price=62142.36 fee=1.21552394 USDT fee_usdt=1.21552394 | position -1.4375 -> -1.3750 realized_pnl 421.9685276377941176470588238 -> 423.0758661927813299232736582
2026-08-15 15:12:43 | INFO     | pnl_engine | Trade processed: venue=OKX trade_id=T00289 trader=TRADER_B symbol=XRPUSDT side=SELL qty=7500 price=0.62179 fee=1.40491690 USDT fee_usdt=1.40491690 | position 7500 -> 0 realized_pnl 123.8396599999999999999999993 -> 118.7596599999999999999999996
2026-08-15 15:12:43 | INFO     | pnl_engine | Trade processed: venue=BINANCE trade_id=T00225 trader=TRADER_A symbol=XRPUSDT side=BUY qty=500 price=0.62206 fee=0.11947159 USDT fee_usdt=0.11947159 | position 3750 -> 4250 realized_pnl 69.56489264705882352941176470 -> 69.56489264705882352941176470
2026-08-15 15:12:43 | INFO     | pnl_engine | Trade processed: venue=BYBIT trade_id=T00222 trader=TRADER_A symbol=SOLUSDT side=BUY qty=70 price=156.169 fee=4.39315318 USDT fee_usdt=4.39315318 | position -30 -> 40 realized_pnl 50.216766400 -> 48.056766400
2026-08-15 15:12:43 | INFO     | pnl_engine | Trade processed: venue=BYBIT trade_id=T00517 trader=TRADER_D symbol=XRPUSDT side=SELL qty=2250 price=0.62134 fee=0.40719379 USDT fee_usdt=0.40719379 | position 750 -> -1500 realized_pnl -19.38550000 -> -18.47800000
2026-08-15 15:12:43 | INFO     | pnl_engine | Trade processed: venue=BYBIT trade_id=T00665 trader=TRADER_D symbol=XRPUSDT side=BUY qty=1000 price=0.62145 fee=0.20621045 USDT fee_usdt=0.20621045 | position -1500 -> -500 realized_pnl -18.47800000 -> -18.58800000
2026-08-15 15:12:43 | INFO     | pnl_engine | Trade processed: venue=BINANCE trade_id=T00300 trader=TRADER_A symbol=XRPUSDT side=BUY qty=750 price=0.62101 fee=0.00014642 BNB fee_usdt=0.1161066674 | position 4250 -> 5000 realized_pnl 69.56489264705882352941176470 -> 69.56489264705882352941176470
2026-08-15 15:12:43 | INFO     | pnl_engine | Trade processed: venue=BINANCE trade_id=T00301 trader=TRADER_C symbol=SOLUSDT side=BUY qty=25 price=156.075 fee=0.84693531 USDT fee_usdt=0.84693531 | position -85 -> -60 realized_pnl -59.9858359999999999999999955 -> -60.0005418823529411764705830
2026-08-15 15:12:43 | INFO     | pnl_engine | Trade processed: venue=OKX trade_id=T00048 trader=TRADER_C symbol=XRPUSDT side=BUY qty=2000 price=0.62115 fee=0.46523851 USDT fee_usdt=0.46523851 | position 1000 -> 3000 realized_pnl -58.27546500 -> -58.27546500
2026-08-15 15:12:43 | INFO     | pnl_engine | Trade processed: venue=BYBIT trade_id=T00099 trader=TRADER_A symbol=SOLUSDT side=BUY qty=10 price=156.159 fee=0.76008307 USDT fee_usdt=0.76008307 | position 40 -> 50 realized_pnl 48.056766400 -> 48.056766400
2026-08-15 15:12:43 | INFO     | pnl_engine | Trade processed: venue=OKX trade_id=T00623 trader=TRADER_C symbol=SOLUSDT side=BUY qty=20 price=155.882 fee=0.00119201 BNB fee_usdt=0.9452281697 | position -10 -> 10 realized_pnl 162.9301660000000000000000040 -> 166.1676660000000000000000040
2026-08-15 15:12:43 | INFO     | pnl_engine | Trade processed: venue=BYBIT trade_id=T00016 trader=TRADER_B symbol=ETHUSDT side=SELL qty=1.5 price=3195.37 fee=2.08498154 USDT fee_usdt=2.08498154 | position -7.50 -> -9.00 realized_pnl -69.47216727795454545454545125 -> -69.47216727795454545454545125
2026-08-15 15:12:43 | INFO     | pnl_engine | Trade processed: venue=BINANCE trade_id=T00255 trader=TRADER_A symbol=BTCUSDT side=SELL qty=0.0625 price=62032.46 fee=1.68140527 USDT fee_usdt=1.68140527 | position -1.3750 -> -1.4375 realized_pnl 423.0758661927813299232736582 -> 423.0758661927813299232736582
2026-08-15 15:12:43 | INFO     | pnl_engine | Trade processed: venue=BINANCE trade_id=T00425 trader=TRADER_A symbol=BTCUSDT side=BUY qty=1.4375 price=62051.74 fee=19.27374603 USDT fee_usdt=19.27374603 | position -1.4375 -> 0 realized_pnl 423.0758661927813299232736582 -> 570.8348144025000000000000188
2026-08-15 15:12:43 | INFO     | pnl_engine | Trade processed: venue=BYBIT trade_id=T00196 trader=TRADER_A symbol=BTCUSDT side=SELL qty=0.1875 price=62159.49 fee=2.36003150 USDT fee_usdt=2.36003150 | position 1.0000 -> 0.8125 realized_pnl -261.3193750000000000000000044 -> -305.8356250000000000000000044
2026-08-15 15:12:43 | INFO     | pnl_engine | Trade processed: venue=BYBIT trade_id=T00478 trader=TRADER_B symbol=SOLUSDT side=SELL qty=10 price=156.039 fee=0.54213939 USDT fee_usdt=0.54213939 | position -25 -> -35 realized_pnl 1.60848300 -> 1.60848300
2026-08-15 15:12:43 | INFO     | pnl_engine | Trade processed: venue=OKX trade_id=T00739 trader=TRADER_C symbol=XRPUSDT side=SELL qty=3000 price=0.62067 fee=0.66696354 USDT fee_usdt=0.66696354 | position 3000 -> 0 realized_pnl -58.27546500 -> -58.99546500
2026-08-15 15:12:43 | INFO     | pnl_engine | Trade processed: venue=BYBIT trade_id=T00299 trader=TRADER_B symbol=SOLUSDT side=BUY qty=10 price=156.178 fee=0.69315063 USDT fee_usdt=0.69315063 | position -35 -> -25 realized_pnl 1.60848300 -> -1.3786598571428571428571430
2026-08-15 15:12:43 | INFO     | pnl_engine | Trade processed: venue=BYBIT trade_id=T00173 trader=TRADER_B symbol=SOLUSDT side=BUY qty=30 price=155.859 fee=1.06680664 USDT fee_usdt=1.06680664 | position -25 -> 5 realized_pnl -1.3786598571428571428571430 -> -0.8715170000000000000000005
2026-08-15 15:12:43 | INFO     | pnl_engine | Trade processed: venue=BINANCE trade_id=T00487 trader=TRADER_D symbol=XRPUSDT side=SELL qty=1000 price=0.62104 fee=0.14752596 USDT fee_usdt=0.14752596 | position 1250 -> 250 realized_pnl 0 -> -0.4580000000000000000000000
2026-08-15 15:12:43 | INFO     | pnl_engine | Trade processed: venue=BINANCE trade_id=T00278 trader=TRADER_A symbol=XRPUSDT side=BUY qty=1250 price=0.62088 fee=0.29304793 USDT fee_usdt=0.29304793 | position 5000 -> 6250 realized_pnl 69.56489264705882352941176470 -> 69.56489264705882352941176470
2026-08-15 15:12:43 | INFO     | pnl_engine | Trade processed: venue=BYBIT trade_id=T00616 trader=TRADER_A symbol=SOLUSDT side=BUY qty=40 price=156.668 fee=2.07036598 USDT fee_usdt=2.07036598 | position 50 -> 90 realized_pnl 48.056766400 -> 48.056766400
2026-08-15 15:12:43 | INFO     | pnl_engine | Trade processed: venue=OKX trade_id=T00389 trader=TRADER_C symbol=BTCUSDT side=SELL qty=0.0625 price=62118.6 fee=0.00108536 BNB fee_usdt=0.8613634032 | position 0.3750 -> 0.3125 realized_pnl 261.4987260590144230769230750 -> 289.8822919043870192307692288
2026-08-15 15:12:43 | INFO     | pnl_engine | Trade processed: venue=BYBIT trade_id=T00575 trader=TRADER_D symbol=XRPUSDT side=BUY qty=500 price=0.62111 fee=0.00014742 BNB fee_usdt=0.1169954604 | position -500 -> 0 realized_pnl -18.58800000 -> -18.47300000
2026-08-15 15:12:43 | INFO     | pnl_engine | Trade processed: venue=OKX trade_id=T00569 trader=TRADER_B symbol=ETHUSDT side=BUY qty=1.5 price=3210.13 fee=2.31738101 USDT fee_usdt=2.31738101 | position -1.25 -> 0.25 realized_pnl 0 -> -12.9875
2026-08-15 15:12:43 | INFO     | pnl_engine | Trade processed: venue=OKX trade_id=T00548 trader=TRADER_B symbol=ETHUSDT side=BUY qty=0.25 price=3204.03 fee=0.33599059 USDT fee_usdt=0.33599059 | position 0.25 -> 0.50 realized_pnl -12.9875 -> -12.9875
2026-08-15 15:12:43 | INFO     | pnl_engine | Trade processed: venue=OKX trade_id=T00121 trader=TRADER_C symbol=XRPUSDT side=BUY qty=500 price=0.62183 fee=0.10235476 USDT fee_usdt=0.10235476 | position 0 -> 500 realized_pnl -58.99546500 -> -58.99546500
2026-08-15 15:12:43 | INFO     | pnl_engine | Trade processed: venue=BYBIT trade_id=T00364 trader=TRADER_A symbol=BTCUSDT side=BUY qty=0.25 price=62070.13 fee=4.58825101 USDT fee_usdt=4.58825101 | position 0.8125 -> 1.0625 realized_pnl -305.8356250000000000000000044 -> -305.8356250000000000000000044
2026-08-15 15:12:43 | INFO     | pnl_engine | Trade processed: venue=BINANCE trade_id=T00041 trader=TRADER_A symbol=BTCUSDT side=SELL qty=0.0625 price=62070.2 fee=1.03705598 USDT fee_usdt=1.03705598 | position 0 -> -0.0625 realized_pnl 570.8348144025000000000000188 -> 570.8348144025000000000000188
2026-08-15 15:12:43 | INFO     | pnl_engine | Trade processed: venue=BYBIT trade_id=T00697 trader=TRADER_D symbol=XRPUSDT side=BUY qty=500 price=0.6212 fee=0.11433089 USDT fee_usdt=0.11433089 | position 0 -> 500 realized_pnl -18.47300000 -> -18.47300000
2026-08-15 15:12:43 | INFO     | pnl_engine | Trade processed: venue=OKX trade_id=T00405 trader=TRADER_C symbol=XRPUSDT side=SELL qty=750 price=0.6207 fee=0.17633091 USDT fee_usdt=0.17633091 | position 500 -> -250 realized_pnl -58.99546500 -> -59.56046500
2026-08-15 15:12:43 | INFO     | pnl_engine | Trade processed: venue=OKX trade_id=T00303 trader=TRADER_B symbol=XRPUSDT side=BUY qty=2000 price=0.62187 fee=0.56042875 USDT fee_usdt=0.56042875 | position 0 -> 2000 realized_pnl 118.7596599999999999999999996 -> 118.7596599999999999999999996
2026-08-15 15:12:43 | INFO     | pnl_engine | Trade processed: venue=BINANCE trade_id=T00005 trader=TRADER_A symbol=BTCUSDT side=SELL qty=0.25 price=61994.83 fee=5.20024303 USDT fee_usdt=5.20024303 | position -0.0625 -> -0.3125 realized_pnl 570.8348144025000000000000188 -> 570.8348144025000000000000188
2026-08-15 15:12:43 | INFO     | pnl_engine | Trade processed: venue=OKX trade_id=T00553 trader=TRADER_C symbol=BTCUSDT side=BUY qty=0.0625 price=62052.64 fee=1.08066500 USDT fee_usdt=1.08066500 | position 0.3125 -> 0.3750 realized_pnl 289.8822919043870192307692288 -> 289.8822919043870192307692288
2026-08-15 15:12:43 | INFO     | pnl_engine | Trade processed: venue=BINANCE trade_id=T00690 trader=TRADER_A symbol=XRPUSDT side=BUY qty=1500 price=0.62188 fee=0.27015750 USDT fee_usdt=0.27015750 | position 6250 -> 7750 realized_pnl 69.56489264705882352941176470 -> 69.56489264705882352941176470
2026-08-15 15:12:43 | INFO     | pnl_engine | Trade processed: venue=OKX trade_id=T00607 trader=TRADER_C symbol=BTCUSDT side=BUY qty=0.1875 price=62061.55 fee=3.05443131 USDT fee_usdt=3.05443131 | position 0.3750 -> 0.5625 realized_pnl 289.8822919043870192307692288 -> 289.8822919043870192307692288
2026-08-15 15:12:43 | INFO     | pnl_engine | Trade processed: venue=OKX trade_id=T00162 trader=TRADER_B symbol=ETHUSDT side=SELL qty=0.5 price=3192.63 fee=0.71884067 USDT fee_usdt=0.71884067 | position 0.50 -> 0 realized_pnl -12.9875 -> -20.2125
2026-08-15 15:12:43 | INFO     | pnl_engine | Trade processed: venue=BYBIT trade_id=T00525 trader=TRADER_D symbol=XRPUSDT side=SELL qty=1000 price=0.62149 fee=0.22663340 USDT fee_usdt=0.22663340 | position 500 -> -500 realized_pnl -18.47300000 -> -18.32800000
2026-08-15 15:12:43 | INFO     | pnl_engine | Trade processed: venue=BINANCE trade_id=T00516 trader=TRADER_A symbol=BTCUSDT side=BUY qty=0.3125 price=62308.97 fee=0.00923506 BNB fee_usdt=7.3056712648 | position -0.3125 -> 0 realized_pnl 570.8348144025000000000000188 -> 477.3766894025000000000000188
2026-08-15 15:12:43 | INFO     | pnl_engine | Trade processed: venue=OKX trade_id=T00560 trader=TRADER_C symbol=SOLUSDT side=SELL qty=20 price=156.382 fee=1.50456538 USDT fee_usdt=1.50456538 | position 10 -> -10 realized_pnl 166.1676660000000000000000040 -> 171.1676660000000000000000040
2026-08-15 15:12:43 | INFO     | pnl_engine | Trade processed: venue=OKX trade_id=T00141 trader=TRADER_B symbol=ETHUSDT side=BUY qty=0.5 price=3197.22 fee=0.50221859 USDT fee_usdt=0.50221859 | position 0 -> 0.5 realized_pnl -20.2125 -> -20.2125
2026-08-15 15:12:43 | INFO     | pnl_engine | Trade processed: venue=BINANCE trade_id=T00164 trader=TRADER_A symbol=XRPUSDT side=SELL qty=15750 price=0.62216 fee=3.90030296 USDT fee_usdt=3.90030296 | position 7750 -> -8000 realized_pnl 69.56489264705882352941176470 -> 80.61889999999999999999999968
2026-08-15 15:12:43 | INFO     | pnl_engine | Trade processed: venue=BINANCE trade_id=T00177 trader=TRADER_C symbol=SOLUSDT side=BUY qty=30 price=156.708 fee=0.00236177 BNB fee_usdt=1.8683490116 | position -60 -> -30 realized_pnl -60.0005418823529411764705830 -> -79.0081889411764705882352880
2026-08-15 15:12:43 | INFO     | pnl_engine | Trade processed: venue=BINANCE trade_id=T00314 trader=TRADER_A symbol=XRPUSDT side=SELL qty=1500 price=0.62152 fee=0.00029078 BNB fee_usdt=0.2300302424 | position -8000 -> -9500 realized_pnl 80.61889999999999999999999968 -> 80.61889999999999999999999968
2026-08-15 15:12:43 | INFO     | pnl_engine | Trade processed: venue=BINANCE trade_id=T00422 trader=TRADER_A symbol=XRPUSDT side=BUY qty=1500 price=0.62211 fee=0.40063557 USDT fee_usdt=0.40063557 | position -9500 -> -8000 realized_pnl 80.61889999999999999999999968 -> 80.54232105263157894736842078
2026-08-15 15:12:43 | INFO     | pnl_engine | Trade processed: venue=BYBIT trade_id=T00336 trader=TRADER_B symbol=ETHUSDT side=SELL qty=0.5 price=3197.26 fee=0.79447606 USDT fee_usdt=0.79447606 | position -9.00 -> -9.50 realized_pnl -69.47216727795454545454545125 -> -69.47216727795454545454545125
2026-08-15 15:12:43 | INFO     | pnl_engine | Trade processed: venue=BINANCE trade_id=T00251 trader=TRADER_D symbol=XRPUSDT side=BUY qty=750 price=0.62224 fee=0.15191030 USDT fee_usdt=0.15191030 | position 250 -> 1000 realized_pnl -0.4580000000000000000000000 -> -0.4580000000000000000000000
2026-08-15 15:12:43 | INFO     | pnl_engine | Trade processed: venue=BINANCE trade_id=T00022 trader=TRADER_A symbol=XRPUSDT side=SELL qty=1500 price=0.62234 fee=0.32844042 USDT fee_usdt=0.32844042 | position -8000 -> -9500 realized_pnl 80.54232105263157894736842078 -> 80.54232105263157894736842078
2026-08-15 15:12:43 | INFO     | pnl_engine | Trade processed: venue=BINANCE trade_id=T00226 trader=TRADER_A symbol=XRPUSDT side=BUY qty=1500 price=0.62157 fee=0.00055008 BNB fee_usdt=0.4351572864 | position -9500 -> -8000 realized_pnl 80.54232105263157894736842078 -> 81.34230720221606648199445953
2026-08-15 15:12:43 | INFO     | pnl_engine | Trade processed: venue=BYBIT trade_id=T00748 trader=TRADER_B symbol=SOLUSDT side=BUY qty=10 price=156.699 fee=0.00079729 BNB fee_usdt=0.6307201732 | position 5 -> 15 realized_pnl -0.8715170000000000000000005 -> -0.8715170000000000000000005
2026-08-15 15:12:43 | INFO     | pnl_engine | Trade processed: venue=BINANCE trade_id=T00319 trader=TRADER_D symbol=XRPUSDT side=SELL qty=250 price=0.6219 fee=0.00006178 BNB fee_usdt=0.0488729224 | position 1000 -> 750 realized_pnl -0.4580000000000000000000000 -> -0.4966250000000000000000000
2026-08-15 15:12:43 | INFO     | pnl_engine | Trade processed: venue=BINANCE trade_id=T00160 trader=TRADER_A symbol=XRPUSDT side=SELL qty=250 price=0.62194 fee=0.05389604 USDT fee_usdt=0.05389604 | position -8000 -> -8250 realized_pnl 81.34230720221606648199445953 -> 81.34230720221606648199445953
2026-08-15 15:12:43 | INFO     | pnl_engine | Trade processed: venue=BINANCE trade_id=T00523 trader=TRADER_C symbol=SOLUSDT side=SELL qty=5 price=156.368 fee=0.20484750 USDT fee_usdt=0.20484750 | position -30 -> -35 realized_pnl -79.0081889411764705882352880 -> -79.0081889411764705882352880
2026-08-15 15:12:43 | INFO     | pnl_engine | Trade processed: venue=BYBIT trade_id=T00083 trader=TRADER_B symbol=ETHUSDT side=BUY qty=0.5 price=3196.95 fee=0.00085010 BNB fee_usdt=0.6724971080 | position -9.50 -> -9.00 realized_pnl -69.47216727795454545454545125 -> -66.32845914398325358851674275
2026-08-15 15:12:43 | INFO     | pnl_engine | Trade processed: venue=BINANCE trade_id=T00409 trader=TRADER_A symbol=BTCUSDT side=BUY qty=0.5 price=62260.43 fee=0.01856091 BNB fee_usdt=14.6831646828 | position 0 -> 0.5 realized_pnl 477.3766894025000000000000188 -> 477.3766894025000000000000188
2026-08-15 15:12:43 | INFO     | pnl_engine | Trade processed: venue=BINANCE trade_id=T00118 trader=TRADER_A symbol=BTCUSDT side=SELL qty=0.125 price=62350.02 fee=2.18357001 USDT fee_usdt=2.18357001 | position 0.5 -> 0.375 realized_pnl 477.3766894025000000000000188 -> 488.5754394025000000000000188
2026-08-15 15:12:43 | INFO     | pnl_engine | Trade processed: venue=OKX trade_id=T00267 trader=TRADER_C symbol=SOLUSDT side=SELL qty=5 price=156.425 fee=0.17350644 USDT fee_usdt=0.17350644 | position -10 -> -15 realized_pnl 171.1676660000000000000000040 -> 171.1676660000000000000000040
2026-08-15 15:12:43 | INFO     | pnl_engine | Trade processed: venue=BYBIT trade_id=T00370 trader=TRADER_A symbol=SOLUSDT side=SELL qty=20 price=156.704 fee=1.45134812 USDT fee_usdt=1.45134812 | position 90 -> 70 realized_pnl 48.056766400 -> 54.3434330666666666666666660
2026-08-15 15:12:43 | INFO     | pnl_engine | Trade processed: venue=OKX trade_id=T00627 trader=TRADER_B symbol=ETHUSDT side=SELL qty=0.5 price=3195.13 fee=0.37645433 USDT fee_usdt=0.37645433 | position 0.5 -> 0 realized_pnl -20.2125 -> -21.2575
2026-08-15 15:12:43 | INFO     | pnl_engine | Trade processed: venue=OKX trade_id=T00270 trader=TRADER_C symbol=BTCUSDT side=BUY qty=0.3125 price=62204.88 fee=7.37016922 USDT fee_usdt=7.37016922 | position 0.5625 -> 0.8750 realized_pnl 289.8822919043870192307692288 -> 289.8822919043870192307692288
2026-08-15 15:12:43 | INFO     | pnl_engine | Trade processed: venue=BYBIT trade_id=T00522 trader=TRADER_A symbol=SOLUSDT side=SELL qty=125 price=156.368 fee=7.61663432 USDT fee_usdt=7.61663432 | position 70 -> -55 realized_pnl 54.3434330666666666666666660 -> 52.8267663999999999999999970
2026-08-15 15:12:43 | INFO     | pnl_engine | Trade processed: venue=BINANCE trade_id=T00439 trader=TRADER_A symbol=XRPUSDT side=BUY qty=16750 price=0.61914 fee=3.45175558 USDT fee_usdt=3.45175558 | position -8250 -> 8500 realized_pnl 81.34230720221606648199445953 -> 105.7488999999999999999999998
2026-08-15 15:12:43 | INFO     | pnl_engine | Trade processed: venue=BYBIT trade_id=T00602 trader=TRADER_A symbol=SOLUSDT side=SELL qty=20 price=156.275 fee=0.79563815 USDT fee_usdt=0.79563815 | position -55 -> -75 realized_pnl 52.8267663999999999999999970 -> 52.8267663999999999999999970
2026-08-15 15:12:43 | INFO     | pnl_engine | Trade processed: venue=BINANCE trade_id=T00211 trader=TRADER_D symbol=ETHUSDT side=BUY qty=0.5 price=3200.76 fee=0.50967487 USDT fee_usdt=0.50967487 | position -2.5 -> -2.0 realized_pnl 23.5827253000 -> 22.8387253000
2026-08-15 15:12:43 | INFO     | pnl_engine | Trade processed: venue=BYBIT trade_id=T00393 trader=TRADER_D symbol=XRPUSDT side=BUY qty=250 price=0.61981 fee=0.00005774 BNB fee_usdt=0.0457167998 | position -500 -> -250 realized_pnl -18.32800000 -> -17.90800000
2026-08-15 15:12:43 | INFO     | pnl_engine | Trade processed: venue=OKX trade_id=T00617 trader=TRADER_B symbol=ETHUSDT side=SELL qty=1.5 price=3198.06 fee=1.17535711 USDT fee_usdt=1.17535711 | position 0 -> -1.5 realized_pnl -21.2575 -> -21.2575
2026-08-15 15:12:43 | INFO     | pnl_engine | Trade processed: venue=BYBIT trade_id=T00670 trader=TRADER_A symbol=BTCUSDT side=SELL qty=0.1875 price=62555.28 fee=4.69780377 USDT fee_usdt=4.69780377 | position 1.0625 -> 0.8750 realized_pnl -305.8356250000000000000000044 -> -261.7244852941176470588235332
2026-08-15 15:12:43 | INFO     | pnl_engine | Trade processed: venue=OKX trade_id=T00097 trader=TRADER_C symbol=BTCUSDT side=SELL qty=0.875 price=62598.5 fee=20.54787528 USDT fee_usdt=20.54787528 | position 0.8750 -> 0 realized_pnl 289.8822919043870192307692288 -> 839.5694961312499999999999950
2026-08-15 15:12:43 | INFO     | pnl_engine | Trade processed: venue=BINANCE trade_id=T00536 trader=TRADER_A symbol=XRPUSDT side=BUY qty=1250 price=0.6192 fee=0.26806627 USDT fee_usdt=0.26806627 | position 8500 -> 9750 realized_pnl 105.7488999999999999999999998 -> 105.7488999999999999999999998
2026-08-15 15:12:43 | INFO     | pnl_engine | Trade processed: venue=BINANCE trade_id=T00473 trader=TRADER_D symbol=XRPUSDT side=SELL qty=2000 price=0.62049 fee=0.42453297 USDT fee_usdt=0.42453297 | position 750 -> -1250 realized_pnl -0.4966250000000000000000000 -> -1.6700000000000000000000000
2026-08-15 15:12:43 | INFO     | pnl_engine | Trade processed: venue=BYBIT trade_id=T00146 trader=TRADER_A symbol=BTCUSDT side=SELL qty=0.125 price=62546.77 fee=3.61943928 USDT fee_usdt=3.61943928 | position 0.8750 -> 0.7500 realized_pnl -261.7244852941176470588235332 -> -233.3808088235294117647058857
2026-08-15 15:12:43 | INFO     | pnl_engine | Trade processed: venue=BYBIT trade_id=T00426 trader=TRADER_B symbol=SOLUSDT side=SELL qty=10 price=156.267 fee=0.32357509 USDT fee_usdt=0.32357509 | position 15 -> 5 realized_pnl -0.8715170000000000000000005 -> -2.3915170000000000000000005
2026-08-15 15:12:43 | INFO     | pnl_engine | Trade processed: venue=OKX trade_id=T00239 trader=TRADER_B symbol=XRPUSDT side=SELL qty=500 price=0.62041 fee=0.14093517 USDT fee_usdt=0.14093517 | position 2000 -> 1500 realized_pnl 118.7596599999999999999999996 -> 118.0296599999999999999999996
2026-08-15 15:12:43 | INFO     | pnl_engine | Trade processed: venue=OKX trade_id=T00186 trader=TRADER_C symbol=XRPUSDT side=BUY qty=1250 price=0.61944 fee=0.38352882 USDT fee_usdt=0.38352882 | position -250 -> 1000 realized_pnl -59.56046500 -> -59.24546500
2026-08-15 15:12:43 | INFO     | pnl_engine | Trade processed: venue=BYBIT trade_id=T00472 trader=TRADER_B symbol=SOLUSDT side=SELL qty=10 price=156.45 fee=0.38091683 USDT fee_usdt=0.38091683 | position 5 -> -5 realized_pnl -2.3915170000000000000000005 -> -2.2365170000000000000000005
2026-08-15 15:12:43 | INFO     | pnl_engine | Trade processed: venue=BYBIT trade_id=T00555 trader=TRADER_B symbol=ETHUSDT side=BUY qty=0.5 price=3196.53 fee=0.48190820 USDT fee_usdt=0.48190820 | position -9.00 -> -8.50 realized_pnl -66.32845914398325358851674275 -> -62.97475101001196172248803425
2026-08-15 15:12:43 | INFO     | pnl_engine | Trade processed: venue=BYBIT trade_id=T00241 trader=TRADER_A symbol=SOLUSDT side=BUY qty=30 price=156.589 fee=2.19375887 USDT fee_usdt=2.19375887 | position -75 -> -45 realized_pnl 52.8267663999999999999999970 -> 45.4527663999999999999999970
2026-08-15 15:12:43 | INFO     | pnl_engine | Trade processed: venue=OKX trade_id=T00271 trader=TRADER_B symbol=XRPUSDT side=SELL qty=2250 price=0.62137 fee=0.29239701 USDT fee_usdt=0.29239701 | position 1500 -> -750 realized_pnl 118.0296599999999999999999996 -> 117.2796599999999999999999996
2026-08-15 15:12:43 | INFO     | pnl_engine | Trade processed: venue=OKX trade_id=T00033 trader=TRADER_C symbol=SOLUSDT side=BUY qty=10 price=156.675 fee=0.61914217 USDT fee_usdt=0.61914217 | position -15 -> -5 realized_pnl 171.1676660000000000000000040 -> 168.3809993333333333333333370
2026-08-15 15:12:43 | INFO     | pnl_engine | Trade processed: venue=BYBIT trade_id=T00284 trader=TRADER_D symbol=XRPUSDT side=BUY qty=750 price=0.62061 fee=0.00022931 BNB fee_usdt=0.1815653649 | position -250 -> 500 realized_pnl -17.90800000 -> -17.68800000
2026-08-15 15:12:43 | INFO     | pnl_engine | Trade processed: venue=OKX trade_id=T00573 trader=TRADER_B symbol=XRPUSDT side=SELL qty=500 price=0.62165 fee=0.12402157 USDT fee_usdt=0.12402157 | position -750 -> -1250 realized_pnl 117.2796599999999999999999996 -> 117.2796599999999999999999996
2026-08-15 15:12:43 | INFO     | pnl_engine | Trade processed: venue=BINANCE trade_id=T00613 trader=TRADER_A symbol=BTCUSDT side=SELL qty=0.0625 price=62635.69 fee=0.00125130 BNB fee_usdt=0.9907668270 | position 0.375 -> 0.3125 realized_pnl 488.5754394025000000000000188 -> 512.0291894025000000000000188
2026-08-15 15:12:43 | INFO     | pnl_engine | Trade processed: venue=BYBIT trade_id=T00492 trader=TRADER_B symbol=SOLUSDT side=SELL qty=5 price=156.505 fee=0.00041008 BNB fee_usdt=0.3246972432 | position -5 -> -10 realized_pnl -2.2365170000000000000000005 -> -2.2365170000000000000000005
2026-08-15 15:12:43 | INFO     | pnl_engine | Trade processed: venue=BYBIT trade_id=T00331 trader=TRADER_B symbol=ETHUSDT side=SELL qty=0.25 price=3194.65 fee=0.20899096 USDT fee_usdt=0.20899096 | position -8.50 -> -8.75 realized_pnl -62.97475101001196172248803425 -> -62.97475101001196172248803425
2026-08-15 15:12:43 | INFO     | pnl_engine | Trade processed: venue=BINANCE trade_id=T00335 trader=TRADER_C symbol=SOLUSDT side=BUY qty=30 price=156.535 fee=1.36565376 USDT fee_usdt=1.36565376 | position -35 -> -5 realized_pnl -79.0081889411764705882352880 -> -91.5676007058823529411764650
2026-08-15 15:12:43 | INFO     | pnl_engine | Trade processed: venue=OKX trade_id=T00040 trader=TRADER_C symbol=BTCUSDT side=BUY qty=0.125 price=62629.52 fee=3.44853013 USDT fee_usdt=3.44853013 | position 0 -> 0.125 realized_pnl 839.5694961312499999999999950 -> 839.5694961312499999999999950
2026-08-15 15:12:43 | INFO     | pnl_engine | Trade processed: venue=BYBIT trade_id=T00088 trader=TRADER_A symbol=SOLUSDT side=BUY qty=15 price=156.488 fee=1.04926921 USDT fee_usdt=1.04926921 | position -45 -> -30 realized_pnl 45.4527663999999999999999970 -> 43.2807663999999999999999970
2026-08-15 15:12:43 | INFO     | pnl_engine | Trade processed: venue=OKX trade_id=T00485 trader=TRADER_C symbol=SOLUSDT side=BUY qty=10 price=156.396 fee=0.71984472 USDT fee_usdt=0.71984472 | position -5 -> 5 realized_pnl 168.3809993333333333333333370 -> 168.3826660000000000000000035
2026-08-15 15:12:43 | INFO     | pnl_engine | Trade processed: venue=BYBIT trade_id=T00489 trader=TRADER_B symbol=ETHUSDT side=SELL qty=1.5 price=3181.16 fee=1.54919725 USDT fee_usdt=1.54919725 | position -8.75 -> -10.25 realized_pnl -62.97475101001196172248803425 -> -62.97475101001196172248803425
2026-08-15 15:12:43 | INFO     | pnl_engine | Trade processed: venue=BINANCE trade_id=T00638 trader=TRADER_A symbol=ETHUSDT side=SELL qty=0.25 price=3187.06 fee=0.31103299 USDT fee_usdt=0.31103299 | position 0 -> -0.25 realized_pnl 13.30748017250000000000000000 -> 13.30748017250000000000000000
2026-08-15 15:12:43 | INFO     | pnl_engine | Trade processed: venue=BINANCE trade_id=T00352 trader=TRADER_D symbol=ETHUSDT side=SELL qty=1.5 price=3180.61 fee=2.37730153 USDT fee_usdt=2.37730153 | position -2.0 -> -3.5 realized_pnl 22.8387253000 -> 22.8387253000
2026-08-15 15:12:43 | INFO     | pnl_engine | Trade processed: venue=OKX trade_id=T00612 trader=TRADER_B symbol=ETHUSDT side=SELL qty=0.5 price=3182.13 fee=0.60224664 USDT fee_usdt=0.60224664 | position -1.5 -> -2.0 realized_pnl -21.2575 -> -21.2575
2026-08-15 15:12:43 | INFO     | pnl_engine | Trade processed: venue=BYBIT trade_id=T00410 trader=TRADER_D symbol=XRPUSDT side=BUY qty=250 price=0.62317 fee=0.04580724 USDT fee_usdt=0.04580724 | position 500 -> 750 realized_pnl -17.68800000 -> -17.68800000
2026-08-15 15:12:43 | INFO     | pnl_engine | Trade processed: venue=BYBIT trade_id=T00736 trader=TRADER_A symbol=SOLUSDT side=SELL qty=40 price=156.718 fee=3.10842641 USDT fee_usdt=3.10842641 | position -30 -> -70 realized_pnl 43.2807663999999999999999970 -> 43.2807663999999999999999970
2026-08-15 15:12:43 | INFO     | pnl_engine | Trade processed: venue=BYBIT trade_id=T00008 trader=TRADER_B symbol=ETHUSDT side=BUY qty=1 price=3181.63 fee=1.48934411 USDT fee_usdt=1.48934411 | position -10.25 -> -9.25 realized_pnl -62.97475101001196172248803425 -> -44.80762532440103862761115225
2026-08-15 15:12:43 | INFO     | pnl_engine | Trade processed: venue=BINANCE trade_id=T00221 trader=TRADER_C symbol=SOLUSDT side=BUY qty=40 price=156.682 fee=2.78478613 USDT fee_usdt=2.78478613 | position -5 -> 35 realized_pnl -91.5676007058823529411764650 -> -94.3958359999999999999999945
2026-08-15 15:12:43 | INFO     | pnl_engine | Trade processed: venue=OKX trade_id=T00460 trader=TRADER_C symbol=XRPUSDT side=SELL qty=1000 price=0.62335 fee=0.20743666 USDT fee_usdt=0.20743666 | position 1000 -> 0 realized_pnl -59.24546500 -> -55.33546500
2026-08-15 15:12:43 | INFO     | pnl_engine | Trade processed: venue=BYBIT trade_id=T00315 trader=TRADER_B symbol=ETHUSDT side=BUY qty=0.5 price=3186.06 fee=0.60801098 USDT fee_usdt=0.60801098 | position -9.25 -> -8.75 realized_pnl -44.80762532440103862761115225 -> -37.93906248159557708017271125
2026-08-15 15:12:43 | INFO     | pnl_engine | Trade processed: venue=BINANCE trade_id=T00650 trader=TRADER_A symbol=BTCUSDT side=BUY qty=0.375 price=62429.91 fee=7.03797031 USDT fee_usdt=7.03797031 | position 0.3125 -> 0.6875 realized_pnl 512.0291894025000000000000188 -> 512.0291894025000000000000188
2026-08-15 15:12:43 | INFO     | pnl_engine | Trade processed: venue=BINANCE trade_id=T00032 trader=TRADER_C symbol=SOLUSDT side=BUY qty=30 price=156.695 fee=1.25515719 USDT fee_usdt=1.25515719 | position 35 -> 65 realized_pnl -94.3958359999999999999999945 -> -94.3958359999999999999999945
2026-08-15 15:12:43 | INFO     | pnl_engine | Trade processed: venue=BYBIT trade_id=T00625 trader=TRADER_A symbol=BTCUSDT side=SELL qty=0.5 price=62431.62 fee=8.13292658 USDT fee_usdt=8.13292658 | position 0.7500 -> 0.2500 realized_pnl -233.3808088235294117647058857 -> -177.5811029411764705882352957
2026-08-15 15:12:43 | INFO     | pnl_engine | Trade processed: venue=OKX trade_id=T00101 trader=TRADER_B symbol=XRPUSDT side=BUY qty=500 price=0.62335 fee=0.12106052 USDT fee_usdt=0.12106052 | position -1250 -> -750 realized_pnl 117.2796599999999999999999996 -> 116.3456599999999999999999996
2026-08-15 15:12:43 | INFO     | pnl_engine | Trade processed: venue=BYBIT trade_id=T00349 trader=TRADER_A symbol=SOLUSDT side=BUY qty=10 price=156.485 fee=0.71953071 USDT fee_usdt=0.71953071 | position -70 -> -60 realized_pnl 43.2807663999999999999999970 -> 44.0044806857142857142857110
2026-08-15 15:12:43 | INFO     | pnl_engine | Trade processed: venue=BYBIT trade_id=T00433 trader=TRADER_A symbol=BTCUSDT side=BUY qty=0.125 price=62590.48 fee=2.44956248 USDT fee_usdt=2.44956248 | position 0.2500 -> 0.3750 realized_pnl -177.5811029411764705882352957 -> -177.5811029411764705882352957
2026-08-15 15:12:43 | INFO     | pnl_engine | Trade processed: venue=OKX trade_id=T00528 trader=TRADER_C symbol=SOLUSDT side=BUY qty=15 price=156.281 fee=0.53609293 USDT fee_usdt=0.53609293 | position 5 -> 20 realized_pnl 168.3826660000000000000000035 -> 168.3826660000000000000000035
2026-08-15 15:12:43 | INFO     | pnl_engine | Trade processed: venue=BYBIT trade_id=T00440 trader=TRADER_A symbol=SOLUSDT side=BUY qty=110 price=156.175 fee=4.69864048 USDT fee_usdt=4.69864048 | position -60 -> 50 realized_pnl 44.0044806857142857142857110 -> 66.9467663999999999999999950
2026-08-15 15:12:43 | INFO     | pnl_engine | Trade processed: venue=OKX trade_id=T00374 trader=TRADER_B symbol=XRPUSDT side=BUY qty=250 price=0.62466 fee=0.07330677 USDT fee_usdt=0.07330677 | position -750 -> -500 realized_pnl 116.3456599999999999999999996 -> 115.5511599999999999999999996
2026-08-15 15:12:43 | INFO     | pnl_engine | Trade processed: venue=BINANCE trade_id=T00297 trader=TRADER_A symbol=ETHUSDT side=SELL qty=0.25 price=3175.61 fee=0.18824151 USDT fee_usdt=0.18824151 | position -0.25 -> -0.50 realized_pnl 13.30748017250000000000000000 -> 13.30748017250000000000000000
2026-08-15 15:12:43 | INFO     | pnl_engine | Trade processed: venue=BYBIT trade_id=T00027 trader=TRADER_B symbol=ETHUSDT side=BUY qty=0.25 price=3177.8 fee=0.27175241 USDT fee_usdt=0.27175241 | position -8.75 -> -8.50 realized_pnl -37.93906248159557708017271125 -> -32.43978106019284630645349075
2026-08-15 15:12:43 | INFO     | pnl_engine | Trade processed: venue=OKX trade_id=T00636 trader=TRADER_C symbol=XRPUSDT side=SELL qty=250 price=0.62454 fee=0.03193182 USDT fee_usdt=0.03193182 | position 0 -> -250 realized_pnl -55.33546500 -> -55.33546500
2026-08-15 15:12:43 | INFO     | pnl_engine | Trade processed: venue=BINANCE trade_id=T00333 trader=TRADER_D symbol=ETHUSDT side=BUY qty=1 price=3175.96 fee=0.93612220 USDT fee_usdt=0.93612220 | position -3.5 -> -2.5 realized_pnl 22.8387253000 -> 38.1527253000
2026-08-15 15:12:43 | INFO     | pnl_engine | Trade processed: venue=OKX trade_id=T00056 trader=TRADER_C symbol=BTCUSDT side=BUY qty=0.5 price=62450.41 fee=0.00889613 BNB fee_usdt=7.0632603361 | position 0.125 -> 0.625 realized_pnl 839.5694961312499999999999950 -> 839.5694961312499999999999950
2026-08-15 15:12:43 | INFO     | pnl_engine | Trade processed: venue=BYBIT trade_id=T00556 trader=TRADER_B symbol=ETHUSDT side=SELL qty=0.75 price=3174.01 fee=1.02204246 USDT fee_usdt=1.02204246 | position -8.50 -> -9.25 realized_pnl -32.43978106019284630645349075 -> -32.43978106019284630645349075
2026-08-15 15:12:43 | INFO     | pnl_engine | Trade processed: venue=OKX trade_id=T00656 trader=TRADER_C symbol=XRPUSDT side=BUY qty=500 price=0.62429 fee=0.14690698 USDT fee_usdt=0.14690698 | position -250 -> 250 realized_pnl -55.33546500 -> -55.27296500
2026-08-15 15:12:43 | INFO     | pnl_engine | Trade processed: venue=OKX trade_id=T00151 trader=TRADER_C symbol=SOLUSDT side=SELL qty=10 price=156.147 fee=0.38252692 USDT fee_usdt=0.38252692 | position 20 -> 10 realized_pnl 168.3826660000000000000000035 -> 166.7551660000000000000000035
2026-08-15 15:12:43 | INFO     | pnl_engine | Trade processed: venue=BINANCE trade_id=T00385 trader=TRADER_D symbol=ETHUSDT side=SELL qty=0.5 price=3179.43 fee=0.53969903 USDT fee_usdt=0.53969903 | position -2.5 -> -3.0 realized_pnl 38.1527253000 -> 38.1527253000
2026-08-15 15:12:43 | INFO     | pnl_engine | Trade processed: venue=BINANCE trade_id=T00050 trader=TRADER_A symbol=XRPUSDT side=SELL qty=750 price=0.62496 fee=0.16631435 USDT fee_usdt=0.16631435 | position 9750 -> 9000 realized_pnl 105.7488999999999999999999998 -> 110.1081307692307692307692306
2026-08-15 15:12:43 | INFO     | pnl_engine | Trade processed: venue=OKX trade_id=T00529 trader=TRADER_C symbol=BTCUSDT side=BUY qty=0.5 price=62568.3 fee=14.21219998 USDT fee_usdt=14.21219998 | position 0.625 -> 1.125 realized_pnl 839.5694961312499999999999950 -> 839.5694961312499999999999950
2026-08-15 15:12:43 | INFO     | pnl_engine | Trade processed: venue=OKX trade_id=T00595 trader=TRADER_C symbol=SOLUSDT side=BUY qty=20 price=156.184 fee=0.69950138 USDT fee_usdt=0.69950138 | position 10 -> 30 realized_pnl 166.7551660000000000000000035 -> 166.7551660000000000000000035
2026-08-15 15:12:43 | INFO     | pnl_engine | Trade processed: venue=BYBIT trade_id=T00283 trader=TRADER_A symbol=BTCUSDT side=BUY qty=0.375 price=62730.95 fee=6.85774213 USDT fee_usdt=6.85774213 | position 0.3750 -> 0.7500 realized_pnl -177.5811029411764705882352957 -> -177.5811029411764705882352957
2026-08-15 15:12:43 | INFO     | pnl_engine | Trade processed: venue=BYBIT trade_id=T00054 trader=TRADER_B symbol=ETHUSDT side=SELL qty=0.25 price=3175.57 fee=0.31715540 USDT fee_usdt=0.31715540 | position -9.25 -> -9.50 realized_pnl -32.43978106019284630645349075 -> -32.43978106019284630645349075
2026-08-15 15:12:43 | INFO     | pnl_engine | Trade processed: venue=BYBIT trade_id=T00053 trader=TRADER_A symbol=BTCUSDT side=SELL qty=0.5 price=62698.03 fee=13.51752764 USDT fee_usdt=13.51752764 | position 0.7500 -> 0.2500 realized_pnl -177.5811029411764705882352957 -> -113.8470343137254901960784307
2026-08-15 15:12:43 | INFO     | pnl_engine | Trade processed: venue=OKX trade_id=T00195 trader=TRADER_C symbol=BTCUSDT side=BUY qty=0.125 price=62725.97 fee=2.07401399 USDT fee_usdt=2.07401399 | position 1.125 -> 1.250 realized_pnl 839.5694961312499999999999950 -> 839.5694961312499999999999950
2026-08-15 15:12:43 | INFO     | pnl_engine | Trade processed: venue=BINANCE trade_id=T00232 trader=TRADER_D symbol=XRPUSDT side=SELL qty=1000 price=0.6263 fee=0.15924666 USDT fee_usdt=0.15924666 | position -1250 -> -2250 realized_pnl -1.6700000000000000000000000 -> -1.6700000000000000000000000
2026-08-15 15:12:43 | INFO     | pnl_engine | Trade processed: venue=BYBIT trade_id=T00632 trader=TRADER_A symbol=SOLUSDT side=BUY qty=5 price=156.257 fee=0.31378138 USDT fee_usdt=0.31378138 | position 50 -> 55 realized_pnl 66.9467663999999999999999950 -> 66.9467663999999999999999950
2026-08-15 15:12:43 | INFO     | pnl_engine | Trade processed: venue=BYBIT trade_id=T00691 trader=TRADER_D symbol=XRPUSDT side=SELL qty=1500 price=0.62604 fee=0.21191881 USDT fee_usdt=0.21191881 | position 750 -> -750 realized_pnl -17.68800000 -> -14.25549999999999999999999998
2026-08-15 15:12:43 | INFO     | pnl_engine | Trade processed: venue=BINANCE trade_id=T00073 trader=TRADER_A symbol=BTCUSDT side=BUY qty=0.5 price=62716.81 fee=10.51192747 USDT fee_usdt=10.51192747 | position 0.6875 -> 1.1875 realized_pnl 512.0291894025000000000000188 -> 512.0291894025000000000000188
2026-08-15 15:12:43 | INFO     | pnl_engine | Trade processed: venue=BINANCE trade_id=T00457 trader=TRADER_A symbol=XRPUSDT side=BUY qty=250 price=0.62636 fee=0.05999685 USDT fee_usdt=0.05999685 | position 9000 -> 9250 realized_pnl 110.1081307692307692307692306 -> 110.1081307692307692307692306
2026-08-15 15:12:43 | INFO     | pnl_engine | Trade processed: venue=BINANCE trade_id=T00230 trader=TRADER_D symbol=ETHUSDT side=SELL qty=1.5 price=3178.3 fee=2.33842651 USDT fee_usdt=2.33842651 | position -3.0 -> -4.5 realized_pnl 38.1527253000 -> 38.1527253000
2026-08-15 15:12:43 | INFO     | pnl_engine | Trade processed: venue=BINANCE trade_id=T00210 trader=TRADER_C symbol=SOLUSDT side=BUY qty=5 price=156.599 fee=0.27691813 USDT fee_usdt=0.27691813 | position 65 -> 70 realized_pnl -94.3958359999999999999999945 -> -94.3958359999999999999999945
2026-08-15 15:12:43 | INFO     | pnl_engine | Trade processed: venue=BYBIT trade_id=T00576 trader=TRADER_B symbol=ETHUSDT side=SELL qty=1 price=3175.09 fee=0.80358344 USDT fee_usdt=0.80358344 | position -9.50 -> -10.50 realized_pnl -32.43978106019284630645349075 -> -32.43978106019284630645349075
2026-08-15 15:12:43 | INFO     | pnl_engine | Trade processed: venue=OKX trade_id=T00531 trader=TRADER_B symbol=XRPUSDT side=BUY qty=500 price=0.62628 fee=0.00008580 BNB fee_usdt=0.0683379840 | position -500 -> 0 realized_pnl 115.5511599999999999999999996 -> 113.1521599999999999999999996
2026-08-15 15:12:43 | INFO     | pnl_engine | Trade processed: venue=BINANCE trade_id=T00451 trader=TRADER_D symbol=ETHUSDT side=BUY qty=0.5 price=3175.72 fee=0.45484045 USDT fee_usdt=0.45484045 | position -4.5 -> -4.0 realized_pnl 38.1527253000 -> 43.1093919666666666666666665
2026-08-15 15:12:43 | INFO     | pnl_engine | Trade processed: venue=OKX trade_id=T00155 trader=TRADER_C symbol=SOLUSDT side=SELL qty=30 price=156.515 fee=1.21834846 USDT fee_usdt=1.21834846 | position 30 -> 0 realized_pnl 166.7551660000000000000000035 -> 175.4276660000000000000000025
2026-08-15 15:12:43 | INFO     | pnl_engine | Trade processed: venue=BINANCE trade_id=T00435 trader=TRADER_C symbol=SOLUSDT side=BUY qty=10 price=156.285 fee=0.58671302 USDT fee_usdt=0.58671302 | position 70 -> 80 realized_pnl -94.3958359999999999999999945 -> -94.3958359999999999999999945
2026-08-15 15:12:43 | INFO     | pnl_engine | Trade processed: venue=OKX trade_id=T00733 trader=TRADER_C symbol=SOLUSDT side=SELL qty=10 price=156.09 fee=0.54896222 USDT fee_usdt=0.54896222 | position 0 -> -10 realized_pnl 175.4276660000000000000000025 -> 175.4276660000000000000000025
2026-08-15 15:12:43 | INFO     | pnl_engine | Trade processed: venue=BYBIT trade_id=T00411 trader=TRADER_B symbol=ETHUSDT side=BUY qty=21.25 price=3179.9 fee=33.25018318 USDT fee_usdt=33.25018318 | position -10.50 -> 10.75 realized_pnl -32.43978106019284630645349075 -> 126.3757872675000000000000092
2026-08-15 15:12:43 | INFO     | pnl_engine | Trade processed: venue=OKX trade_id=T00154 trader=TRADER_C symbol=BTCUSDT side=SELL qty=2.375 price=62559.99 fee=32.13834082 USDT fee_usdt=32.13834082 | position 1.250 -> -1.125 realized_pnl 839.5694961312499999999999950 -> 860.7657461312499999999999950
2026-08-15 15:12:43 | INFO     | pnl_engine | Trade processed: venue=BINANCE trade_id=T00069 trader=TRADER_A symbol=ETHUSDT side=SELL qty=0.25 price=3178.9 fee=0.00035866 BNB fee_usdt=0.2860564562 | position -0.50 -> -0.75 realized_pnl 13.30748017250000000000000000 -> 13.30748017250000000000000000
2026-08-15 15:12:43 | INFO     | pnl_engine | Trade processed: venue=BINANCE trade_id=T00682 trader=TRADER_A symbol=ETHUSDT side=SELL qty=0.75 price=3179.59 fee=0.78714675 USDT fee_usdt=0.78714675 | position -0.75 -> -1.50 realized_pnl 13.30748017250000000000000000 -> 13.30748017250000000000000000
2026-08-15 15:12:43 | INFO     | pnl_engine | Trade processed: venue=BYBIT trade_id=T00217 trader=TRADER_A symbol=BTCUSDT side=SELL qty=0.4375 price=62604.14 fee=10.90840565 USDT fee_usdt=10.90840565 | position 0.2500 -> -0.1875 realized_pnl -113.8470343137254901960784307 -> -105.4524999999999999999999982
2026-08-15 15:12:43 | INFO     | pnl_engine | Trade processed: venue=BINANCE trade_id=T00651 trader=TRADER_D symbol=XRPUSDT side=SELL qty=1500 price=0.62678 fee=0.41103780 USDT fee_usdt=0.41103780 | position -2250 -> -3750 realized_pnl -1.6700000000000000000000000 -> -1.6700000000000000000000000
2026-08-15 15:12:43 | INFO     | pnl_engine | Trade processed: venue=BYBIT trade_id=T00596 trader=TRADER_A symbol=SOLUSDT side=SELL qty=110 price=156.21 fee=0.00619138 BNB fee_usdt=4.9380589466 | position 55 -> -55 realized_pnl 66.9467663999999999999999950 -> 68.4617663999999999999999975
2026-08-15 15:12:43 | INFO     | pnl_engine | Trade processed: venue=BINANCE trade_id=T00673 trader=TRADER_A symbol=BTCUSDT side=SELL qty=1.1875 price=62533.7 fee=20.37090571 USDT fee_usdt=20.37090571 | position 1.1875 -> 0 realized_pnl 512.0291894025000000000000188 -> 544.7923144025000000000000188
2026-08-15 15:12:43 | INFO     | pnl_engine | Trade processed: venue=OKX trade_id=T00585 trader=TRADER_C symbol=BTCUSDT side=BUY qty=2.1875 price=62540.82 fee=46.04933359 USDT fee_usdt=46.04933359 | position -1.125 -> 1.0625 realized_pnl 860.7657461312499999999999950 -> 882.3319961312499999999999950
2026-08-15 15:12:43 | INFO     | pnl_engine | Trade processed: venue=OKX trade_id=T00490 trader=TRADER_C symbol=SOLUSDT side=SELL qty=10 price=156.361 fee=0.68621658 USDT fee_usdt=0.68621658 | position -10 -> -20 realized_pnl 175.4276660000000000000000025 -> 175.4276660000000000000000025
2026-08-15 15:12:43 | INFO     | pnl_engine | Trade processed: venue=OKX trade_id=T00702 trader=TRADER_C symbol=SOLUSDT side=SELL qty=10 price=155.661 fee=0.32016865 USDT fee_usdt=0.32016865 | position -20 -> -30 realized_pnl 175.4276660000000000000000025 -> 175.4276660000000000000000025
2026-08-15 15:12:43 | INFO     | pnl_engine | Trade processed: venue=BINANCE trade_id=T00497 trader=TRADER_C symbol=SOLUSDT side=BUY qty=40 price=155.727 fee=1.98644633 USDT fee_usdt=1.98644633 | position 80 -> 120 realized_pnl -94.3958359999999999999999945 -> -94.3958359999999999999999945
2026-08-15 15:12:43 | INFO     | pnl_engine | Trade processed: venue=BYBIT trade_id=T00104 trader=TRADER_A symbol=BTCUSDT side=SELL qty=0.0625 price=62764.77 fee=1.38679326 USDT fee_usdt=1.38679326 | position -0.1875 -> -0.2500 realized_pnl -105.4524999999999999999999982 -> -105.4524999999999999999999982
2026-08-15 15:12:43 | INFO     | pnl_engine | Trade processed: venue=BINANCE trade_id=T00704 trader=TRADER_A symbol=ETHUSDT side=SELL qty=0.5 price=3179.18 fee=0.00052590 BNB fee_usdt=0.4187005440 | position -1.50 -> -2.00 realized_pnl 13.30748017250000000000000000 -> 13.30748017250000000000000000
2026-08-15 15:12:43 | INFO     | pnl_engine | Trade processed: venue=BINANCE trade_id=T00213 trader=TRADER_D symbol=ETHUSDT side=BUY qty=1 price=3177.6 fee=1.02433432 USDT fee_usdt=1.02433432 | position -4.0 -> -3.0 realized_pnl 43.1093919666666666666666665 -> 51.1427252999999999999999995
2026-08-15 15:12:43 | INFO     | pnl_engine | Trade processed: venue=BINANCE trade_id=T00743 trader=TRADER_A symbol=ETHUSDT side=BUY qty=3.25 price=3177.67 fee=4.28087869 USDT fee_usdt=4.28087869 | position -2.00 -> 1.25 realized_pnl 13.30748017250000000000000000 -> 17.64248017250000000000000000
2026-08-15 15:12:43 | INFO     | pnl_engine | Trade processed: venue=BYBIT trade_id=T00068 trader=TRADER_B symbol=SOLUSDT side=SELL qty=20 price=155.83 fee=0.65377935 USDT fee_usdt=0.65377935 | position -10 -> -30 realized_pnl -2.2365170000000000000000005 -> -2.2365170000000000000000005
2026-08-15 15:12:43 | INFO     | pnl_engine | Trade processed: venue=BINANCE trade_id=T00170 trader=TRADER_A symbol=ETHUSDT side=SELL qty=0.5 price=3175.93 fee=0.00060154 BNB fee_usdt=0.4789220864 | position 1.25 -> 0.75 realized_pnl 17.64248017250000000000000000 -> 16.77248017250000000000000000
2026-08-15 15:12:43 | INFO     | pnl_engine | Trade processed: venue=BINANCE trade_id=T00326 trader=TRADER_A symbol=ETHUSDT side=BUY qty=0.25 price=3179.21 fee=0.34213362 USDT fee_usdt=0.34213362 | position 0.75 -> 1.00 realized_pnl 16.77248017250000000000000000 -> 16.77248017250000000000000000
2026-08-15 15:12:43 | INFO     | pnl_engine | Trade processed: venue=BYBIT trade_id=T00559 trader=TRADER_B symbol=ETHUSDT side=BUY qty=1.25 price=3178.98 fee=1.39403963 USDT fee_usdt=1.39403963 | position 10.75 -> 12.00 realized_pnl 126.3757872675000000000000092 -> 126.3757872675000000000000092
2026-08-15 15:12:43 | INFO     | pnl_engine | Trade processed: venue=BINANCE trade_id=T00491 trader=TRADER_A symbol=XRPUSDT side=SELL qty=9250 price=0.6289 fee=2.21757092 USDT fee_usdt=2.21757092 | position 9250 -> 0 realized_pnl 110.1081307692307692307692306 -> 198.5138999999999999999999993
2026-08-15 15:12:43 | INFO     | pnl_engine | Trade processed: venue=BYBIT trade_id=T00417 trader=TRADER_D symbol=XRPUSDT side=BUY qty=2000 price=0.62841 fee=0.43919180 USDT fee_usdt=0.43919180 | position -750 -> 1250 realized_pnl -14.25549999999999999999999998 -> -16.03299999999999999999999998
2026-08-15 15:12:43 | INFO     | pnl_engine | Trade processed: venue=BINANCE trade_id=T00696 trader=TRADER_A symbol=BTCUSDT side=BUY qty=0.5 price=62631.05 fee=7.18367186 USDT fee_usdt=7.18367186 | position 0 -> 0.5 realized_pnl 544.7923144025000000000000188 -> 544.7923144025000000000000188
2026-08-15 15:12:43 | INFO     | pnl_engine | Trade processed: venue=BYBIT trade_id=T00649 trader=TRADER_D symbol=XRPUSDT side=SELL qty=750 price=0.62932 fee=0.23477607 USDT fee_usdt=0.23477607 | position 1250 -> 500 realized_pnl -16.03299999999999999999999998 -> -15.35049999999999999999999998
2026-08-15 15:12:43 | INFO     | pnl_engine | Trade processed: venue=BYBIT trade_id=T00329 trader=TRADER_A symbol=BTCUSDT side=BUY qty=0.5 price=62620.07 fee=11.42818051 USDT fee_usdt=11.42818051 | position -0.2500 -> 0.2500 realized_pnl -105.4524999999999999999999982 -> -99.3956249999999999999999982
2026-08-15 15:12:43 | INFO     | pnl_engine | Trade processed: venue=BYBIT trade_id=T00229 trader=TRADER_A symbol=BTCUSDT side=SELL qty=0.0625 price=62495.83 fee=0.00243135 BNB fee_usdt=1.941919245 | position 0.2500 -> 0.1875 realized_pnl -99.3956249999999999999999982 -> -107.1606249999999999999999982
2026-08-15 15:12:43 | INFO     | pnl_engine | Trade processed: venue=OKX trade_id=T00200 trader=TRADER_B symbol=ETHUSDT side=SELL qty=0.75 price=3171.65 fee=0.53969894 USDT fee_usdt=0.53969894 | position -2.0 -> -2.75 realized_pnl -21.2575 -> -21.2575
2026-08-15 15:12:43 | INFO     | pnl_engine | Trade processed: venue=OKX trade_id=T00193 trader=TRADER_B symbol=XRPUSDT side=SELL qty=2000 price=0.62987 fee=0.58325412 USDT fee_usdt=0.58325412 | position 0 -> -2000 realized_pnl 113.1521599999999999999999996 -> 113.1521599999999999999999996
2026-08-15 15:12:43 | INFO     | pnl_engine | Trade processed: venue=BINANCE trade_id=T00345 trader=TRADER_D symbol=ETHUSDT side=BUY qty=6 price=3170.99 fee=5.81504632 USDT fee_usdt=5.81504632 | position -3.0 -> 3.0 realized_pnl 51.1427252999999999999999995 -> 95.0727252999999999999999985
2026-08-15 15:12:43 | INFO     | pnl_engine | Trade processed: venue=BYBIT trade_id=T00207 trader=TRADER_A symbol=BTCUSDT side=SELL qty=0.1875 price=62622.91 fee=5.52729409 USDT fee_usdt=5.52729409 | position 0.1875 -> 0 realized_pnl -107.1606249999999999999999982 -> -106.6281249999999999999999982
2026-08-15 15:12:43 | INFO     | pnl_engine | Trade processed: venue=BYBIT trade_id=T00168 trader=TRADER_D symbol=XRPUSDT side=BUY qty=1500 price=0.6293 fee=0.25459378 USDT fee_usdt=0.25459378 | position 500 -> 2000 realized_pnl -15.35049999999999999999999998 -> -15.35049999999999999999999998
2026-08-15 15:12:43 | INFO     | pnl_engine | Trade processed: venue=BYBIT trade_id=T00291 trader=TRADER_D symbol=XRPUSDT side=SELL qty=1500 price=0.62941 fee=0.31674811 USDT fee_usdt=0.31674811 | position 2000 -> 500 realized_pnl -15.35049999999999999999999998 -> -14.85174999999999999999999998
2026-08-15 15:12:43 | INFO     | pnl_engine | Trade processed: venue=BYBIT trade_id=T00436 trader=TRADER_D symbol=XRPUSDT side=SELL qty=1500 price=0.63049 fee=0.00034451 BNB fee_usdt=0.275160137 | position 500 -> -1000 realized_pnl -14.85174999999999999999999998 -> -14.14549999999999999999999998
2026-08-15 15:12:43 | INFO     | pnl_engine | Trade processed: venue=BINANCE trade_id=T00202 trader=TRADER_D symbol=XRPUSDT side=SELL qty=500 price=0.63044 fee=0.07798692 USDT fee_usdt=0.07798692 | position -3750 -> -4250 realized_pnl -1.6700000000000000000000000 -> -1.6700000000000000000000000
2026-08-15 15:12:43 | INFO     | pnl_engine | Trade processed: venue=OKX trade_id=T00603 trader=TRADER_C symbol=BTCUSDT side=SELL qty=0.3125 price=62557.54 fee=5.01458469 USDT fee_usdt=5.01458469 | position 1.0625 -> 0.7500 realized_pnl 882.3319961312499999999999950 -> 887.5569961312499999999999950
2026-08-15 15:12:43 | INFO     | pnl_engine | Trade processed: venue=BINANCE trade_id=T00371 trader=TRADER_D symbol=XRPUSDT side=BUY qty=1500 price=0.62969 fee=0.23035487 USDT fee_usdt=0.23035487 | position -4250 -> -2750 realized_pnl -1.6700000000000000000000000 -> -8.333529411764705882352941150
2026-08-15 15:12:43 | INFO     | pnl_engine | Trade processed: venue=OKX trade_id=T00025 trader=TRADER_C symbol=BTCUSDT side=BUY qty=0.1875 price=62587.89 fee=3.83984119 USDT fee_usdt=3.83984119 | position 0.7500 -> 0.9375 realized_pnl 887.5569961312499999999999950 -> 887.5569961312499999999999950
2026-08-15 15:12:43 | INFO     | pnl_engine | Trade processed: venue=BINANCE trade_id=T00608 trader=TRADER_C symbol=SOLUSDT side=SELL qty=250 price=155.538 fee=11.15435594 USDT fee_usdt=11.15435594 | position 120 -> -130 realized_pnl -94.3958359999999999999999945 -> -189.4808359999999999999999945
2026-08-15 15:12:43 | INFO     | pnl_engine | Trade processed: venue=BYBIT trade_id=T00481 trader=TRADER_D symbol=XRPUSDT side=SELL qty=750 price=0.63038 fee=0.00028744 BNB fee_usdt=0.229578328 | position -1000 -> -1750 realized_pnl -14.14549999999999999999999998 -> -14.14549999999999999999999998
2026-08-15 15:12:43 | INFO     | pnl_engine | Trade processed: venue=BYBIT trade_id=T00011 trader=TRADER_D symbol=XRPUSDT side=SELL qty=750 price=0.62949 fee=0.16053300 USDT fee_usdt=0.16053300 | position -1750 -> -2500 realized_pnl -14.14549999999999999999999998 -> -14.14549999999999999999999998
2026-08-15 15:12:43 | INFO     | pnl_engine | Trade processed: venue=OKX trade_id=T00657 trader=TRADER_B symbol=XRPUSDT side=BUY qty=4000 price=0.62988 fee=0.92523166 USDT fee_usdt=0.92523166 | position -2000 -> 2000 realized_pnl 113.1521599999999999999999996 -> 113.1321599999999999999999996
2026-08-15 15:12:43 | INFO     | pnl_engine | Trade processed: venue=OKX trade_id=T00148 trader=TRADER_B symbol=ETHUSDT side=BUY qty=5.75 price=3186.21 fee=7.89498919 USDT fee_usdt=7.89498919 | position -2.75 -> 3.00 realized_pnl -21.2575 -> -16.44250000000000000000000025
2026-08-15 15:12:43 | INFO     | pnl_engine | Trade processed: venue=BINANCE trade_id=T00377 trader=TRADER_D symbol=ETHUSDT side=SELL qty=1 price=3186.14 fee=0.77399635 USDT fee_usdt=0.77399635 | position 3.0 -> 2.0 realized_pnl 95.0727252999999999999999985 -> 110.2227252999999999999999985
2026-08-15 15:12:43 | INFO     | pnl_engine | Trade processed: venue=BINANCE trade_id=T00461 trader=TRADER_A symbol=BTCUSDT side=BUY qty=0.375 price=62804.28 fee=10.76773997 USDT fee_usdt=10.76773997 | position 0.5 -> 0.875 realized_pnl 544.7923144025000000000000188 -> 544.7923144025000000000000188
2026-08-15 15:12:43 | INFO     | pnl_engine | Trade processed: venue=BINANCE trade_id=T00159 trader=TRADER_C symbol=SOLUSDT side=SELL qty=10 price=155.384 fee=0.53978861 USDT fee_usdt=0.53978861 | position -130 -> -140 realized_pnl -189.4808359999999999999999945 -> -189.4808359999999999999999945
2026-08-15 15:12:43 | INFO     | pnl_engine | Trade processed: venue=BINANCE trade_id=T00077 trader=TRADER_C symbol=SOLUSDT side=SELL qty=15 price=155.558 fee=0.50773013 USDT fee_usdt=0.50773013 | position -140 -> -155 realized_pnl -189.4808359999999999999999945 -> -189.4808359999999999999999945
2026-08-15 15:12:43 | INFO     | pnl_engine | Trade processed: venue=BYBIT trade_id=T00026 trader=TRADER_B symbol=ETHUSDT side=SELL qty=23.25 price=3184.5 fee=0.04549092 BNB fee_usdt=36.3918261816 | position 12.00 -> -11.25 realized_pnl 126.3757872675000000000000092 -> 182.7257872675000000000000052
2026-08-15 15:12:43 | INFO     | pnl_engine | Trade processed: venue=BYBIT trade_id=T00416 trader=TRADER_A symbol=BTCUSDT side=BUY qty=0.0625 price=62696.91 fee=1.46288230 USDT fee_usdt=1.46288230 | position 0 -> 0.0625 realized_pnl -106.6281249999999999999999982 -> -106.6281249999999999999999982
2026-08-15 15:12:43 | INFO     | pnl_engine | Trade processed: venue=BINANCE trade_id=T00228 trader=TRADER_A symbol=XRPUSDT side=SELL qty=1250 price=0.62742 fee=0.26285720 USDT fee_usdt=0.26285720 | position 0 -> -1250 realized_pnl 198.5138999999999999999999993 -> 198.5138999999999999999999993
2026-08-15 15:12:43 | INFO     | pnl_engine | Trade processed: venue=OKX trade_id=T00245 trader=TRADER_B symbol=XRPUSDT side=SELL qty=2000 price=0.62712 fee=0.44974016 USDT fee_usdt=0.44974016 | position 2000 -> 0 realized_pnl 113.1321599999999999999999996 -> 107.6121599999999999999999996
2026-08-15 15:12:43 | INFO     | pnl_engine | Trade processed: venue=BINANCE trade_id=T00448 trader=TRADER_C symbol=SOLUSDT side=SELL qty=5 price=155.566 fee=0.00023069 BNB fee_usdt=0.1845473862 | position -155 -> -160 realized_pnl -189.4808359999999999999999945 -> -189.4808359999999999999999945
2026-08-15 15:12:43 | INFO     | pnl_engine | Trade processed: venue=OKX trade_id=T00707 trader=TRADER_B symbol=XRPUSDT side=SELL qty=1000 price=0.62798 fee=0.17525937 USDT fee_usdt=0.17525937 | position 0 -> -1000 realized_pnl 107.6121599999999999999999996 -> 107.6121599999999999999999996
2026-08-15 15:12:43 | INFO     | pnl_engine | Trade processed: venue=BINANCE trade_id=T00367 trader=TRADER_D symbol=ETHUSDT side=SELL qty=1 price=3184.29 fee=1.41553789 USDT fee_usdt=1.41553789 | position 2.0 -> 1.0 realized_pnl 110.2227252999999999999999985 -> 123.5227252999999999999999985
2026-08-15 15:12:43 | INFO     | pnl_engine | Trade processed: venue=BYBIT trade_id=T00084 trader=TRADER_B symbol=ETHUSDT side=BUY qty=1.5 price=3184.59 fee=2.29652214 USDT fee_usdt=2.29652214 | position -11.25 -> -9.75 realized_pnl 182.7257872675000000000000052 -> 182.5907872675000000000000052
2026-08-15 15:12:43 | INFO     | pnl_engine | Trade processed: venue=BINANCE trade_id=T00002 trader=TRADER_A symbol=BTCUSDT side=SELL qty=0.3125 price=62822.39 fee=9.19303613 USDT fee_usdt=9.19303613 | position 0.875 -> 0.5625 realized_pnl 544.7923144025000000000000188 -> 581.3856179739285714285714469
2026-08-15 15:12:43 | INFO     | pnl_engine | Trade processed: venue=OKX trade_id=T00694 trader=TRADER_C symbol=BTCUSDT side=BUY qty=0.125 price=62711.12 fee=3.32418299 USDT fee_usdt=3.32418299 | position 0.9375 -> 1.0625 realized_pnl 887.5569961312499999999999950 -> 887.5569961312499999999999950
2026-08-15 15:12:43 | INFO     | pnl_engine | Trade processed: venue=OKX trade_id=T00392 trader=TRADER_C symbol=XRPUSDT side=BUY qty=750 price=0.62764 fee=0.17717791 USDT fee_usdt=0.17717791 | position 250 -> 1000 realized_pnl -55.27296500 -> -55.27296500
2026-08-15 15:12:43 | INFO     | pnl_engine | Trade processed: venue=OKX trade_id=T00334 trader=TRADER_C symbol=SOLUSDT side=BUY qty=30 price=155.451 fee=0.00288479 BNB fee_usdt=2.3077743042 | position -30 -> 0 realized_pnl 175.4276660000000000000000025 -> 193.0176660000000000000000015
2026-08-15 15:12:43 | INFO     | pnl_engine | Trade processed: venue=OKX trade_id=T00282 trader=TRADER_B symbol=ETHUSDT side=SELL qty=0.25 price=3189.56 fee=0.36516117 USDT fee_usdt=0.36516117 | position 3.00 -> 2.75 realized_pnl -16.44250000000000000000000025 -> -15.60500000000000000000000025
2026-08-15 15:12:43 | INFO     | pnl_engine | Trade processed: venue=BYBIT trade_id=T00356 trader=TRADER_A symbol=BTCUSDT side=SELL qty=0.1875 price=62689.71 fee=3.63515860 USDT fee_usdt=3.63515860 | position 0.0625 -> -0.1250 realized_pnl -106.6281249999999999999999982 -> -107.0781249999999999999999982
2026-08-15 15:12:43 | INFO     | pnl_engine | Trade processed: venue=BINANCE trade_id=T00043 trader=TRADER_D symbol=ETHUSDT side=BUY qty=0.75 price=3188.25 fee=0.00100327 BNB fee_usdt=0.8047328997 | position 1.0 -> 1.75 realized_pnl 123.5227252999999999999999985 -> 123.5227252999999999999999985
2026-08-15 15:12:43 | INFO     | pnl_engine | Trade processed: venue=OKX trade_id=T00557 trader=TRADER_B symbol=ETHUSDT side=SELL qty=0.75 price=3190.36 fee=0.56686295 USDT fee_usdt=0.56686295 | position 2.75 -> 2.00 realized_pnl -15.60500000000000000000000025 -> -12.49250000000000000000000025
2026-08-15 15:12:43 | INFO     | pnl_engine | Trade processed: venue=BINANCE trade_id=T00063 trader=TRADER_A symbol=XRPUSDT side=SELL qty=1500 price=0.6253 fee=0.33270347 USDT fee_usdt=0.33270347 | position -1250 -> -2750 realized_pnl 198.5138999999999999999999993 -> 198.5138999999999999999999993
2026-08-15 15:12:43 | INFO     | pnl_engine | Trade processed: venue=BYBIT trade_id=T00215 trader=TRADER_D symbol=XRPUSDT side=BUY qty=2500 price=0.62617 fee=0.46415966 USDT fee_usdt=0.46415966 | position -2500 -> 0 realized_pnl -14.14549999999999999999999998 -> -4.17799999999999999999999998
2026-08-15 15:12:43 | INFO     | pnl_engine | Trade processed: venue=BYBIT trade_id=T00614 trader=TRADER_A symbol=BTCUSDT side=BUY qty=0.125 price=62596.66 fee=2.85324006 USDT fee_usdt=2.85324006 | position -0.1250 -> 0 realized_pnl -107.0781249999999999999999982 -> -95.4468749999999999999999982
2026-08-15 15:12:43 | INFO     | pnl_engine | Trade processed: venue=OKX trade_id=T00403 trader=TRADER_B symbol=XRPUSDT side=SELL qty=500 price=0.62571 fee=0.00010791 BNB fee_usdt=0.0865556901 | position -1000 -> -1500 realized_pnl 107.6121599999999999999999996 -> 107.6121599999999999999999996
2026-08-15 15:12:43 | INFO     | pnl_engine | Trade processed: venue=BINANCE trade_id=T00546 trader=TRADER_A symbol=XRPUSDT side=BUY qty=750 price=0.62625 fee=0.18490462 USDT fee_usdt=0.18490462 | position -2750 -> -2000 realized_pnl 198.5138999999999999999999993 -> 198.5241272727272727272727266
2026-08-15 15:12:43 | INFO     | pnl_engine | Trade processed: venue=BINANCE trade_id=T00406 trader=TRADER_A symbol=XRPUSDT side=BUY qty=750 price=0.62607 fee=0.19092373 USDT fee_usdt=0.19092373 | position -2000 -> -1250 realized_pnl 198.5241272727272727272727266 -> 198.6693545454545454545454539
2026-08-15 15:12:43 | INFO     | pnl_engine | Trade processed: venue=BYBIT trade_id=T00418 trader=TRADER_A symbol=BTCUSDT side=SELL qty=0.0625 price=62739.67 fee=1.35510991 USDT fee_usdt=1.35510991 | position 0 -> -0.0625 realized_pnl -95.4468749999999999999999982 -> -95.4468749999999999999999982
2026-08-15 15:12:43 | INFO     | pnl_engine | Trade processed: venue=BINANCE trade_id=T00019 trader=TRADER_A symbol=BTCUSDT side=SELL qty=1.125 price=62599.06 fee=34.41785486 USDT fee_usdt=34.41785486 | position 0.5625 -> -0.5625 realized_pnl 581.3856179739285714285714469 -> 521.6304394025000000000000175
2026-08-15 15:12:43 | INFO     | pnl_engine | Trade processed: venue=OKX trade_id=T00400 trader=TRADER_C symbol=XRPUSDT side=SELL qty=500 price=0.62753 fee=0.07062980 USDT fee_usdt=0.07062980 | position 1000 -> 500 realized_pnl -55.27296500 -> -54.90921500
2026-08-15 15:12:43 | INFO     | pnl_engine | Trade processed: venue=BINANCE trade_id=T00376 trader=TRADER_C symbol=SOLUSDT side=SELL qty=25 price=155.878 fee=1.71814964 USDT fee_usdt=1.71814964 | position -160 -> -185 realized_pnl -189.4808359999999999999999945 -> -189.4808359999999999999999945
2026-08-15 15:12:43 | INFO     | pnl_engine | Trade processed: venue=BYBIT trade_id=T00684 trader=TRADER_B symbol=SOLUSDT side=BUY qty=5 price=156.067 fee=0.32878621 USDT fee_usdt=0.32878621 | position -30 -> -25 realized_pnl -2.2365170000000000000000005 -> -2.3423503333333333333333340
2026-08-15 15:12:43 | INFO     | pnl_engine | Trade processed: venue=BYBIT trade_id=T00628 trader=TRADER_D symbol=XRPUSDT side=BUY qty=750 price=0.62848 fee=0.23380294 USDT fee_usdt=0.23380294 | position 0 -> 750 realized_pnl -4.17799999999999999999999998 -> -4.17799999999999999999999998
2026-08-15 15:12:43 | INFO     | pnl_engine | Trade processed: venue=OKX trade_id=T00661 trader=TRADER_C symbol=XRPUSDT side=BUY qty=1000 price=0.62844 fee=0.00022895 BNB fee_usdt=0.1829562345 | position 500 -> 1500 realized_pnl -54.90921500 -> -54.90921500
2026-08-15 15:12:43 | INFO     | pnl_engine | Trade processed: venue=OKX trade_id=T00321 trader=TRADER_C symbol=BTCUSDT side=SELL qty=0.3125 price=62467.23 fee=4.47211798 USDT fee_usdt=4.47211798 | position 1.0625 -> 0.7500 realized_pnl 887.5569961312499999999999950 -> 855.7033196606617647058823481
2026-08-15 15:12:43 | INFO     | pnl_engine | Trade processed: venue=BYBIT trade_id=T00209 trader=TRADER_A symbol=SOLUSDT side=BUY qty=25 price=156.045 fee=0.00222001 BNB fee_usdt=1.7740321911 | position -55 -> -30 realized_pnl 68.4617663999999999999999975 -> 72.5867663999999999999999975
2026-08-15 15:12:43 | INFO     | pnl_engine | Trade processed: venue=OKX trade_id=T00129 trader=TRADER_C symbol=XRPUSDT side=SELL qty=1500 price=0.62724 fee=0.36034519 USDT fee_usdt=0.36034519 | position 1500 -> 0 realized_pnl -54.90921500 -> -55.89046500000000000000000005
2026-08-15 15:12:43 | INFO     | pnl_engine | Trade processed: venue=BINANCE trade_id=T00717 trader=TRADER_A symbol=ETHUSDT side=BUY qty=2 price=3190.12 fee=2.98766073 USDT fee_usdt=2.98766073 | position 1.00 -> 3.00 realized_pnl 16.77248017250000000000000000 -> 16.77248017250000000000000000
2026-08-15 15:12:43 | INFO     | pnl_engine | Trade processed: venue=OKX trade_id=T00572 trader=TRADER_C symbol=SOLUSDT side=BUY qty=10 price=156.099 fee=0.75119005 USDT fee_usdt=0.75119005 | position 0 -> 10 realized_pnl 193.0176660000000000000000015 -> 193.0176660000000000000000015
2026-08-15 15:12:43 | INFO     | pnl_engine | Trade processed: venue=OKX trade_id=T00126 trader=TRADER_C symbol=SOLUSDT side=SELL qty=20 price=156.097 fee=1.07801957 USDT fee_usdt=1.07801957 | position 10 -> -10 realized_pnl 193.0176660000000000000000015 -> 192.9976660000000000000000015
2026-08-15 15:12:43 | INFO     | pnl_engine | Trade processed: venue=OKX trade_id=T00662 trader=TRADER_C symbol=BTCUSDT side=BUY qty=0.5 price=62502.09 fee=11.71628701 USDT fee_usdt=11.71628701 | position 0.7500 -> 1.2500 realized_pnl 855.7033196606617647058823481 -> 855.7033196606617647058823481
2026-08-15 15:12:43 | INFO     | pnl_engine | Trade processed: venue=BYBIT trade_id=T00539 trader=TRADER_B symbol=ETHUSDT side=SELL qty=1.25 price=3184.83 fee=1.74610912 USDT fee_usdt=1.74610912 | position -9.75 -> -11.00 realized_pnl 182.5907872675000000000000052 -> 182.5907872675000000000000052
2026-08-15 15:12:43 | INFO     | pnl_engine | Trade processed: venue=BINANCE trade_id=T00658 trader=TRADER_A symbol=BTCUSDT side=BUY qty=0.25 price=62488.72 fee=7.26206990 USDT fee_usdt=7.26206990 | position -0.5625 -> -0.3125 realized_pnl 521.6304394025000000000000175 -> 549.2154394025000000000000175
2026-08-15 15:12:43 | INFO     | pnl_engine | Trade processed: venue=BYBIT trade_id=T00051 trader=TRADER_D symbol=XRPUSDT side=SELL qty=2000 price=0.62632 fee=0.45175201 USDT fee_usdt=0.45175201 | position 750 -> -1250 realized_pnl -4.17799999999999999999999998 -> -5.79799999999999999999999998
2026-08-15 15:12:43 | INFO     | pnl_engine | Trade processed: venue=OKX trade_id=T00372 trader=TRADER_B symbol=ETHUSDT side=SELL qty=0.5 price=3185.43 fee=0.56086682 USDT fee_usdt=0.56086682 | position 2.00 -> 1.50 realized_pnl -12.49250000000000000000000025 -> -12.88250000000000000000000025
2026-08-15 15:12:43 | INFO     | pnl_engine | Trade processed: venue=OKX trade_id=T00064 trader=TRADER_C symbol=BTCUSDT side=SELL qty=0.5 price=62504.5 fee=9.98581649 USDT fee_usdt=9.98581649 | position 1.2500 -> 0.7500 realized_pnl 855.7033196606617647058823481 -> 836.7867902488970588235294081
2026-08-15 15:12:43 | INFO     | pnl_engine | Trade processed: venue=OKX trade_id=T00208 trader=TRADER_C symbol=BTCUSDT side=BUY qty=0.0625 price=62553.46 fee=1.42982985 USDT fee_usdt=1.42982985 | position 0.7500 -> 0.8125 realized_pnl 836.7867902488970588235294081 -> 836.7867902488970588235294081
2026-08-15 15:12:43 | INFO     | pnl_engine | Trade processed: venue=BINANCE trade_id=T00295 trader=TRADER_A symbol=ETHUSDT side=SELL qty=1.25 price=3186.69 fee=0.00207167 BNB fee_usdt=1.6540006113 | position 3.00 -> 1.75 realized_pnl 16.77248017250000000000000000 -> 17.51206350583333333333333375
2026-08-15 15:12:43 | INFO     | pnl_engine | Trade processed: venue=OKX trade_id=T00218 trader=TRADER_C symbol=XRPUSDT side=SELL qty=500 price=0.62585 fee=0.14829785 USDT fee_usdt=0.14829785 | position 0 -> -500 realized_pnl -55.89046500000000000000000005 -> -55.89046500000000000000000005
2026-08-15 15:12:43 | INFO     | pnl_engine | Trade processed: venue=BINANCE trade_id=T00317 trader=TRADER_A symbol=ETHUSDT side=SELL qty=1 price=3190.94 fee=0.96955325 USDT fee_usdt=0.96955325 | position 1.75 -> 0.75 realized_pnl 17.51206350583333333333333375 -> 22.35373017250000000000000075
2026-08-15 15:12:43 | INFO     | pnl_engine | Trade processed: venue=BINANCE trade_id=T00066 trader=TRADER_D symbol=ETHUSDT side=BUY qty=2 price=3189.74 fee=3.16834046 USDT fee_usdt=3.16834046 | position 1.75 -> 3.75 realized_pnl 123.5227252999999999999999985 -> 123.5227252999999999999999985
2026-08-15 15:12:43 | INFO     | pnl_engine | Trade processed: venue=OKX trade_id=T00358 trader=TRADER_B symbol=XRPUSDT side=BUY qty=250 price=0.62589 fee=0.00007735 BNB fee_usdt=0.0617554665 | position -1500 -> -1250 realized_pnl 107.6121599999999999999999996 -> 107.9454933333333333333333329
2026-08-15 15:12:43 | INFO     | pnl_engine | Trade processed: venue=OKX trade_id=T00484 trader=TRADER_B symbol=XRPUSDT side=BUY qty=1250 price=0.6257 fee=0.25796655 USDT fee_usdt=0.25796655 | position -1250 -> 0 realized_pnl 107.9454933333333333333333329 -> 109.8496599999999999999999995
2026-08-15 15:12:43 | INFO     | pnl_engine | Trade processed: venue=OKX trade_id=T00701 trader=TRADER_C symbol=XRPUSDT side=BUY qty=2000 price=0.62539 fee=0.36361054 USDT fee_usdt=0.36361054 | position -500 -> 1500 realized_pnl -55.89046500000000000000000005 -> -55.66046500000000000000000005
2026-08-15 15:12:43 | INFO     | pnl_engine | Trade processed: venue=OKX trade_id=T00106 trader=TRADER_C symbol=SOLUSDT side=SELL qty=5 price=156.319 fee=0.34546143 USDT fee_usdt=0.34546143 | position -10 -> -15 realized_pnl 192.9976660000000000000000015 -> 192.9976660000000000000000015
2026-08-15 15:12:43 | INFO     | pnl_engine | Trade processed: venue=BINANCE trade_id=T00059 trader=TRADER_C symbol=SOLUSDT side=BUY qty=25 price=156.505 fee=1.78275903 USDT fee_usdt=1.78275903 | position -185 -> -160 realized_pnl -189.4808359999999999999999945 -> -212.6558359999999999999999945
2026-08-15 15:12:43 | INFO     | pnl_engine | Trade processed: venue=BINANCE trade_id=T00624 trader=TRADER_D symbol=ETHUSDT side=SELL qty=8 price=3190.01 fee=0.01436444 BNB fee_usdt=11.4684252516 | position 3.75 -> -4.25 realized_pnl 123.5227252999999999999999985 -> 144.4027252999999999999999985
2026-08-15 15:12:43 | INFO     | pnl_engine | Trade processed: venue=OKX trade_id=T00681 trader=TRADER_C symbol=SOLUSDT side=SELL qty=40 price=156.283 fee=0.00294503 BNB fee_usdt=2.3512825017 | position -15 -> -55 realized_pnl 192.9976660000000000000000015 -> 192.9976660000000000000000015
2026-08-15 15:12:43 | INFO     | pnl_engine | Trade processed: venue=OKX trade_id=T00449 trader=TRADER_C symbol=XRPUSDT side=BUY qty=750 price=0.62625 fee=0.16532663 USDT fee_usdt=0.16532663 | position 1500 -> 2250 realized_pnl -55.66046500000000000000000005 -> -55.66046500000000000000000005
2026-08-15 15:12:43 | INFO     | pnl_engine | Trade processed: venue=BINANCE trade_id=T00094 trader=TRADER_D symbol=XRPUSDT side=SELL qty=2000 price=0.62546 fee=0.59444746 USDT fee_usdt=0.59444746 | position -2750 -> -4750 realized_pnl -8.333529411764705882352941150 -> -8.333529411764705882352941150
2026-08-15 15:12:43 | INFO     | pnl_engine | Trade processed: venue=BYBIT trade_id=T00281 trader=TRADER_B symbol=ETHUSDT side=BUY qty=11 price=3191.02 fee=15.13621540 USDT fee_usdt=15.13621540 | position -11.00 -> 0 realized_pnl 182.5907872675000000000000052 -> 111.2832872675000000000000052
2026-08-15 15:12:43 | INFO     | pnl_engine | Trade processed: venue=BINANCE trade_id=T00086 trader=TRADER_A symbol=ETHUSDT side=BUY qty=0.25 price=3187.93 fee=0.17089176 USDT fee_usdt=0.17089176 | position 0.75 -> 1.00 realized_pnl 22.35373017250000000000000075 -> 22.35373017250000000000000075
2026-08-15 15:12:43 | INFO     | pnl_engine | Trade processed: venue=BINANCE trade_id=T00666 trader=TRADER_D symbol=XRPUSDT side=BUY qty=250 price=0.62653 fee=0.05707398 USDT fee_usdt=0.05707398 | position -4750 -> -4500 realized_pnl -8.333529411764705882352941150 -> -8.631764705882352941176470575
2026-08-15 15:12:43 | INFO     | pnl_engine | Trade processed: venue=BINANCE trade_id=T00201 trader=TRADER_D symbol=XRPUSDT side=SELL qty=1500 price=0.62623 fee=0.00030031 BNB fee_usdt=0.2406624278 | position -4500 -> -6000 realized_pnl -8.631764705882352941176470575 -> -8.631764705882352941176470575
2026-08-15 15:12:43 | INFO     | pnl_engine | Trade processed: venue=OKX trade_id=T00395 trader=TRADER_B symbol=ETHUSDT side=BUY qty=0.25 price=3176.32 fee=0.31164951 USDT fee_usdt=0.31164951 | position 1.50 -> 1.75 realized_pnl -12.88250000000000000000000025 -> -12.88250000000000000000000025
2026-08-15 15:12:43 | INFO     | pnl_engine | Trade processed: venue=BYBIT trade_id=T00479 trader=TRADER_B symbol=ETHUSDT side=BUY qty=0.5 price=3181.59 fee=0.41175302 USDT fee_usdt=0.41175302 | position 0 -> 0.5 realized_pnl 111.2832872675000000000000052 -> 111.2832872675000000000000052
2026-08-15 15:12:43 | INFO     | pnl_engine | Trade processed: venue=OKX trade_id=T00145 trader=TRADER_C symbol=XRPUSDT side=SELL qty=1000 price=0.62631 fee=0.15246576 USDT fee_usdt=0.15246576 | position 2250 -> 1250 realized_pnl -55.66046500000000000000000005 -> -55.02713166666666666666666675
2026-08-15 15:12:43 | INFO     | pnl_engine | Trade processed: venue=BYBIT trade_id=T00089 trader=TRADER_D symbol=XRPUSDT side=BUY qty=1000 price=0.62701 fee=0.12678129 USDT fee_usdt=0.12678129 | position -1250 -> -250 realized_pnl -5.79799999999999999999999998 -> -6.48799999999999999999999998
2026-08-15 15:12:43 | INFO     | pnl_engine | Trade processed: venue=BYBIT trade_id=T00493 trader=TRADER_A symbol=SOLUSDT side=SELL qty=20 price=155.898 fee=1.24636927 USDT fee_usdt=1.24636927 | position -30 -> -50 realized_pnl 72.5867663999999999999999975 -> 72.5867663999999999999999975
2026-08-15 15:12:43 | INFO     | pnl_engine | Trade processed: venue=BINANCE trade_id=T00116 trader=TRADER_A symbol=BTCUSDT side=SELL qty=0.25 price=62639.44 fee=6.50831206 USDT fee_usdt=6.50831206 | position -0.3125 -> -0.5625 realized_pnl 549.2154394025000000000000175 -> 549.2154394025000000000000175
2026-08-15 15:12:43 | INFO     | pnl_engine | Trade processed: venue=BYBIT trade_id=T00738 trader=TRADER_A symbol=BTCUSDT side=SELL qty=0.1875 price=62546.28 fee=3.14308094 USDT fee_usdt=3.14308094 | position -0.0625 -> -0.2500 realized_pnl -95.4468749999999999999999982 -> -95.4468749999999999999999982
2026-08-15 15:12:43 | INFO     | pnl_engine | Trade processed: venue=OKX trade_id=T00454 trader=TRADER_B symbol=XRPUSDT side=SELL qty=1500 price=0.6264 fee=0.21404313 USDT fee_usdt=0.21404313 | position 0 -> -1500 realized_pnl 109.8496599999999999999999995 -> 109.8496599999999999999999995
2026-08-15 15:12:43 | INFO     | pnl_engine | Trade processed: venue=BINANCE trade_id=T00421 trader=TRADER_A symbol=ETHUSDT side=BUY qty=0.5 price=3179.85 fee=0.77471363 USDT fee_usdt=0.77471363 | position 1.00 -> 1.50 realized_pnl 22.35373017250000000000000075 -> 22.35373017250000000000000075
2026-08-15 15:12:43 | INFO     | pnl_engine | Trade processed: venue=BINANCE trade_id=T00593 trader=TRADER_C symbol=SOLUSDT side=BUY qty=30 price=156.095 fee=1.56594199 USDT fee_usdt=1.56594199 | position -160 -> -130 realized_pnl -212.6558359999999999999999945 -> -228.1658359999999999999999945
2026-08-15 15:12:43 | INFO     | pnl_engine | Trade processed: venue=BYBIT trade_id=T00747 trader=TRADER_A symbol=SOLUSDT side=SELL qty=10 price=155.816 fee=0.42208536 USDT fee_usdt=0.42208536 | position -50 -> -60 realized_pnl 72.5867663999999999999999975 -> 72.5867663999999999999999975
2026-08-15 15:12:43 | INFO     | pnl_engine | Trade processed: venue=OKX trade_id=T00732 trader=TRADER_C symbol=BTCUSDT side=SELL qty=0.3125 price=62564.88 fee=0.00666054 BNB fee_usdt=5.3376235452 | position 0.8125 -> 0.5000 realized_pnl 836.7867902488970588235294081 -> 843.5652348190328054298642518
2026-08-15 15:12:43 | INFO     | pnl_engine | Trade processed: venue=BYBIT trade_id=T00214 trader=TRADER_D symbol=XRPUSDT side=BUY qty=250 price=0.626 fee=0.05189911 USDT fee_usdt=0.05189911 | position -250 -> 0 realized_pnl -6.48799999999999999999999998 -> -6.40799999999999999999999998
2026-08-15 15:12:43 | INFO     | pnl_engine | Trade processed: venue=OKX trade_id=T00344 trader=TRADER_B symbol=ETHUSDT side=BUY qty=1 price=3180.11 fee=0.00135225 BNB fee_usdt=1.08315225 | position 1.75 -> 2.75 realized_pnl -12.88250000000000000000000025 -> -12.88250000000000000000000025
2026-08-15 15:12:43 | INFO     | pnl_engine | Trade processed: venue=OKX trade_id=T00110 trader=TRADER_B symbol=ETHUSDT side=BUY qty=0.5 price=3176.35 fee=0.43841899 USDT fee_usdt=0.43841899 | position 2.75 -> 3.25 realized_pnl -12.88250000000000000000000025 -> -12.88250000000000000000000025
2026-08-15 15:12:43 | INFO     | pnl_engine | Trade processed: venue=BYBIT trade_id=T00311 trader=TRADER_B symbol=SOLUSDT side=SELL qty=10 price=156.146 fee=0.67398636 USDT fee_usdt=0.67398636 | position -25 -> -35 realized_pnl -2.3423503333333333333333340 -> -2.3423503333333333333333340
2026-08-15 15:12:43 | INFO     | pnl_engine | Trade processed: venue=BYBIT trade_id=T00588 trader=TRADER_B symbol=SOLUSDT side=BUY qty=5 price=156.299 fee=0.37179190 USDT fee_usdt=0.37179190 | position -35 -> -30 realized_pnl -2.3423503333333333333333340 -> -3.4650884285714285714285725
2026-08-15 15:12:43 | INFO     | pnl_engine | Trade processed: venue=BINANCE trade_id=T00227 trader=TRADER_A symbol=BTCUSDT side=SELL qty=0.0625 price=62544.58 fee=0.00133498 BNB fee_usdt=1.06931898 | position -0.5625 -> -0.6250 realized_pnl 549.2154394025000000000000175 -> 549.2154394025000000000000175
2026-08-15 15:12:43 | INFO     | pnl_engine | Trade processed: venue=BYBIT trade_id=T00388 trader=TRADER_A symbol=SOLUSDT side=BUY qty=25 price=156.401 fee=1.11657467 USDT fee_usdt=1.11657467 | position -60 -> -35 realized_pnl 72.5867663999999999999999975 -> 63.5700997333333333333333300
2026-08-15 15:12:43 | INFO     | pnl_engine | Trade processed: venue=OKX trade_id=T00577 trader=TRADER_C symbol=SOLUSDT side=SELL qty=5 price=156.074 fee=0.23208650 USDT fee_usdt=0.23208650 | position -55 -> -60 realized_pnl 192.9976660000000000000000015 -> 192.9976660000000000000000015
2026-08-15 15:12:43 | INFO     | pnl_engine | Trade processed: venue=BYBIT trade_id=T00727 trader=TRADER_D symbol=XRPUSDT side=SELL qty=750 price=0.62604 fee=0.00026421 BNB fee_usdt=0.21163221 | position 0 -> -750 realized_pnl -6.40799999999999999999999998 -> -6.40799999999999999999999998
2026-08-15 15:12:43 | INFO     | pnl_engine | Trade processed: venue=BYBIT trade_id=T00273 trader=TRADER_B symbol=ETHUSDT side=SELL qty=0.75 price=3178.53 fee=0.98382965 USDT fee_usdt=0.98382965 | position 0.5 -> -0.25 realized_pnl 111.2832872675000000000000052 -> 109.7532872675000000000000052
2026-08-15 15:12:43 | INFO     | pnl_engine | Trade processed: venue=BINANCE trade_id=T00157 trader=TRADER_D symbol=XRPUSDT side=BUY qty=500 price=0.62534 fee=0.10023810 USDT fee_usdt=0.10023810 | position -6000 -> -5500 realized_pnl -8.631764705882352941176470575 -> -8.521617647058823529411764725
2026-08-15 15:12:43 | INFO     | pnl_engine | Trade processed: venue=BYBIT trade_id=T00728 trader=TRADER_B symbol=ETHUSDT side=BUY qty=0.5 price=3179.1 fee=0.00059356 BNB fee_usdt=0.476866104 | position -0.25 -> 0.25 realized_pnl 109.7532872675000000000000052 -> 109.6107872675000000000000052
2026-08-15 15:12:43 | INFO     | pnl_engine | Trade processed: venue=BYBIT trade_id=T00533 trader=TRADER_A symbol=SOLUSDT side=BUY qty=5 price=156.637 fee=0.18676197 USDT fee_usdt=0.18676197 | position -35 -> -30 realized_pnl 63.5700997333333333333333300 -> 60.5867663999999999999999965
2026-08-15 15:12:43 | INFO     | pnl_engine | Trade processed: venue=BYBIT trade_id=T00709 trader=TRADER_B symbol=SOLUSDT side=BUY qty=5 price=156.559 fee=0.17960178 USDT fee_usdt=0.17960178 | position -30 -> -25 realized_pnl -3.4650884285714285714285725 -> -5.8878265238095238095238110
2026-08-15 15:12:43 | INFO     | pnl_engine | Trade processed: venue=BINANCE trade_id=T00432 trader=TRADER_A symbol=XRPUSDT side=BUY qty=1250 price=0.62637 fee=0.25835658 USDT fee_usdt=0.25835658 | position -1250 -> 0 realized_pnl 198.6693545454545454545454539 -> 198.5363999999999999999999994
2026-08-15 15:12:43 | INFO     | pnl_engine | Trade processed: venue=BYBIT trade_id=T00248 trader=TRADER_B symbol=SOLUSDT side=BUY qty=35 price=156.669 fee=1.77379630 USDT fee_usdt=1.77379630 | position -25 -> 10 realized_pnl -5.8878265238095238095238110 -> -20.7515170000000000000000035
2026-08-15 15:12:43 | INFO     | pnl_engine | Trade processed: venue=OKX trade_id=T00742 trader=TRADER_C symbol=SOLUSDT side=BUY qty=30 price=156.546 fee=1.73940364 USDT fee_usdt=1.73940364 | position -60 -> -30 realized_pnl 192.9976660000000000000000015 -> 183.7451660000000000000000005
2026-08-15 15:12:43 | INFO     | pnl_engine | Trade processed: venue=OKX trade_id=T00700 trader=TRADER_C symbol=BTCUSDT side=BUY qty=0.0625 price=62518.58 fee=1.87407304 USDT fee_usdt=1.87407304 | position 0.5000 -> 0.5625 realized_pnl 843.5652348190328054298642518 -> 843.5652348190328054298642518
2026-08-15 15:12:43 | INFO     | pnl_engine | Trade processed: venue=BYBIT trade_id=T00631 trader=TRADER_D symbol=XRPUSDT side=SELL qty=1000 price=0.62746 fee=0.31110685 USDT fee_usdt=0.31110685 | position -750 -> -1750 realized_pnl -6.40799999999999999999999998 -> -6.40799999999999999999999998
2026-08-15 15:12:43 | INFO     | pnl_engine | Trade processed: venue=BYBIT trade_id=T00038 trader=TRADER_B symbol=ETHUSDT side=SELL qty=1.25 price=3176.99 fee=1.59081715 USDT fee_usdt=1.59081715 | position 0.25 -> -1.00 realized_pnl 109.6107872675000000000000052 -> 109.0832872675000000000000052
2026-08-15 15:12:43 | INFO     | pnl_engine | Trade processed: venue=OKX trade_id=T00192 trader=TRADER_C symbol=BTCUSDT side=SELL qty=1.125 price=62509.83 fee=26.55531282 USDT fee_usdt=26.55531282 | position 0.5625 -> -0.5625 realized_pnl 843.5652348190328054298642518 -> 826.3388711312500000000000024
2026-08-15 15:12:43 | INFO     | pnl_engine | Trade processed: venue=OKX trade_id=T00060 trader=TRADER_C symbol=BTCUSDT side=BUY qty=0.5625 price=62483.27 fee=17.23273981 USDT fee_usdt=17.23273981 | position -0.5625 -> 0 realized_pnl 826.3388711312500000000000024 -> 841.2788711312500000000000024
2026-08-15 15:12:43 | INFO     | pnl_engine | Trade processed: venue=OKX trade_id=T00276 trader=TRADER_B symbol=ETHUSDT side=SELL qty=3.25 price=3181.29 fee=3.55283888 USDT fee_usdt=3.55283888 | position 3.25 -> 0 realized_pnl -12.88250000000000000000000025 -> -15.37000000000000000000000150
2026-08-15 15:12:43 | INFO     | pnl_engine | Trade processed: venue=BYBIT trade_id=T00413 trader=TRADER_A symbol=SOLUSDT side=SELL qty=30 price=156.525 fee=1.70947677 USDT fee_usdt=1.70947677 | position -30 -> -60 realized_pnl 60.5867663999999999999999965 -> 60.5867663999999999999999965
2026-08-15 15:12:43 | INFO     | pnl_engine | Trade processed: venue=BINANCE trade_id=T00187 trader=TRADER_D symbol=XRPUSDT side=SELL qty=1500 price=0.62439 fee=0.42845778 USDT fee_usdt=0.42845778 | position -5500 -> -7000 realized_pnl -8.521617647058823529411764725 -> -8.521617647058823529411764725
2026-08-15 15:12:43 | INFO     | pnl_engine | Trade processed: venue=OKX trade_id=T00247 trader=TRADER_C symbol=SOLUSDT side=BUY qty=25 price=156.633 fee=0.00201799 BNB fee_usdt=1.6231500766 | position -30 -> -5 realized_pnl 183.7451660000000000000000005 -> 173.8597493333333333333333330
2026-08-15 15:12:43 | INFO     | pnl_engine | Trade processed: venue=BYBIT trade_id=T00584 trader=TRADER_D symbol=XRPUSDT side=BUY qty=500 price=0.6252 fee=0.08577388 USDT fee_usdt=0.08577388 | position -1750 -> -1250 realized_pnl -6.40799999999999999999999998 -> -5.582285714285714285714285680
2026-08-15 15:12:43 | INFO     | pnl_engine | Trade processed: venue=OKX trade_id=T00310 trader=TRADER_C symbol=SOLUSDT side=SELL qty=10 price=156.86 fee=0.76501605 USDT fee_usdt=0.76501605 | position -5 -> -15 realized_pnl 173.8597493333333333333333330 -> 173.8597493333333333333333330
2026-08-15 15:12:43 | INFO     | pnl_engine | Trade processed: venue=BINANCE trade_id=T00538 trader=TRADER_A symbol=ETHUSDT side=BUY qty=1 price=3180.09 fee=0.90385754 USDT fee_usdt=0.90385754 | position 1.50 -> 2.50 realized_pnl 22.35373017250000000000000075 -> 22.35373017250000000000000075
2026-08-15 15:12:43 | INFO     | pnl_engine | Trade processed: venue=OKX trade_id=T00055 trader=TRADER_B symbol=XRPUSDT side=SELL qty=250 price=0.62399 fee=0.05619535 USDT fee_usdt=0.05619535 | position -1500 -> -1750 realized_pnl 109.8496599999999999999999995 -> 109.8496599999999999999999995
2026-08-15 15:12:43 | INFO     | pnl_engine | Trade processed: venue=OKX trade_id=T00514 trader=TRADER_C symbol=XRPUSDT side=SELL qty=500 price=0.62463 fee=0.06323657 USDT fee_usdt=0.06323657 | position 1250 -> 750 realized_pnl -55.02713166666666666666666675 -> -55.55046500000000000000000010
2026-08-15 15:12:43 | INFO     | pnl_engine | Trade processed: venue=BYBIT trade_id=T00463 trader=TRADER_B symbol=ETHUSDT side=BUY qty=0.75 price=3175.81 fee=0.99341815 USDT fee_usdt=0.99341815 | position -1.00 -> -0.25 realized_pnl 109.0832872675000000000000052 -> 109.9682872675000000000000052
2026-08-15 15:12:43 | INFO     | pnl_engine | Trade processed: venue=OKX trade_id=T00545 trader=TRADER_B symbol=ETHUSDT side=BUY qty=1.5 price=3179.47 fee=1.43574193 USDT fee_usdt=1.43574193 | position 0 -> 1.5 realized_pnl -15.37000000000000000000000150 -> -15.37000000000000000000000150
2026-08-15 15:12:43 | INFO     | pnl_engine | Trade processed: venue=BYBIT trade_id=T00250 trader=TRADER_A symbol=BTCUSDT side=BUY qty=0.3125 price=62740.08 fee=8.20906477 USDT fee_usdt=8.20906477 | position -0.2500 -> 0.0625 realized_pnl -95.4468749999999999999999982 -> -131.8099999999999999999999982
2026-08-15 15:12:43 | INFO     | pnl_engine | Trade processed: venue=BYBIT trade_id=T00058 trader=TRADER_A symbol=SOLUSDT side=BUY qty=5 price=156.914 fee=0.31902396 USDT fee_usdt=0.31902396 | position -60 -> -55 realized_pnl 60.5867663999999999999999965 -> 57.4300997333333333333333295
2026-08-15 15:12:43 | INFO     | pnl_engine | Trade processed: venue=BYBIT trade_id=T00445 trader=TRADER_A symbol=SOLUSDT side=BUY qty=15 price=156.725 fee=0.82858249 USDT fee_usdt=0.82858249 | position -55 -> -40 realized_pnl 57.4300997333333333333333295 -> 50.7950997333333333333333285
2026-08-15 15:12:43 | INFO     | pnl_engine | Trade processed: venue=BYBIT trade_id=T00307 trader=TRADER_B symbol=ETHUSDT side=SELL qty=0.25 price=3181.35 fee=0.00028953 BNB fee_usdt=0.2328805602 | position -0.25 -> -0.50 realized_pnl 109.9682872675000000000000052 -> 109.9682872675000000000000052
2026-08-15 15:12:43 | INFO     | pnl_engine | Trade processed: venue=BYBIT trade_id=T00365 trader=TRADER_D symbol=XRPUSDT side=BUY qty=1000 price=0.6247 fee=0.23510992 USDT fee_usdt=0.23510992 | position -1250 -> -250 realized_pnl -5.582285714285714285714285680 -> -3.430857142857142857142857080
2026-08-15 15:12:43 | INFO     | pnl_engine | Trade processed: venue=BYBIT trade_id=T00549 trader=TRADER_A symbol=SOLUSDT side=BUY qty=5 price=156.695 fee=0.15882202 USDT fee_usdt=0.15882202 | position -40 -> -35 realized_pnl 50.7950997333333333333333285 -> 48.7334330666666666666666615
2026-08-15 15:12:43 | INFO     | pnl_engine | Trade processed: venue=BINANCE trade_id=T00018 trader=TRADER_D symbol=XRPUSDT side=BUY qty=1000 price=0.62511 fee=0.21710479 USDT fee_usdt=0.21710479 | position -7000 -> -6000 realized_pnl -8.521617647058823529411764725 -> -8.322100840336134453781512725
2026-08-15 15:12:43 | INFO     | pnl_engine | Trade processed: venue=BINANCE trade_id=T00359 trader=TRADER_A symbol=ETHUSDT side=SELL qty=4.75 price=3176.32 fee=3.28930691 USDT fee_usdt=3.28930691 | position 2.50 -> -2.25 realized_pnl 22.35373017250000000000000075 -> 6.58248017250000000000000075
2026-08-15 15:12:43 | INFO     | pnl_engine | Trade processed: venue=OKX trade_id=T00496 trader=TRADER_B symbol=ETHUSDT side=SELL qty=0.75 price=3177.24 fee=0.63980478 USDT fee_usdt=0.63980478 | position 1.5 -> 0.75 realized_pnl -15.37000000000000000000000150 -> -17.04250000000000000000000150
2026-08-15 15:12:43 | INFO     | pnl_engine | Trade processed: venue=BYBIT trade_id=T00269 trader=TRADER_A symbol=BTCUSDT side=BUY qty=0.0625 price=62725.7 fee=0.82348596 USDT fee_usdt=0.82348596 | position 0.0625 -> 0.1250 realized_pnl -131.8099999999999999999999982 -> -131.8099999999999999999999982
2026-08-15 15:12:43 | INFO     | pnl_engine | Trade processed: venue=BYBIT trade_id=T00078 trader=TRADER_A symbol=SOLUSDT side=BUY qty=40 price=156.629 fee=1.52534038 USDT fee_usdt=1.52534038 | position -35 -> 5 realized_pnl 48.7334330666666666666666615 -> 36.6117663999999999999999925
2026-08-15 15:12:43 | INFO     | pnl_engine | Trade processed: venue=BINANCE trade_id=T00006 trader=TRADER_A symbol=BTCUSDT side=SELL qty=0.125 price=62816.96 fee=3.05669279 USDT fee_usdt=3.05669279 | position -0.6250 -> -0.7500 realized_pnl 549.2154394025000000000000175 -> 549.2154394025000000000000175
2026-08-15 15:12:43 | INFO     | pnl_engine | Trade processed: venue=BINANCE trade_id=T00726 trader=TRADER_D symbol=XRPUSDT side=BUY qty=11500 price=0.62269 fee=1.79712141 USDT fee_usdt=1.79712141 | position -6000 -> 5500 realized_pnl -8.322100840336134453781512725 -> 7.394999999999999999999999275
2026-08-15 15:12:43 | INFO     | pnl_engine | Trade processed: venue=BINANCE trade_id=T00174 trader=TRADER_D symbol=ETHUSDT side=BUY qty=0.25 price=3165.66 fee=0.00030193 BNB fee_usdt=0.2436514714 | position -4.25 -> -4.00 realized_pnl 144.4027252999999999999999985 -> 150.4902252999999999999999985
2026-08-15 15:12:43 | INFO     | pnl_engine | Trade processed: venue=BINANCE trade_id=T00441 trader=TRADER_A symbol=ETHUSDT side=BUY qty=0.25 price=3170.87 fee=0.26762889 USDT fee_usdt=0.26762889 | position -2.25 -> -2.00 realized_pnl 6.58248017250000000000000075 -> 7.94498017250000000000000075
2026-08-15 15:12:43 | INFO     | pnl_engine | Trade processed: venue=BYBIT trade_id=T00582 trader=TRADER_B symbol=SOLUSDT side=SELL qty=30 price=156.789 fee=1.86321724 USDT fee_usdt=1.86321724 | position 10 -> -20 realized_pnl -20.7515170000000000000000035 -> -19.5515170000000000000000035
2026-08-15 15:12:43 | INFO     | pnl_engine | Trade processed: venue=BYBIT trade_id=T00328 trader=TRADER_B symbol=SOLUSDT side=SELL qty=5 price=156.849 fee=0.00044770 BNB fee_usdt=0.3612849460 | position -20 -> -25 realized_pnl -19.5515170000000000000000035 -> -19.5515170000000000000000035
2026-08-15 15:12:43 | INFO     | pnl_engine | Trade processed: venue=BYBIT trade_id=T00341 trader=TRADER_B symbol=SOLUSDT side=SELL qty=5 price=156.622 fee=0.25143694 USDT fee_usdt=0.25143694 | position -25 -> -30 realized_pnl -19.5515170000000000000000035 -> -19.5515170000000000000000035
2026-08-15 15:12:43 | INFO     | pnl_engine | Trade processed: venue=BINANCE trade_id=T00703 trader=TRADER_A symbol=XRPUSDT side=BUY qty=500 price=0.62278 fee=0.14735413 USDT fee_usdt=0.14735413 | position 0 -> 500 realized_pnl 198.5363999999999999999999994 -> 198.5363999999999999999999994
2026-08-15 15:12:43 | INFO     | pnl_engine | Trade processed: venue=BINANCE trade_id=T00626 trader=TRADER_D symbol=ETHUSDT side=BUY qty=0.75 price=3171.75 fee=1.14279312 USDT fee_usdt=1.14279312 | position -4.00 -> -3.25 realized_pnl 150.4902252999999999999999985 -> 164.1852252999999999999999985
2026-08-15 15:12:43 | INFO     | pnl_engine | Trade processed: venue=BINANCE trade_id=T00737 trader=TRADER_D symbol=ETHUSDT side=BUY qty=1.25 price=3168.35 fee=1.20570155 USDT fee_usdt=1.20570155 | position -3.25 -> -2.00 realized_pnl 164.1852252999999999999999985 -> 191.2602252999999999999999985
2026-08-15 15:12:43 | INFO     | pnl_engine | Trade processed: venue=OKX trade_id=T00296 trader=TRADER_C symbol=XRPUSDT side=BUY qty=2000 price=0.62193 fee=0.54665617 USDT fee_usdt=0.54665617 | position 750 -> 2750 realized_pnl -55.55046500000000000000000010 -> -55.55046500000000000000000010
2026-08-15 15:12:43 | INFO     | pnl_engine | Trade processed: venue=BYBIT trade_id=T00036 trader=TRADER_B symbol=SOLUSDT side=BUY qty=55 price=156.744 fee=0.00215071 BNB fee_usdt=1.7355799558 | position -30 -> 25 realized_pnl -19.5515170000000000000000035 -> -18.7365170000000000000000025
2026-08-15 15:12:43 | INFO     | pnl_engine | Trade processed: venue=OKX trade_id=T00257 trader=TRADER_B symbol=XRPUSDT side=BUY qty=250 price=0.6221 fee=0.04418121 USDT fee_usdt=0.04418121 | position -1750 -> -1500 realized_pnl 109.8496599999999999999999995 -> 110.8385885714285714285714281
2026-08-15 15:12:43 | INFO     | pnl_engine | Trade processed: venue=OKX trade_id=T00652 trader=TRADER_C symbol=BTCUSDT side=BUY qty=0.375 price=62934.88 fee=0.01334113 BNB fee_usdt=10.7660250874 | position 0 -> 0.375 realized_pnl 841.2788711312500000000000024 -> 841.2788711312500000000000024
2026-08-15 15:12:43 | INFO     | pnl_engine | Trade processed: venue=OKX trade_id=T00723 trader=TRADER_C symbol=XRPUSDT side=BUY qty=1250 price=0.62265 fee=0.00019569 BNB fee_usdt=0.1579179162 | position 2750 -> 4000 realized_pnl -55.55046500000000000000000010 -> -55.55046500000000000000000010
2026-08-15 15:12:43 | INFO     | pnl_engine | Trade processed: venue=OKX trade_id=T00634 trader=TRADER_C symbol=SOLUSDT side=BUY qty=10 price=156.683 fee=0.38323405 USDT fee_usdt=0.38323405 | position -15 -> -5 realized_pnl 173.8597493333333333333333330 -> 173.5550271111111111111111100
2026-08-15 15:12:43 | INFO     | pnl_engine | Trade processed: venue=OKX trade_id=T00061 trader=TRADER_C symbol=XRPUSDT side=BUY qty=250 price=0.62279 fee=0.00008368 BNB fee_usdt=0.0675280864 | position 4000 -> 4250 realized_pnl -55.55046500000000000000000010 -> -55.55046500000000000000000010
2026-08-15 15:12:43 | INFO     | pnl_engine | Trade processed: venue=BINANCE trade_id=T00134 trader=TRADER_A symbol=BTCUSDT side=BUY qty=1.375 price=62943.52 fee=39.03136405 USDT fee_usdt=39.03136405 | position -0.7500 -> 0.6250 realized_pnl 549.2154394025000000000000175 -> 324.7979394025000000000000200
2026-08-15 15:12:43 | INFO     | pnl_engine | Trade processed: venue=OKX trade_id=T00254 trader=TRADER_C symbol=XRPUSDT side=SELL qty=2000 price=0.62369 fee=0.29646739 USDT fee_usdt=0.29646739 | position 4250 -> 2250 realized_pnl -55.55046500000000000000000010 -> -53.87752382352941176470588250
2026-08-15 15:12:43 | INFO     | pnl_engine | Trade processed: venue=BINANCE trade_id=T00450 trader=TRADER_D symbol=ETHUSDT side=SELL qty=0.5 price=3172.72 fee=0.76028551 USDT fee_usdt=0.76028551 | position -2.00 -> -2.50 realized_pnl 191.2602252999999999999999985 -> 191.2602252999999999999999985
2026-08-15 15:12:43 | INFO     | pnl_engine | Trade processed: venue=BINANCE trade_id=T00263 trader=TRADER_A symbol=BTCUSDT side=BUY qty=0.5 price=62897.71 fee=11.97396382 USDT fee_usdt=11.97396382 | position 0.6250 -> 1.1250 realized_pnl 324.7979394025000000000000200 -> 324.7979394025000000000000200
2026-08-15 15:12:43 | INFO     | pnl_engine | Trade processed: venue=OKX trade_id=T00095 trader=TRADER_B symbol=XRPUSDT side=BUY qty=1500 price=0.62267 fee=0.21538053 USDT fee_usdt=0.21538053 | position -1500 -> 0 realized_pnl 110.8385885714285714285714281 -> 115.9171599999999999999999996
2026-08-15 15:12:43 | INFO     | pnl_engine | Trade processed: venue=BYBIT trade_id=T00125 trader=TRADER_B symbol=ETHUSDT side=SELL qty=1 price=3173.81 fee=0.90785695 USDT fee_usdt=0.90785695 | position -0.50 -> -1.50 realized_pnl 109.9682872675000000000000052 -> 109.9682872675000000000000052
2026-08-15 15:12:43 | INFO     | pnl_engine | Trade processed: venue=BINANCE trade_id=T00594 trader=TRADER_D symbol=ETHUSDT side=BUY qty=0.25 price=3174.1 fee=0.25507090 USDT fee_usdt=0.25507090 | position -2.50 -> -2.25 realized_pnl 191.2602252999999999999999985 -> 194.3732252999999999999999985
2026-08-15 15:12:43 | INFO     | pnl_engine | Trade processed: venue=BINANCE trade_id=T00664 trader=TRADER_C symbol=SOLUSDT side=BUY qty=260 price=156.162 fee=11.93802331 USDT fee_usdt=11.93802331 | position -130 -> 130 realized_pnl -228.1658359999999999999999945 -> -304.0858359999999999999999945
2026-08-15 15:12:43 | INFO     | pnl_engine | Trade processed: venue=BINANCE trade_id=T00415 trader=TRADER_A symbol=XRPUSDT side=BUY qty=2000 price=0.62586 fee=0.39815908 USDT fee_usdt=0.39815908 | position 500 -> 2500 realized_pnl 198.5363999999999999999999994 -> 198.5363999999999999999999994
2026-08-15 15:12:43 | INFO     | pnl_engine | Trade processed: venue=BINANCE trade_id=T00604 trader=TRADER_A symbol=BTCUSDT side=SELL qty=0.3125 price=63055.97 fee=4.80236714 USDT fee_usdt=4.80236714 | position 1.1250 -> 0.8125 realized_pnl 324.7979394025000000000000200 -> 366.3010644025000000000000200
2026-08-15 15:12:43 | INFO     | pnl_engine | Trade processed: venue=BYBIT trade_id=T00565 trader=TRADER_B symbol=SOLUSDT side=BUY qty=10 price=155.692 fee=0.75114279 USDT fee_usdt=0.75114279 | position 25 -> 35 realized_pnl -18.7365170000000000000000025 -> -18.7365170000000000000000025
2026-08-15 15:12:43 | INFO     | pnl_engine | Trade processed: venue=BINANCE trade_id=T00672 trader=TRADER_D symbol=XRPUSDT side=BUY qty=750 price=0.62543 fee=0.16363174 USDT fee_usdt=0.16363174 | position 5500 -> 6250 realized_pnl 7.394999999999999999999999275 -> 7.394999999999999999999999275
2026-08-15 15:12:43 | INFO     | pnl_engine | Trade processed: venue=OKX trade_id=T00024 trader=TRADER_C symbol=SOLUSDT side=SELL qty=25 price=155.545 fee=1.57094582 USDT fee_usdt=1.57094582 | position -5 -> -30 realized_pnl 173.5550271111111111111111100 -> 173.5550271111111111111111100
2026-08-15 15:12:43 | INFO     | pnl_engine | Trade processed: venue=BYBIT trade_id=T00551 trader=TRADER_A symbol=BTCUSDT side=BUY qty=0.375 price=63005.02 fee=6.07987595 USDT fee_usdt=6.07987595 | position 0.1250 -> 0.5000 realized_pnl -131.8099999999999999999999982 -> -131.8099999999999999999999982
2026-08-15 15:12:43 | INFO     | pnl_engine | Trade processed: venue=OKX trade_id=T00112 trader=TRADER_B symbol=ETHUSDT side=BUY qty=0.5 price=3165.37 fee=0.34054767 USDT fee_usdt=0.34054767 | position 0.75 -> 1.25 realized_pnl -17.04250000000000000000000150 -> -17.04250000000000000000000150
2026-08-15 15:12:43 | INFO     | pnl_engine | Trade processed: venue=OKX trade_id=T00734 trader=TRADER_C symbol=BTCUSDT side=SELL qty=0.8125 price=63040.44 fee=0.01312958 BNB fee_usdt=10.5673424630 | position 0.375 -> -0.4375 realized_pnl 841.2788711312500000000000024 -> 880.8638711312500000000000024
2026-08-15 15:12:43 | INFO     | pnl_engine | Trade processed: venue=OKX trade_id=T00142 trader=TRADER_B symbol=ETHUSDT side=BUY qty=0.25 price=3166.24 fee=0.24415520 USDT fee_usdt=0.24415520 | position 1.25 -> 1.50 realized_pnl -17.04250000000000000000000150 -> -17.04250000000000000000000150
2026-08-15 15:12:43 | INFO     | pnl_engine | Trade processed: venue=OKX trade_id=T00567 trader=TRADER_B symbol=XRPUSDT side=SELL qty=2000 price=0.62585 fee=0.34903122 USDT fee_usdt=0.34903122 | position 0 -> -2000 realized_pnl 115.9171599999999999999999996 -> 115.9171599999999999999999996
2026-08-15 15:12:43 | INFO     | pnl_engine | Trade processed: venue=BINANCE trade_id=T00014 trader=TRADER_D symbol=ETHUSDT side=BUY qty=1.5 price=3166.65 fee=0.00161703 BNB fee_usdt=1.3014665955 | position -2.25 -> -0.75 realized_pnl 194.3732252999999999999999985 -> 224.2262252999999999999999985
2026-08-15 15:12:43 | INFO     | pnl_engine | Trade processed: venue=OKX trade_id=T00712 trader=TRADER_B symbol=XRPUSDT side=BUY qty=3500 price=0.62523 fee=0.65835913 USDT fee_usdt=0.65835913 | position -2000 -> 1500 realized_pnl 115.9171599999999999999999996 -> 117.1571599999999999999999996
2026-08-15 15:12:43 | INFO     | pnl_engine | Trade processed: venue=BINANCE trade_id=T00171 trader=TRADER_C symbol=SOLUSDT side=BUY qty=30 price=155.692 fee=1.23851673 USDT fee_usdt=1.23851673 | position 130 -> 160 realized_pnl -304.0858359999999999999999945 -> -304.0858359999999999999999945
2026-08-15 15:12:43 | INFO     | pnl_engine | Trade processed: venue=OKX trade_id=T00458 trader=TRADER_C symbol=SOLUSDT side=SELL qty=5 price=155.747 fee=0.21529415 USDT fee_usdt=0.21529415 | position -30 -> -35 realized_pnl 173.5550271111111111111111100 -> 173.5550271111111111111111100
2026-08-15 15:12:43 | INFO     | pnl_engine | Trade processed: venue=OKX trade_id=T00204 trader=TRADER_C symbol=XRPUSDT side=SELL qty=500 price=0.62543 fee=0.14433140 USDT fee_usdt=0.14433140 | position 2250 -> 1750 realized_pnl -53.87752382352941176470588250 -> -52.58928852941176470588235310
2026-08-15 15:12:43 | INFO     | pnl_engine | Trade processed: venue=BINANCE trade_id=T00079 trader=TRADER_A symbol=ETHUSDT side=BUY qty=2 price=3171.41 fee=2.52769017 USDT fee_usdt=2.52769017 | position -2.00 -> 0 realized_pnl 7.94498017250000000000000075 -> 17.76498017250000000000000075
2026-08-15 15:12:43 | INFO     | pnl_engine | Trade processed: venue=OKX trade_id=T00598 trader=TRADER_C symbol=XRPUSDT side=BUY qty=500 price=0.62496 fee=0.11842756 USDT fee_usdt=0.11842756 | position 1750 -> 2250 realized_pnl -52.58928852941176470588235310 -> -52.58928852941176470588235310
2026-08-15 15:12:43 | INFO     | pnl_engine | Trade processed: venue=OKX trade_id=T00047 trader=TRADER_B symbol=ETHUSDT side=SELL qty=1 price=3175.71 fee=0.67668042 USDT fee_usdt=0.67668042 | position 1.50 -> 0.50 realized_pnl -17.04250000000000000000000150 -> -13.89750000000000000000000150
2026-08-15 15:12:43 | INFO     | pnl_engine | Trade processed: venue=BINANCE trade_id=T00337 trader=TRADER_A symbol=BTCUSDT side=BUY qty=0.0625 price=62828.26 fee=1.86507683 USDT fee_usdt=1.86507683 | position 0.8125 -> 0.8750 realized_pnl 366.3010644025000000000000200 -> 366.3010644025000000000000200
2026-08-15 15:12:43 | INFO     | pnl_engine | Trade processed: venue=OKX trade_id=T00530 trader=TRADER_C symbol=BTCUSDT side=BUY qty=0.0625 price=62826.53 fee=0.00165010 BNB fee_usdt=1.3321752330 | position -0.4375 -> -0.3750 realized_pnl 880.8638711312500000000000024 -> 894.2332461312500000000000024
2026-08-15 15:12:43 | INFO     | pnl_engine | Trade processed: venue=BYBIT trade_id=T00685 trader=TRADER_A symbol=BTCUSDT side=SELL qty=0.5 price=62820.59 fee=8.15356573 USDT fee_usdt=8.15356573 | position 0.5000 -> 0 realized_pnl -131.8099999999999999999999982 -> -190.0087499999999999999999982
2026-08-15 15:12:43 | INFO     | pnl_engine | Trade processed: venue=BINANCE trade_id=T00579 trader=TRADER_C symbol=SOLUSDT side=BUY qty=40 price=155.684 fee=1.39252541 USDT fee_usdt=1.39252541 | position 160 -> 200 realized_pnl -304.0858359999999999999999945 -> -304.0858359999999999999999945
2026-08-15 15:12:43 | INFO     | pnl_engine | Trade processed: venue=BYBIT trade_id=T00543 trader=TRADER_D symbol=XRPUSDT side=BUY qty=250 price=0.62472 fee=0.03172629 USDT fee_usdt=0.03172629 | position -250 -> 0 realized_pnl -3.430857142857142857142857080 -> -2.897999999999999999999999930
2026-08-15 15:12:43 | INFO     | pnl_engine | Trade processed: venue=OKX trade_id=T00716 trader=TRADER_B symbol=XRPUSDT side=SELL qty=2250 price=0.6247 fee=0.60405549 USDT fee_usdt=0.60405549 | position 1500 -> -750 realized_pnl 117.1571599999999999999999996 -> 116.3621599999999999999999996
2026-08-15 15:12:43 | INFO     | pnl_engine | Trade processed: venue=OKX trade_id=T00606 trader=TRADER_B symbol=XRPUSDT side=BUY qty=250 price=0.62591 fee=0.06293131 USDT fee_usdt=0.06293131 | position -750 -> -500 realized_pnl 116.3621599999999999999999996 -> 116.0596599999999999999999996
2026-08-15 15:12:43 | INFO     | pnl_engine | Trade processed: venue=BINANCE trade_id=T00249 trader=TRADER_A symbol=ETHUSDT side=BUY qty=0.5 price=3169.44 fee=0.48908224 USDT fee_usdt=0.48908224 | position 0 -> 0.5 realized_pnl 17.76498017250000000000000075 -> 17.76498017250000000000000075
2026-08-15 15:12:43 | INFO     | pnl_engine | Trade processed: venue=BINANCE trade_id=T00274 trader=TRADER_D symbol=ETHUSDT side=BUY qty=0.75 price=3171.19 fee=0.94311610 USDT fee_usdt=0.94311610 | position -0.75 -> 0 realized_pnl 224.2262252999999999999999985 -> 235.7477252999999999999999985
2026-08-15 15:12:43 | INFO     | pnl_engine | Trade processed: venue=OKX trade_id=T00268 trader=TRADER_C symbol=XRPUSDT side=BUY qty=250 price=0.62537 fee=0.03544802 USDT fee_usdt=0.03544802 | position 2250 -> 2500 realized_pnl -52.58928852941176470588235310 -> -52.58928852941176470588235310
2026-08-15 15:12:43 | INFO     | pnl_engine | Trade processed: venue=BYBIT trade_id=T00698 trader=TRADER_B symbol=ETHUSDT side=BUY qty=0.75 price=3171.97 fee=0.99321099 USDT fee_usdt=0.99321099 | position -1.50 -> -0.75 realized_pnl 109.9682872675000000000000052 -> 112.6882872675000000000000054
2026-08-15 15:12:43 | INFO     | pnl_engine | Trade processed: venue=OKX trade_id=T00244 trader=TRADER_C symbol=BTCUSDT side=BUY qty=0.8125 price=62789.03 fee=16.45828190 USDT fee_usdt=16.45828190 | position -0.3750 -> 0.4375 realized_pnl 894.2332461312500000000000024 -> 988.5119961312500000000000024
2026-08-15 15:12:43 | INFO     | pnl_engine | Trade processed: venue=BYBIT trade_id=T00641 trader=TRADER_B symbol=SOLUSDT side=BUY qty=10 price=155.817 fee=0.45138387 USDT fee_usdt=0.45138387 | position 35 -> 45 realized_pnl -18.7365170000000000000000025 -> -18.7365170000000000000000025
2026-08-15 15:12:43 | INFO     | pnl_engine | Trade processed: venue=BINANCE trade_id=T00111 trader=TRADER_A symbol=XRPUSDT side=BUY qty=1000 price=0.62532 fee=0.00020711 BNB fee_usdt=0.1672061163 | position 2500 -> 3500 realized_pnl 198.5363999999999999999999994 -> 198.5363999999999999999999994
2026-08-15 15:12:43 | INFO     | pnl_engine | Trade processed: venue=OKX trade_id=T00648 trader=TRADER_C symbol=SOLUSDT side=SELL qty=10 price=155.966 fee=0.56057943 USDT fee_usdt=0.56057943 | position -35 -> -45 realized_pnl 173.5550271111111111111111100 -> 173.5550271111111111111111100
2026-08-15 15:12:43 | INFO     | pnl_engine | Trade processed: venue=OKX trade_id=T00740 trader=TRADER_C symbol=SOLUSDT side=SELL qty=40 price=155.941 fee=1.27155537 USDT fee_usdt=1.27155537 | position -45 -> -85 realized_pnl 173.5550271111111111111111100 -> 173.5550271111111111111111100
2026-08-15 15:12:43 | INFO     | pnl_engine | Trade processed: venue=BINANCE trade_id=T00513 trader=TRADER_D symbol=XRPUSDT side=SELL qty=6250 price=0.6252 fee=1.19169351 USDT fee_usdt=1.19169351 | position 6250 -> 0 realized_pnl 7.394999999999999999999999275 -> 21.02749999999999999999999928
2026-08-15 15:12:43 | INFO     | pnl_engine | Trade processed: venue=OKX trade_id=T00324 trader=TRADER_C symbol=BTCUSDT side=BUY qty=0.3125 price=62827.52 fee=0.00855258 BNB fee_usdt=6.9047544114 | position 0.4375 -> 0.7500 realized_pnl 988.5119961312500000000000024 -> 988.5119961312500000000000024
2026-08-15 15:12:43 | INFO     | pnl_engine | Trade processed: venue=BINANCE trade_id=T00562 trader=TRADER_A symbol=XRPUSDT side=BUY qty=250 price=0.62553 fee=0.03159531 USDT fee_usdt=0.03159531 | position 3500 -> 3750 realized_pnl 198.5363999999999999999999994 -> 198.5363999999999999999999994
2026-08-15 15:12:43 | INFO     | pnl_engine | Trade processed: venue=BYBIT trade_id=T00242 trader=TRADER_B symbol=ETHUSDT side=BUY qty=0.5 price=3176.93 fee=0.49668133 USDT fee_usdt=0.49668133 | position -0.75 -> -0.25 realized_pnl 112.6882872675000000000000054 -> 112.0216206008333333333333389
2026-08-15 15:12:43 | INFO     | pnl_engine | Trade processed: venue=BINANCE trade_id=T00731 trader=TRADER_A symbol=XRPUSDT side=BUY qty=1500 price=0.62691 fee=0.00036216 BNB fee_usdt=0.2921870664 | position 3750 -> 5250 realized_pnl 198.5363999999999999999999994 -> 198.5363999999999999999999994
2026-08-15 15:12:43 | INFO     | pnl_engine | Trade processed: venue=BYBIT trade_id=T00238 trader=TRADER_D symbol=XRPUSDT side=SELL qty=1500 price=0.62663 fee=0.00044499 BNB fee_usdt=0.3590134821 | position 0 -> -1500 realized_pnl -2.897999999999999999999999930 -> -2.897999999999999999999999930
2026-08-15 15:12:43 | INFO     | pnl_engine | Trade processed: venue=BINANCE trade_id=T00746 trader=TRADER_D symbol=ETHUSDT side=SELL qty=0.25 price=3180.33 fee=0.21201882 USDT fee_usdt=0.21201882 | position 0 -> -0.25 realized_pnl 235.7477252999999999999999985 -> 235.7477252999999999999999985
2026-08-15 15:12:43 | INFO     | pnl_engine | Trade processed: venue=BINANCE trade_id=T00023 trader=TRADER_C symbol=SOLUSDT side=SELL qty=25 price=155.822 fee=1.63710462 USDT fee_usdt=1.63710462 | position 200 -> 175 realized_pnl -304.0858359999999999999999945 -> -308.4333359999999999999999945
2026-08-15 15:12:43 | INFO     | pnl_engine | Trade processed: venue=BINANCE trade_id=T00394 trader=TRADER_D symbol=XRPUSDT side=SELL qty=2000 price=0.62654 fee=0.61344846 USDT fee_usdt=0.61344846 | position 0 -> -2000 realized_pnl 21.02749999999999999999999928 -> 21.02749999999999999999999928
2026-08-15 15:12:43 | INFO     | pnl_engine | Trade processed: venue=OKX trade_id=T00532 trader=TRADER_C symbol=BTCUSDT side=SELL qty=0.0625 price=62799.81 fee=0.00163108 BNB fee_usdt=1.3159390332 | position 0.7500 -> 0.6875 realized_pnl 988.5119961312500000000000024 -> 988.1834023812500000000000024
2026-08-15 15:12:43 | INFO     | pnl_engine | Trade processed: venue=BYBIT trade_id=T00474 trader=TRADER_B symbol=SOLUSDT side=SELL qty=45 price=155.889 fee=2.71281503 USDT fee_usdt=2.71281503 | position 45 -> 0 realized_pnl -18.7365170000000000000000025 -> -37.4215170000000000000000015
2026-08-15 15:12:43 | INFO     | pnl_engine | Trade processed: venue=OKX trade_id=T00571 trader=TRADER_B symbol=ETHUSDT side=SELL qty=0.5 price=3182.43 fee=0.00062994 BNB fee_usdt=0.5082292926 | position 0.50 -> 0 realized_pnl -13.89750000000000000000000150 -> -8.96500000000000000000000150
2026-08-15 15:12:43 | INFO     | pnl_engine | Trade processed: venue=BYBIT trade_id=T00591 trader=TRADER_B symbol=SOLUSDT side=BUY qty=10 price=156.015 fee=0.57836100 USDT fee_usdt=0.57836100 | position 0 -> 10 realized_pnl -37.4215170000000000000000015 -> -37.4215170000000000000000015
2026-08-15 15:12:43 | INFO     | pnl_engine | Trade processed: venue=OKX trade_id=T00325 trader=TRADER_B symbol=ETHUSDT side=BUY qty=1.25 price=3182.57 fee=1.65884220 USDT fee_usdt=1.65884220 | position 0 -> 1.25 realized_pnl -8.96500000000000000000000150 -> -8.96500000000000000000000150
2026-08-15 15:12:43 | INFO     | pnl_engine | Trade processed: venue=OKX trade_id=T00429 trader=TRADER_B symbol=XRPUSDT side=BUY qty=500 price=0.62644 fee=0.14857474 USDT fee_usdt=0.14857474 | position -500 -> 0 realized_pnl 116.0596599999999999999999996 -> 115.1896599999999999999999996
2026-08-15 15:12:43 | INFO     | pnl_engine | Trade processed: venue=OKX trade_id=T00161 trader=TRADER_C symbol=SOLUSDT side=BUY qty=15 price=156.037 fee=0.65800126 USDT fee_usdt=0.65800126 | position -85 -> -70 realized_pnl 173.5550271111111111111111100 -> 170.8687280915032679738562085
2026-08-15 15:12:43 | INFO     | pnl_engine | Trade processed: venue=BINANCE trade_id=T00350 trader=TRADER_A symbol=XRPUSDT side=BUY qty=1000 price=0.62664 fee=0.13655199 USDT fee_usdt=0.13655199 | position 5250 -> 6250 realized_pnl 198.5363999999999999999999994 -> 198.5363999999999999999999994
2026-08-15 15:12:43 | INFO     | pnl_engine | Trade processed: venue=BINANCE trade_id=T00619 trader=TRADER_D symbol=ETHUSDT side=SELL qty=0.25 price=3178.76 fee=0.28811799 USDT fee_usdt=0.28811799 | position -0.25 -> -0.50 realized_pnl 235.7477252999999999999999985 -> 235.7477252999999999999999985
2026-08-15 15:12:43 | INFO     | pnl_engine | Trade processed: venue=BYBIT trade_id=T00252 trader=TRADER_D symbol=XRPUSDT side=BUY qty=1000 price=0.62553 fee=0.20839080 USDT fee_usdt=0.20839080 | position -1500 -> -500 realized_pnl -2.897999999999999999999999930 -> -1.797999999999999999999999930
2026-08-15 15:12:43 | INFO     | pnl_engine | Trade processed: venue=BYBIT trade_id=T00182 trader=TRADER_A symbol=SOLUSDT side=SELL qty=5 price=156.044 fee=0.23675453 USDT fee_usdt=0.23675453 | position 5 -> 0 realized_pnl 36.6117663999999999999999925 -> 33.6867663999999999999999925
2026-08-15 15:12:43 | INFO     | pnl_engine | Trade processed: venue=BINANCE trade_id=T00444 trader=TRADER_D symbol=XRPUSDT side=BUY qty=2000 price=0.62653 fee=0.28325887 USDT fee_usdt=0.28325887 | position -2000 -> 0 realized_pnl 21.02749999999999999999999928 -> 21.04749999999999999999999928
2026-08-15 15:12:43 | INFO     | pnl_engine | Trade processed: venue=BINANCE trade_id=T00396 trader=TRADER_C symbol=SOLUSDT side=BUY qty=10 price=156.387 fee=0.47882482 USDT fee_usdt=0.47882482 | position 175 -> 185 realized_pnl -308.4333359999999999999999945 -> -308.4333359999999999999999945
2026-08-15 15:12:43 | INFO     | pnl_engine | Trade processed: venue=BINANCE trade_id=T00669 trader=TRADER_D symbol=ETHUSDT side=BUY qty=1.5 price=3171.71 fee=0.96451072 USDT fee_usdt=0.96451072 | position -0.50 -> 1.00 realized_pnl 235.7477252999999999999999985 -> 239.6652252999999999999999985
2026-08-15 15:12:43 | INFO     | pnl_engine | Trade processed: venue=BYBIT trade_id=T00091 trader=TRADER_B symbol=ETHUSDT side=SELL qty=2 price=3172.14 fee=1.38708569 USDT fee_usdt=1.38708569 | position -0.25 -> -2.25 realized_pnl 112.0216206008333333333333389 -> 112.0216206008333333333333389
2026-08-15 15:12:43 | INFO     | pnl_engine | Trade processed: venue=BINANCE trade_id=T00286 trader=TRADER_A symbol=ETHUSDT side=SELL qty=0.5 price=3169.08 fee=0.52299454 USDT fee_usdt=0.52299454 | position 0.5 -> 0 realized_pnl 17.76498017250000000000000075 -> 17.58498017250000000000000075
2026-08-15 15:12:43 | INFO     | pnl_engine | Trade processed: venue=BINANCE trade_id=T00563 trader=TRADER_A symbol=BTCUSDT side=BUY qty=0.3125 price=63053 fee=0.00789636 BNB fee_usdt=6.3868918224 | position 0.8750 -> 1.1875 realized_pnl 366.3010644025000000000000200 -> 366.3010644025000000000000200
2026-08-15 15:12:43 | INFO     | pnl_engine | Trade processed: venue=OKX trade_id=T00381 trader=TRADER_C symbol=XRPUSDT side=BUY qty=500 price=0.62804 fee=0.00008743 BNB fee_usdt=0.0707168812 | position 2500 -> 3000 realized_pnl -52.58928852941176470588235310 -> -52.58928852941176470588235310
2026-08-15 15:12:43 | INFO     | pnl_engine | Trade processed: venue=BINANCE trade_id=T00741 trader=TRADER_A symbol=BTCUSDT side=BUY qty=0.3125 price=63071.84 fee=5.06298378 USDT fee_usdt=5.06298378 | position 1.1875 -> 1.5000 realized_pnl 366.3010644025000000000000200 -> 366.3010644025000000000000200
2026-08-15 15:12:43 | INFO     | pnl_engine | Trade processed: venue=BYBIT trade_id=T00508 trader=TRADER_A symbol=BTCUSDT side=BUY qty=0.375 price=63063.05 fee=10.53455406 USDT fee_usdt=10.53455406 | position 0 -> 0.375 realized_pnl -190.0087499999999999999999982 -> -190.0087499999999999999999982
2026-08-15 15:12:43 | INFO     | pnl_engine | Trade processed: venue=BINANCE trade_id=T00498 trader=TRADER_C symbol=SOLUSDT side=BUY qty=5 price=156.558 fee=0.20159253 USDT fee_usdt=0.20159253 | position 185 -> 190 realized_pnl -308.4333359999999999999999945 -> -308.4333359999999999999999945
2026-08-15 15:12:43 | INFO     | pnl_engine | Trade processed: venue=BINANCE trade_id=T00308 trader=TRADER_D symbol=ETHUSDT side=BUY qty=0.5 price=3167.97 fee=0.00095068 BNB fee_usdt=0.7689480112 | position 1.00 -> 1.50 realized_pnl 239.6652252999999999999999985 -> 239.6652252999999999999999985
2026-08-15 15:12:43 | INFO     | pnl_engine | Trade processed: venue=BINANCE trade_id=T00501 trader=TRADER_A symbol=BTCUSDT side=SELL qty=0.5 price=63082.03 fee=14.88402042 USDT fee_usdt=14.88402042 | position 1.5000 -> 1.0000 realized_pnl 366.3010644025000000000000200 -> 418.7006477358333333333333550
2026-08-15 15:12:43 | INFO     | pnl_engine | Trade processed: venue=BINANCE trade_id=T00124 trader=TRADER_A symbol=ETHUSDT side=BUY qty=0.25 price=3155.44 fee=0.34314107 USDT fee_usdt=0.34314107 | position 0 -> 0.25 realized_pnl 17.58498017250000000000000075 -> 17.58498017250000000000000075
2026-08-15 15:12:43 | INFO     | pnl_engine | Trade processed: venue=BYBIT trade_id=T00012 trader=TRADER_B symbol=SOLUSDT side=BUY qty=30 price=156.967 fee=1.06748001 USDT fee_usdt=1.06748001 | position 10 -> 40 realized_pnl -37.4215170000000000000000015 -> -37.4215170000000000000000015
2026-08-15 15:12:43 | INFO     | pnl_engine | Trade processed: venue=BYBIT trade_id=T00175 trader=TRADER_B symbol=ETHUSDT side=BUY qty=2 price=3160.3 fee=2.33532405 USDT fee_usdt=2.33532405 | position -2.25 -> -0.25 realized_pnl 112.0216206008333333333333389 -> 136.4697687489814814814814869
2026-08-15 15:12:43 | INFO     | pnl_engine | Trade processed: venue=BINANCE trade_id=T00346 trader=TRADER_C symbol=SOLUSDT side=SELL qty=190 price=156.815 fee=6.48224163 USDT fee_usdt=6.48224163 | position 190 -> 0 realized_pnl -308.4333359999999999999999945 -> -159.5258359999999999999999915
2026-08-15 15:12:43 | INFO     | pnl_engine | Trade processed: venue=BYBIT trade_id=T00003 trader=TRADER_A symbol=BTCUSDT side=SELL qty=0.0625 price=63240.34 fee=1.54318075 USDT fee_usdt=1.54318075 | position 0.375 -> 0.3125 realized_pnl -190.0087499999999999999999982 -> -178.9281249999999999999999982
2026-08-15 15:12:43 | INFO     | pnl_engine | Trade processed: venue=OKX trade_id=T00122 trader=TRADER_B symbol=XRPUSDT side=SELL qty=1000 price=0.62845 fee=0.23327938 USDT fee_usdt=0.23327938 | position 0 -> -1000 realized_pnl 115.1896599999999999999999996 -> 115.1896599999999999999999996
2026-08-15 15:12:43 | INFO     | pnl_engine | Trade processed: venue=BINANCE trade_id=T00375 trader=TRADER_D symbol=XRPUSDT side=BUY qty=250 price=0.62932 fee=0.00006402 BNB fee_usdt=0.0517646514 | position 0 -> 250 realized_pnl 21.04749999999999999999999928 -> 21.04749999999999999999999928
2026-08-15 15:12:43 | INFO     | pnl_engine | Trade processed: venue=BINANCE trade_id=T00119 trader=TRADER_D symbol=ETHUSDT side=SELL qty=0.25 price=3154.88 fee=0.34200270 USDT fee_usdt=0.34200270 | position 1.50 -> 1.25 realized_pnl 239.6652252999999999999999985 -> 235.7693919666666666666666652
2026-08-15 15:12:43 | INFO     | pnl_engine | Trade processed: venue=BYBIT trade_id=T00071 trader=TRADER_A symbol=SOLUSDT side=BUY qty=5 price=157.115 fee=0.36114419 USDT fee_usdt=0.36114419 | position 0 -> 5 realized_pnl 33.6867663999999999999999925 -> 33.6867663999999999999999925
2026-08-15 15:12:43 | INFO     | pnl_engine | Trade processed: venue=BINANCE trade_id=T00683 trader=TRADER_A symbol=XRPUSDT side=BUY qty=250 price=0.62689 fee=0.04324516 USDT fee_usdt=0.04324516 | position 6250 -> 6500 realized_pnl 198.5363999999999999999999994 -> 198.5363999999999999999999994
2026-08-15 15:12:43 | INFO     | pnl_engine | Trade processed: venue=BYBIT trade_id=T00231 trader=TRADER_B symbol=ETHUSDT side=BUY qty=1.5 price=3159.04 fee=0.00290585 BNB fee_usdt=2.3551042495 | position -0.25 -> 1.25 realized_pnl 136.4697687489814814814814869 -> 139.8407872675000000000000054
2026-08-15 15:12:43 | INFO     | pnl_engine | Trade processed: venue=BINANCE trade_id=T00293 trader=TRADER_A symbol=ETHUSDT side=SELL qty=0.5 price=3165.82 fee=0.54551075 USDT fee_usdt=0.54551075 | position 0.25 -> -0.25 realized_pnl 17.58498017250000000000000075 -> 20.17998017250000000000000075
2026-08-15 15:12:43 | INFO     | pnl_engine | Trade processed: venue=BINANCE trade_id=T00620 trader=TRADER_A symbol=XRPUSDT side=SELL qty=6500 price=0.62721 fee=1.13978798 USDT fee_usdt=1.13978798 | position 6500 -> 0 realized_pnl 198.5363999999999999999999994 -> 206.8613999999999999999999992
2026-08-15 15:12:43 | INFO     | pnl_engine | Trade processed: venue=OKX trade_id=T00711 trader=TRADER_B symbol=XRPUSDT side=SELL qty=1000 price=0.62723 fee=0.23530549 USDT fee_usdt=0.23530549 | position -1000 -> -2000 realized_pnl 115.1896599999999999999999996 -> 115.1896599999999999999999996
2026-08-15 15:12:43 | INFO     | pnl_engine | Trade processed: venue=OKX trade_id=T00423 trader=TRADER_B symbol=ETHUSDT side=BUY qty=0.5 price=3159.48 fee=0.43711085 USDT fee_usdt=0.43711085 | position 1.25 -> 1.75 realized_pnl -8.96500000000000000000000150 -> -8.96500000000000000000000150
2026-08-15 15:12:43 | INFO     | pnl_engine | Trade processed: venue=OKX trade_id=T00667 trader=TRADER_B symbol=XRPUSDT side=BUY qty=750 price=0.62608 fee=0.12998561 USDT fee_usdt=0.12998561 | position -2000 -> -1250 realized_pnl 115.1896599999999999999999996 -> 116.5096599999999999999999996
2026-08-15 15:12:43 | INFO     | pnl_engine | Trade processed: venue=OKX trade_id=T00686 trader=TRADER_C symbol=SOLUSDT side=SELL qty=5 price=156.992 fee=0.27679483 USDT fee_usdt=0.27679483 | position -70 -> -75 realized_pnl 170.8687280915032679738562085 -> 170.8687280915032679738562085
2026-08-15 15:12:43 | INFO     | pnl_engine | Trade processed: venue=BINANCE trade_id=T00618 trader=TRADER_A symbol=BTCUSDT side=SELL qty=0.125 price=63270.61 fee=2.33494334 USDT fee_usdt=2.33494334 | position 1.0000 -> 0.8750 realized_pnl 418.7006477358333333333333550 -> 455.3730435691666666666666888
2026-08-15 15:12:43 | INFO     | pnl_engine | Trade processed: venue=OKX trade_id=T00502 trader=TRADER_B symbol=XRPUSDT side=BUY qty=3250 price=0.62671 fee=0.74724812 USDT fee_usdt=0.74724812 | position -1250 -> 2000 realized_pnl 116.5096599999999999999999996 -> 117.9221599999999999999999996
2026-08-15 15:12:43 | INFO     | pnl_engine | Trade processed: venue=OKX trade_id=T00542 trader=TRADER_C symbol=SOLUSDT side=BUY qty=5 price=156.956 fee=0.37413463 USDT fee_usdt=0.37413463 | position -75 -> -70 realized_pnl 170.8687280915032679738562085 -> 165.7563239520697167755991280
2026-08-15 15:12:43 | INFO     | pnl_engine | Trade processed: venue=BYBIT trade_id=T00601 trader=TRADER_D symbol=XRPUSDT side=BUY qty=2000 price=0.62618 fee=0.32627659 USDT fee_usdt=0.32627659 | position -500 -> 1500 realized_pnl -1.797999999999999999999999930 -> -1.572999999999999999999999930
2026-08-15 15:12:43 | INFO     | pnl_engine | Trade processed: venue=BYBIT trade_id=T00519 trader=TRADER_D symbol=XRPUSDT side=SELL qty=2000 price=0.62683 fee=0.55069908 USDT fee_usdt=0.55069908 | position 1500 -> -500 realized_pnl -1.572999999999999999999999930 -> -0.597999999999999999999999930
2026-08-15 15:12:43 | INFO     | pnl_engine | Trade processed: venue=BINANCE trade_id=T00468 trader=TRADER_A symbol=ETHUSDT side=BUY qty=1.5 price=3163.99 fee=2.01628857 USDT fee_usdt=2.01628857 | position -0.25 -> 1.25 realized_pnl 20.17998017250000000000000075 -> 20.63748017250000000000000075
2026-08-15 15:12:43 | INFO     | pnl_engine | Trade processed: venue=BYBIT trade_id=T00107 trader=TRADER_A symbol=SOLUSDT side=SELL qty=10 price=157.042 fee=0.50912457 USDT fee_usdt=0.50912457 | position 5 -> -5 realized_pnl 33.6867663999999999999999925 -> 33.3217663999999999999999925
2026-08-15 15:12:43 | INFO     | pnl_engine | Trade processed: venue=BINANCE trade_id=T00678 trader=TRADER_A symbol=ETHUSDT side=SELL qty=1.25 price=3164.5 fee=1.35268290 USDT fee_usdt=1.35268290 | position 1.25 -> 0 realized_pnl 20.63748017250000000000000075 -> 21.27498017250000000000000075
2026-08-15 15:12:43 | INFO     | pnl_engine | Trade processed: venue=OKX trade_id=T00013 trader=TRADER_C symbol=XRPUSDT side=SELL qty=2000 price=0.62468 fee=0.44690394 USDT fee_usdt=0.44690394 | position 3000 -> 1000 realized_pnl -52.58928852941176470588235310 -> -51.78673950980392156862745110
2026-08-15 15:12:43 | INFO     | pnl_engine | Trade processed: venue=OKX trade_id=T00483 trader=TRADER_B symbol=XRPUSDT side=SELL qty=2000 price=0.6252 fee=0.58129878 USDT fee_usdt=0.58129878 | position 2000 -> 0 realized_pnl 117.9221599999999999999999996 -> 114.9021599999999999999999996
2026-08-15 15:12:43 | INFO     | pnl_engine | Trade processed: venue=BINANCE trade_id=T00402 trader=TRADER_D symbol=ETHUSDT side=SELL qty=1.25 price=3161.96 fee=0.00171798 BNB fee_usdt=1.3958415702 | position 1.25 -> 0 realized_pnl 235.7693919666666666666666652 -> 225.1402252999999999999999990
2026-08-15 15:12:43 | INFO     | pnl_engine | Trade processed: venue=BYBIT trade_id=T00275 trader=TRADER_A symbol=SOLUSDT side=BUY qty=5 price=157.05 fee=0.23370914 USDT fee_usdt=0.23370914 | position -5 -> 0 realized_pnl 33.3217663999999999999999925 -> 33.2817663999999999999999925
2026-08-15 15:12:43 | INFO     | pnl_engine | Trade processed: venue=OKX trade_id=T00178 trader=TRADER_B symbol=XRPUSDT side=SELL qty=1500 price=0.62519 fee=0.35064025 USDT fee_usdt=0.35064025 | position 0 -> -1500 realized_pnl 114.9021599999999999999999996 -> 114.9021599999999999999999996
2026-08-15 15:12:43 | INFO     | pnl_engine | Trade processed: venue=BINANCE trade_id=T00456 trader=TRADER_C symbol=SOLUSDT side=BUY qty=40 price=156.894 fee=1.76065231 USDT fee_usdt=1.76065231 | position 0 -> 40 realized_pnl -159.5258359999999999999999915 -> -159.5258359999999999999999915
2026-08-15 15:12:43 | INFO     | pnl_engine | Trade processed: venue=BINANCE trade_id=T00443 trader=TRADER_D symbol=XRPUSDT side=SELL qty=750 price=0.62421 fee=0.21021730 USDT fee_usdt=0.21021730 | position 250 -> -500 realized_pnl 21.04749999999999999999999928 -> 19.76999999999999999999999928
2026-08-15 15:12:43 | INFO     | pnl_engine | Trade processed: venue=OKX trade_id=T00354 trader=TRADER_B symbol=XRPUSDT side=SELL qty=1250 price=0.62475 fee=0.00028048 BNB fee_usdt=0.2278871952 | position -1500 -> -2750 realized_pnl 114.9021599999999999999999996 -> 114.9021599999999999999999996
2026-08-15 15:12:43 | INFO     | pnl_engine | Trade processed: venue=OKX trade_id=T00408 trader=TRADER_B symbol=ETHUSDT side=SELL qty=0.75 price=3161.17 fee=0.84583353 USDT fee_usdt=0.84583353 | position 1.75 -> 1.00 realized_pnl -8.96500000000000000000000150 -> -20.06714285714285714285714425
2026-08-15 15:12:43 | INFO     | pnl_engine | Trade processed: venue=BINANCE trade_id=T00438 trader=TRADER_D symbol=XRPUSDT side=SELL qty=250 price=0.62547 fee=0.06569379 USDT fee_usdt=0.06569379 | position -500 -> -750 realized_pnl 19.76999999999999999999999928 -> 19.76999999999999999999999928
2026-08-15 15:12:43 | INFO     | pnl_engine | Trade processed: venue=BINANCE trade_id=T00637 trader=TRADER_D symbol=ETHUSDT side=SELL qty=1 price=3161.33 fee=1.35356058 USDT fee_usdt=1.35356058 | position 0 -> -1 realized_pnl 225.1402252999999999999999990 -> 225.1402252999999999999999990
2026-08-15 15:12:43 | INFO     | pnl_engine | Trade processed: venue=BINANCE trade_id=T00265 trader=TRADER_D symbol=ETHUSDT side=SELL qty=1.5 price=3162.95 fee=1.92378592 USDT fee_usdt=1.92378592 | position -1 -> -2.5 realized_pnl 225.1402252999999999999999990 -> 225.1402252999999999999999990
2026-08-15 15:12:43 | INFO     | pnl_engine | Trade processed: venue=BYBIT trade_id=T00169 trader=TRADER_B symbol=SOLUSDT side=SELL qty=25 price=157.034 fee=1.22166574 USDT fee_usdt=1.22166574 | position 40 -> 15 realized_pnl -37.4215170000000000000000015 -> -29.7965170000000000000000015
2026-08-15 15:12:43 | INFO     | pnl_engine | Trade processed: venue=BINANCE trade_id=T00327 trader=TRADER_C symbol=SOLUSDT side=SELL qty=10 price=157.114 fee=0.77093893 USDT fee_usdt=0.77093893 | position 40 -> 30 realized_pnl -159.5258359999999999999999915 -> -157.3258359999999999999999915
2026-08-15 15:12:43 | INFO     | pnl_engine | Trade processed: venue=BINANCE trade_id=T00287 trader=TRADER_C symbol=SOLUSDT side=SELL qty=5 price=157.062 fee=0.21338813 USDT fee_usdt=0.21338813 | position 30 -> 25 realized_pnl -157.3258359999999999999999915 -> -156.4858359999999999999999915
2026-08-15 15:12:43 | INFO     | pnl_engine | Trade processed: venue=OKX trade_id=T00578 trader=TRADER_C symbol=XRPUSDT side=SELL qty=750 price=0.62434 fee=0.00012615 BNB fee_usdt=0.1024956135 | position 1000 -> 250 realized_pnl -51.78673950980392156862745110 -> -51.74078362745098039215686285
2026-08-15 15:12:43 | INFO     | pnl_engine | Trade processed: venue=BYBIT trade_id=T00132 trader=TRADER_B symbol=ETHUSDT side=BUY qty=2 price=3159.5 fee=2.39889720 USDT fee_usdt=2.39889720 | position 1.25 -> 3.25 realized_pnl 139.8407872675000000000000054 -> 139.8407872675000000000000054
2026-08-15 15:12:43 | INFO     | pnl_engine | Trade processed: venue=OKX trade_id=T00725 trader=TRADER_C symbol=BTCUSDT side=BUY qty=0.375 price=63188.51 fee=7.70599454 USDT fee_usdt=7.70599454 | position 0.6875 -> 1.0625 realized_pnl 988.1834023812500000000000024 -> 988.1834023812500000000000024
2026-08-15 15:12:43 | INFO     | pnl_engine | Trade processed: venue=BINANCE trade_id=T00592 trader=TRADER_C symbol=SOLUSDT side=SELL qty=25 price=156.98 fee=1.08920379 USDT fee_usdt=1.08920379 | position 25 -> 0 realized_pnl -156.4858359999999999999999915 -> -154.3358359999999999999999915
2026-08-15 15:12:43 | INFO     | pnl_engine | Trade processed: venue=BINANCE trade_id=T00398 trader=TRADER_A symbol=XRPUSDT side=BUY qty=1000 price=0.62552 fee=0.23059332 USDT fee_usdt=0.23059332 | position 0 -> 1000 realized_pnl 206.8613999999999999999999992 -> 206.8613999999999999999999992
2026-08-15 15:12:43 | INFO     | pnl_engine | Trade processed: venue=BYBIT trade_id=T00455 trader=TRADER_A symbol=SOLUSDT side=SELL qty=25 price=156.872 fee=0.87112527 USDT fee_usdt=0.87112527 | position 0 -> -25 realized_pnl 33.2817663999999999999999925 -> 33.2817663999999999999999925
2026-08-15 15:12:43 | INFO     | pnl_engine | Trade processed: venue=BINANCE trade_id=T00668 trader=TRADER_C symbol=SOLUSDT side=SELL qty=15 price=157.332 fee=0.88141845 USDT fee_usdt=0.88141845 | position 0 -> -15 realized_pnl -154.3358359999999999999999915 -> -154.3358359999999999999999915
2026-08-15 15:12:43 | INFO     | pnl_engine | Trade processed: venue=OKX trade_id=T00688 trader=TRADER_C symbol=SOLUSDT side=BUY qty=30 price=157.541 fee=1.40249637 USDT fee_usdt=1.40249637 | position -70 -> -40 realized_pnl 165.7563239520697167755991280 -> 117.5318991154684095860566450
2026-08-15 15:12:43 | INFO     | pnl_engine | Trade processed: venue=BYBIT trade_id=T00564 trader=TRADER_B symbol=SOLUSDT side=BUY qty=40 price=157.521 fee=1.95237456 USDT fee_usdt=1.95237456 | position 15 -> 55 realized_pnl -29.7965170000000000000000015 -> -29.7965170000000000000000015
2026-08-15 15:12:43 | INFO     | pnl_engine | Trade processed: venue=BYBIT trade_id=T00706 trader=TRADER_A symbol=SOLUSDT side=BUY qty=25 price=157.481 fee=1.36701020 USDT fee_usdt=1.36701020 | position -25 -> 0 realized_pnl 33.2817663999999999999999925 -> 18.0567663999999999999999925
2026-08-15 15:12:43 | INFO     | pnl_engine | Trade processed: venue=OKX trade_id=T00042 trader=TRADER_B symbol=ETHUSDT side=BUY qty=1.25 price=3155.99 fee=1.96372539 USDT fee_usdt=1.96372539 | position 1.00 -> 2.25 realized_pnl -20.06714285714285714285714425 -> -20.06714285714285714285714425
2026-08-15 15:12:43 | INFO     | pnl_engine | Trade processed: venue=BINANCE trade_id=T00486 trader=TRADER_D symbol=ETHUSDT side=BUY qty=0.75 price=3155.11 fee=0.00109978 BNB fee_usdt=0.8908877868 | position -2.5 -> -1.75 realized_pnl 225.1402252999999999999999990 -> 230.5342252999999999999999990
2026-08-15 15:12:43 | INFO     | pnl_engine | Trade processed: venue=OKX trade_id=T00526 trader=TRADER_B symbol=ETHUSDT side=SELL qty=2 price=3155.43 fee=1.44548783 USDT fee_usdt=1.44548783 | position 2.25 -> 0.25 realized_pnl -20.06714285714285714285714425 -> -38.94968253968253968253968425
2026-08-15 15:12:43 | INFO     | pnl_engine | Trade processed: venue=OKX trade_id=T00534 trader=TRADER_C symbol=XRPUSDT side=SELL qty=2000 price=0.62411 fee=0.55453094 USDT fee_usdt=0.55453094 | position 250 -> -1750 realized_pnl -51.74078362745098039215686285 -> -51.78296500000000000000000010
2026-08-15 15:12:43 | INFO     | pnl_engine | Trade processed: venue=BINANCE trade_id=T00404 trader=TRADER_A symbol=ETHUSDT side=BUY qty=0.5 price=3154.86 fee=0.72113739 USDT fee_usdt=0.72113739 | position 0 -> 0.5 realized_pnl 21.27498017250000000000000075 -> 21.27498017250000000000000075
2026-08-15 15:12:43 | INFO     | pnl_engine | Trade processed: venue=OKX trade_id=T00044 trader=TRADER_C symbol=SOLUSDT side=SELL qty=5 price=157.906 fee=0.00029900 BNB fee_usdt=0.2414245600 | position -40 -> -45 realized_pnl 117.5318991154684095860566450 -> 117.5318991154684095860566450
2026-08-15 15:12:43 | INFO     | pnl_engine | Trade processed: venue=BYBIT trade_id=T00302 trader=TRADER_D symbol=XRPUSDT side=BUY qty=1500 price=0.6246 fee=0.40548298 USDT fee_usdt=0.40548298 | position -500 -> 1000 realized_pnl -0.597999999999999999999999930 -> 0.517000000000000000000000070
2026-08-15 15:12:43 | INFO     | pnl_engine | Trade processed: venue=BYBIT trade_id=T00338 trader=TRADER_B symbol=SOLUSDT side=BUY qty=40 price=157.734 fee=2.76790660 USDT fee_usdt=2.76790660 | position 55 -> 95 realized_pnl -29.7965170000000000000000015 -> -29.7965170000000000000000015
2026-08-15 15:12:43 | INFO     | pnl_engine | Trade processed: venue=BYBIT trade_id=T00081 trader=TRADER_A symbol=SOLUSDT side=BUY qty=40 price=157.821 fee=3.15261611 USDT fee_usdt=3.15261611 | position 0 -> 40 realized_pnl 18.0567663999999999999999925 -> 18.0567663999999999999999925
2026-08-15 15:12:43 | INFO     | pnl_engine | Trade processed: venue=OKX trade_id=T00471 trader=TRADER_C symbol=BTCUSDT side=BUY qty=0.1875 price=63296.74 fee=5.90493134 USDT fee_usdt=5.90493134 | position 1.0625 -> 1.2500 realized_pnl 988.1834023812500000000000024 -> 988.1834023812500000000000024
2026-08-15 15:12:43 | INFO     | pnl_engine | Trade processed: venue=BINANCE trade_id=T00511 trader=TRADER_A symbol=ETHUSDT side=SELL qty=1.5 price=3146.35 fee=1.98298908 USDT fee_usdt=1.98298908 | position 0.5 -> -1.0 realized_pnl 21.27498017250000000000000075 -> 17.01998017250000000000000075
2026-08-15 15:12:43 | INFO     | pnl_engine | Trade processed: venue=OKX trade_id=T00420 trader=TRADER_C symbol=BTCUSDT side=SELL qty=0.125 price=63367.23 fee=3.00918216 USDT fee_usdt=3.00918216 | position 1.2500 -> 1.1250 realized_pnl 988.1834023812500000000000024 -> 1034.855761756250000000000002
2026-08-15 15:12:43 | INFO     | pnl_engine | Trade processed: venue=BINANCE trade_id=T00622 trader=TRADER_D symbol=XRPUSDT side=SELL qty=500 price=0.62429 fee=0.14521779 USDT fee_usdt=0.14521779 | position -750 -> -1250 realized_pnl 19.76999999999999999999999928 -> 19.76999999999999999999999928
2026-08-15 15:12:43 | INFO     | pnl_engine | Trade processed: venue=BINANCE trade_id=T00262 trader=TRADER_D symbol=ETHUSDT side=BUY qty=0.25 price=3152.76 fee=0.22890534 USDT fee_usdt=0.22890534 | position -1.75 -> -1.50 realized_pnl 230.5342252999999999999999990 -> 232.9197252999999999999999990
2026-08-15 15:12:43 | INFO     | pnl_engine | Trade processed: venue=OKX trade_id=T00434 trader=TRADER_C symbol=BTCUSDT side=SELL qty=0.25 price=63247.49 fee=5.10902750 USDT fee_usdt=5.10902750 | position 1.1250 -> 0.8750 realized_pnl 1034.855761756250000000000002 -> 1098.265480506250000000000002
2026-08-15 15:12:43 | INFO     | pnl_engine | Trade processed: venue=BINANCE trade_id=T00031 trader=TRADER_C symbol=SOLUSDT side=SELL qty=20 price=157.881 fee=0.97097242 USDT fee_usdt=0.97097242 | position -15 -> -35 realized_pnl -154.3358359999999999999999915 -> -154.3358359999999999999999915
2026-08-15 15:12:43 | INFO     | pnl_engine | Trade processed: venue=BINANCE trade_id=T00140 trader=TRADER_A symbol=BTCUSDT side=SELL qty=0.375 price=63300.1 fee=11.79601207 USDT fee_usdt=11.79601207 | position 0.8750 -> 0.5000 realized_pnl 455.3730435691666666666666888 -> 576.4489810691666666666666900
2026-08-15 15:12:43 | INFO     | pnl_engine | Trade processed: venue=OKX trade_id=T00309 trader=TRADER_B symbol=ETHUSDT side=BUY qty=0.25 price=3149.07 fee=0.20860499 USDT fee_usdt=0.20860499 | position 0.25 -> 0.50 realized_pnl -38.94968253968253968253968425 -> -38.94968253968253968253968425
2026-08-15 15:12:43 | INFO     | pnl_engine | Trade processed: venue=BYBIT trade_id=T00093 trader=TRADER_B symbol=SOLUSDT side=SELL qty=5 price=157.855 fee=0.34961130 USDT fee_usdt=0.34961130 | position 95 -> 90 realized_pnl -29.7965170000000000000000015 -> -27.9496748947368421052631595
2026-08-15 15:12:43 | INFO     | pnl_engine | Trade processed: venue=BYBIT trade_id=T00745 trader=TRADER_B symbol=ETHUSDT side=SELL qty=1 price=3152.61 fee=1.10074205 USDT fee_usdt=1.10074205 | position 3.25 -> 2.25 realized_pnl 139.8407872675000000000000054 -> 133.1277103444230769230769284
2026-08-15 15:12:43 | INFO     | pnl_engine | Trade processed: venue=BYBIT trade_id=T00693 trader=TRADER_B symbol=SOLUSDT side=SELL qty=5 price=157.712 fee=0.36019012 USDT fee_usdt=0.36019012 | position 90 -> 85 realized_pnl -27.9496748947368421052631595 -> -26.8178327894736842105263175
2026-08-15 15:12:43 | INFO     | pnl_engine | Trade processed: venue=BYBIT trade_id=T00720 trader=TRADER_A symbol=BTCUSDT side=BUY qty=0.5 price=63323.42 fee=10.17715142 USDT fee_usdt=10.17715142 | position 0.3125 -> 0.8125 realized_pnl -178.9281249999999999999999982 -> -178.9281249999999999999999982
2026-08-15 15:12:43 | INFO     | pnl_engine | Trade processed: venue=BINANCE trade_id=T00191 trader=TRADER_A symbol=BTCUSDT side=BUY qty=0.375 price=63190.97 fee=8.06506589 USDT fee_usdt=8.06506589 | position 0.5000 -> 0.8750 realized_pnl 576.4489810691666666666666900 -> 576.4489810691666666666666900
2026-08-15 15:12:43 | INFO     | pnl_engine | Trade processed: venue=OKX trade_id=T00554 trader=TRADER_B symbol=XRPUSDT side=BUY qty=1500 price=0.62627 fee=0.00034958 BNB fee_usdt=0.2823347912 | position -2750 -> -1250 realized_pnl 114.9021599999999999999999996 -> 112.9821599999999999999999996
2026-08-15 15:12:43 | INFO     | pnl_engine | Trade processed: venue=OKX trade_id=T00660 trader=TRADER_C symbol=XRPUSDT side=SELL qty=250 price=0.62733 fee=0.03291917 USDT fee_usdt=0.03291917 | position -1750 -> -2000 realized_pnl -51.78296500000000000000000010 -> -51.78296500000000000000000010
2026-08-15 15:12:43 | INFO     | pnl_engine | Trade processed: venue=OKX trade_id=T00475 trader=TRADER_C symbol=SOLUSDT side=SELL qty=10 price=157.312 fee=0.39249657 USDT fee_usdt=0.39249657 | position -45 -> -55 realized_pnl 117.5318991154684095860566450 -> 117.5318991154684095860566450
2026-08-15 15:12:43 | INFO     | pnl_engine | Trade processed: venue=BINANCE trade_id=T00220 trader=TRADER_C symbol=SOLUSDT side=BUY qty=35 price=157.216 fee=0.00157140 BNB fee_usdt=1.2691254960 | position -35 -> 0 realized_pnl -154.3358359999999999999999915 -> -139.2958359999999999999999910
2026-08-15 15:12:43 | INFO     | pnl_engine | Trade processed: venue=OKX trade_id=T00143 trader=TRADER_C symbol=SOLUSDT side=SELL qty=5 price=157.519 fee=0.31154443 USDT fee_usdt=0.31154443 | position -55 -> -60 realized_pnl 117.5318991154684095860566450 -> 117.5318991154684095860566450
2026-08-15 15:12:43 | INFO     | pnl_engine | Trade processed: venue=OKX trade_id=T00663 trader=TRADER_B symbol=ETHUSDT side=SELL qty=1.25 price=3153.13 fee=1.07512950 USDT fee_usdt=1.07512950 | position 0.50 -> -0.75 realized_pnl -38.94968253968253968253968425 -> -40.87000000000000000000000225
2026-08-15 15:12:43 | INFO     | pnl_engine | Trade processed: venue=OKX trade_id=T00114 trader=TRADER_C symbol=XRPUSDT side=BUY qty=4750 price=0.62727 fee=0.74521492 USDT fee_usdt=0.74521492 | position -2000 -> 2750 realized_pnl -51.78296500000000000000000010 -> -57.29796500000000000000000010
2026-08-15 15:12:43 | INFO     | pnl_engine | Trade processed: venue=OKX trade_id=T00599 trader=TRADER_C symbol=SOLUSDT side=BUY qty=135 price=157.368 fee=10.21526607 USDT fee_usdt=10.21526607 | position -60 -> 75 realized_pnl 117.5318991154684095860566450 -> 63.0376660000000000000000030
2026-08-15 15:12:43 | INFO     | pnl_engine | Trade processed: venue=BINANCE trade_id=T00547 trader=TRADER_A symbol=BTCUSDT side=BUY qty=0.125 price=63216.19 fee=2.67715853 USDT fee_usdt=2.67715853 | position 0.8750 -> 1.0000 realized_pnl 576.4489810691666666666666900 -> 576.4489810691666666666666900
2026-08-15 15:12:43 | INFO     | pnl_engine | Trade processed: venue=OKX trade_id=T00589 trader=TRADER_C symbol=BTCUSDT side=BUY qty=0.0625 price=63265.27 fee=0.00138829 BNB fee_usdt=1.1212385356 | position 0.8750 -> 0.9375 realized_pnl 1098.265480506250000000000002 -> 1098.265480506250000000000002
2026-08-15 15:12:43 | INFO     | pnl_engine | Trade processed: venue=BINANCE trade_id=T00515 trader=TRADER_A symbol=BTCUSDT side=SELL qty=0.5 price=63283.28 fee=13.29940207 USDT fee_usdt=13.29940207 | position 1.0000 -> 0.5000 realized_pnl 576.4489810691666666666666900 -> 674.4625227358333333333333600
2026-08-15 15:12:43 | INFO     | pnl_engine | Trade processed: venue=OKX trade_id=T00165 trader=TRADER_C symbol=XRPUSDT side=BUY qty=1500 price=0.62643 fee=0.00043482 BNB fee_usdt=0.3511780248 | position 2750 -> 4250 realized_pnl -57.29796500000000000000000010 -> -57.29796500000000000000000010
2026-08-15 15:12:43 | INFO     | pnl_engine | Trade processed: venue=BYBIT trade_id=T00570 trader=TRADER_A symbol=BTCUSDT side=BUY qty=0.375 price=63215.1 fee=0.01025283 BNB fee_usdt=8.2805956212 | position 0.8125 -> 1.1875 realized_pnl -178.9281249999999999999999982 -> -178.9281249999999999999999982
2026-08-15 15:12:43 | INFO     | pnl_engine | Trade processed: venue=BYBIT trade_id=T00233 trader=TRADER_A symbol=BTCUSDT side=SELL qty=0.375 price=63186.77 fee=9.17105890 USDT fee_usdt=9.17105890 | position 1.1875 -> 0.8125 realized_pnl -178.9281249999999999999999982 -> -191.6500986842105263157894707
2026-08-15 15:12:43 | INFO     | pnl_engine | Trade processed: venue=BYBIT trade_id=T00288 trader=TRADER_A symbol=SOLUSDT side=BUY qty=10 price=157.412 fee=0.53174553 USDT fee_usdt=0.53174553 | position 40 -> 50 realized_pnl 18.0567663999999999999999925 -> 18.0567663999999999999999925
2026-08-15 15:12:43 | INFO     | pnl_engine | Trade processed: venue=BYBIT trade_id=T00621 trader=TRADER_B symbol=ETHUSDT side=SELL qty=0.25 price=3150.81 fee=0.21055042 USDT fee_usdt=0.21055042 | position 2.25 -> 2.00 realized_pnl 133.1277103444230769230769284 -> 130.9994411136538461538461592
2026-08-15 15:12:43 | INFO     | pnl_engine | Trade processed: venue=BINANCE trade_id=T00103 trader=TRADER_C symbol=SOLUSDT side=BUY qty=10 price=157.197 fee=0.73658112 USDT fee_usdt=0.73658112 | position 0 -> 10 realized_pnl -139.2958359999999999999999910 -> -139.2958359999999999999999910
2026-08-15 15:12:43 | INFO     | pnl_engine | Trade processed: venue=BYBIT trade_id=T00467 trader=TRADER_B symbol=SOLUSDT side=SELL qty=40 price=157.556 fee=1.50618661 USDT fee_usdt=1.50618661 | position 85 -> 45 realized_pnl -26.8178327894736842105263175 -> -24.0030959473684210526315815
2026-08-15 15:12:43 | INFO     | pnl_engine | Trade processed: venue=BYBIT trade_id=T00290 trader=TRADER_A symbol=BTCUSDT side=BUY qty=0.0625 price=63183.13 fee=0.00200387 BNB fee_usdt=1.6163616194 | position 0.8125 -> 0.8750 realized_pnl -191.6500986842105263157894707 -> -191.6500986842105263157894707
2026-08-15 15:12:43 | INFO     | pnl_engine | Trade processed: venue=OKX trade_id=T00072 trader=TRADER_B symbol=XRPUSDT side=BUY qty=1250 price=0.62704 fee=0.28659253 USDT fee_usdt=0.28659253 | position -1250 -> 0 realized_pnl 112.9821599999999999999999996 -> 110.4196599999999999999999996
2026-08-15 15:12:43 | INFO     | pnl_engine | Trade processed: venue=OKX trade_id=T00659 trader=TRADER_B symbol=ETHUSDT side=BUY qty=0.25 price=3146 fee=0.00025309 BNB fee_usdt=0.2041474558 | position -0.75 -> -0.50 realized_pnl -40.87000000000000000000000225 -> -39.08750000000000000000000225
2026-08-15 15:12:43 | INFO     | pnl_engine | Trade processed: venue=BYBIT trade_id=T00465 trader=TRADER_B symbol=ETHUSDT side=BUY qty=0.25 price=3146.13 fee=0.17485539 USDT fee_usdt=0.17485539 | position 2.00 -> 2.25 realized_pnl 130.9994411136538461538461592 -> 130.9994411136538461538461592
2026-08-15 15:12:43 | INFO     | pnl_engine | Trade processed: venue=OKX trade_id=T00237 trader=TRADER_B symbol=ETHUSDT side=SELL qty=2 price=3144.21 fee=2.53776362 USDT fee_usdt=2.53776362 | position -0.50 -> -2.50 realized_pnl -39.08750000000000000000000225 -> -39.08750000000000000000000225
2026-08-15 15:12:43 | INFO     | pnl_engine | Trade processed: venue=BYBIT trade_id=T00383 trader=TRADER_A symbol=SOLUSDT side=SELL qty=5 price=157.472 fee=0.27797395 USDT fee_usdt=0.27797395 | position 50 -> 45 realized_pnl 18.0567663999999999999999925 -> 16.7207663999999999999999925
2026-08-15 15:12:43 | INFO     | pnl_engine | Trade processed: venue=BYBIT trade_id=T00729 trader=TRADER_B symbol=ETHUSDT side=SELL qty=1.25 price=3139.05 fee=1.83866803 USDT fee_usdt=1.83866803 | position 2.25 -> 1.00 realized_pnl 130.9994411136538461538461592 -> 107.4904667546794871794871842
2026-08-15 15:12:43 | INFO     | pnl_engine | Trade processed: venue=OKX trade_id=T00509 trader=TRADER_B symbol=ETHUSDT side=SELL qty=0.75 price=3139.57 fee=0.00142432 BNB fee_usdt=1.1488849984 | position -2.50 -> -3.25 realized_pnl -39.08750000000000000000000225 -> -39.08750000000000000000000225
2026-08-15 15:12:43 | INFO     | pnl_engine | Trade processed: venue=OKX trade_id=T00167 trader=TRADER_C symbol=XRPUSDT side=BUY qty=500 price=0.62752 fee=0.08546406 USDT fee_usdt=0.08546406 | position 4250 -> 4750 realized_pnl -57.29796500000000000000000010 -> -57.29796500000000000000000010
2026-08-15 15:12:43 | INFO     | pnl_engine | Trade processed: venue=BINANCE trade_id=T00280 trader=TRADER_D symbol=ETHUSDT side=SELL qty=0.5 price=3144.03 fee=0.69213986 USDT fee_usdt=0.69213986 | position -1.50 -> -2.00 realized_pnl 232.9197252999999999999999990 -> 232.9197252999999999999999990
2026-08-15 15:12:43 | INFO     | pnl_engine | Trade processed: venue=OKX trade_id=T00407 trader=TRADER_C symbol=SOLUSDT side=BUY qty=10 price=157.494 fee=0.35683487 USDT fee_usdt=0.35683487 | position 75 -> 85 realized_pnl 63.0376660000000000000000030 -> 63.0376660000000000000000030
2026-08-15 15:12:43 | INFO     | pnl_engine | Trade processed: venue=OKX trade_id=T00080 trader=TRADER_C symbol=SOLUSDT side=SELL qty=5 price=157.742 fee=0.00047767 BNB fee_usdt=0.3852981754 | position 85 -> 80 realized_pnl 63.0376660000000000000000030 -> 64.8335483529411764705882385
2026-08-15 15:12:43 | INFO     | pnl_engine | Trade processed: venue=BYBIT trade_id=T00431 trader=TRADER_D symbol=XRPUSDT side=BUY qty=500 price=0.62841 fee=0.00009297 BNB fee_usdt=0.0749914614 | position 1000 -> 1500 realized_pnl 0.517000000000000000000000070 -> 0.517000000000000000000000070
2026-08-15 15:12:43 | INFO     | pnl_engine | Trade processed: venue=OKX trade_id=T00462 trader=TRADER_B symbol=ETHUSDT side=BUY qty=0.75 price=3142.72 fee=0.00070372 BNB fee_usdt=0.5676346264 | position -3.25 -> -2.50 realized_pnl -39.08750000000000000000000225 -> -37.74384615384615384615384875
2026-08-15 15:12:43 | INFO     | pnl_engine | Trade processed: venue=OKX trade_id=T00477 trader=TRADER_C symbol=BTCUSDT side=SELL qty=0.0625 price=63185.81 fee=1.50956380 USDT fee_usdt=1.50956380 | position 0.9375 -> 0.8750 realized_pnl 1098.265480506250000000000002 -> 1109.131998214583333333333335
2026-08-15 15:12:43 | INFO     | pnl_engine | Trade processed: venue=BINANCE trade_id=T00029 trader=TRADER_D symbol=XRPUSDT side=SELL qty=500 price=0.62818 fee=0.11135661 USDT fee_usdt=0.11135661 | position -1250 -> -1750 realized_pnl 19.76999999999999999999999928 -> 19.76999999999999999999999928
2026-08-15 15:12:43 | INFO     | pnl_engine | Trade processed: venue=OKX trade_id=T00586 trader=TRADER_C symbol=XRPUSDT side=SELL qty=1000 price=0.62794 fee=0.00019548 BNB fee_usdt=0.1576780776 | position 4750 -> 3750 realized_pnl -57.29796500000000000000000010 -> -56.38901763157894736842105270
2026-08-15 15:12:43 | INFO     | pnl_engine | Trade processed: venue=BINANCE trade_id=T00428 trader=TRADER_A symbol=ETHUSDT side=SELL qty=0.75 price=3130.06 fee=0.86752995 USDT fee_usdt=0.86752995 | position -1.0 -> -1.75 realized_pnl 17.01998017250000000000000075 -> 17.01998017250000000000000075
2026-08-15 15:12:43 | INFO     | pnl_engine | Trade processed: venue=OKX trade_id=T00332 trader=TRADER_C symbol=BTCUSDT side=BUY qty=0.1875 price=63386.66 fee=3.76844757 USDT fee_usdt=3.76844757 | position 0.8750 -> 1.0625 realized_pnl 1109.131998214583333333333335 -> 1109.131998214583333333333335
2026-08-15 15:12:43 | INFO     | pnl_engine | Trade processed: venue=BINANCE trade_id=T00644 trader=TRADER_A symbol=XRPUSDT side=SELL qty=1250 price=0.62792 fee=0.18953539 USDT fee_usdt=0.18953539 | position 1000 -> -250 realized_pnl 206.8613999999999999999999992 -> 209.2613999999999999999999992
2026-08-15 15:12:43 | INFO     | pnl_engine | Trade processed: venue=BINANCE trade_id=T00130 trader=TRADER_D symbol=ETHUSDT side=SELL qty=1.5 price=3126.89 fee=0.00180383 BNB fee_usdt=1.4583785167 | position -2.00 -> -3.50 realized_pnl 232.9197252999999999999999990 -> 232.9197252999999999999999990
2026-08-15 15:12:43 | INFO     | pnl_engine | Trade processed: venue=BYBIT trade_id=T00199 trader=TRADER_B symbol=SOLUSDT side=SELL qty=25 price=156.801 fee=0.85988750 USDT fee_usdt=0.85988750 | position 45 -> 20 realized_pnl -24.0030959473684210526315815 -> -41.1188854210526315789473715
2026-08-15 15:12:43 | INFO     | pnl_engine | Trade processed: venue=BINANCE trade_id=T00312 trader=TRADER_C symbol=SOLUSDT side=SELL qty=20 price=156.973 fee=0.79376223 USDT fee_usdt=0.79376223 | position 10 -> -10 realized_pnl -139.2958359999999999999999910 -> -141.5358359999999999999999910
2026-08-15 15:12:43 | INFO     | pnl_engine | Trade processed: venue=BYBIT trade_id=T00654 trader=TRADER_D symbol=XRPUSDT side=SELL qty=1500 price=0.62786 fee=0.43023929 USDT fee_usdt=0.43023929 | position 1500 -> 0 realized_pnl 0.517000000000000000000000070 -> 3.502000000000000000000000070
2026-08-15 15:12:43 | INFO     | pnl_engine | Trade processed: venue=BYBIT trade_id=T00100 trader=TRADER_A symbol=BTCUSDT side=SELL qty=0.125 price=63283.43 fee=0.00456118 BNB fee_usdt=3.6876684182 | position 0.8750 -> 0.7500 realized_pnl -191.6500986842105263157894707 -> -183.4728524436090225563909732
2026-08-15 15:12:43 | INFO     | pnl_engine | Trade processed: venue=BYBIT trade_id=T00645 trader=TRADER_A symbol=BTCUSDT side=BUY qty=0.25 price=63380 fee=0.00408544 BNB fee_usdt=3.3030373856 | position 0.7500 -> 1.0000 realized_pnl -183.4728524436090225563909732 -> -183.4728524436090225563909732
2026-08-15 15:12:43 | INFO     | pnl_engine | Trade processed: venue=BINANCE trade_id=T00524 trader=TRADER_C symbol=SOLUSDT side=BUY qty=5 price=156.952 fee=0.31706943 USDT fee_usdt=0.31706943 | position -10 -> -5 realized_pnl -141.5358359999999999999999910 -> -141.4308359999999999999999910
2026-08-15 15:12:43 | INFO     | pnl_engine | Trade processed: venue=OKX trade_id=T00369 trader=TRADER_C symbol=SOLUSDT side=BUY qty=30 price=156.978 fee=0.96456588 USDT fee_usdt=0.96456588 | position 80 -> 110 realized_pnl 64.8335483529411764705882385 -> 64.8335483529411764705882385
2026-08-15 15:12:43 | INFO     | pnl_engine | Trade processed: venue=BYBIT trade_id=T00512 trader=TRADER_A symbol=SOLUSDT side=SELL qty=20 price=156.829 fee=0.90488539 USDT fee_usdt=0.90488539 | position 45 -> 25 realized_pnl 16.7207663999999999999999925 -> -1.4832336000000000000000075
2026-08-15 15:12:43 | INFO     | pnl_engine | Trade processed: venue=BYBIT trade_id=T00504 trader=TRADER_A symbol=SOLUSDT side=BUY qty=5 price=156.781 fee=0.26394340 USDT fee_usdt=0.26394340 | position 25 -> 30 realized_pnl -1.4832336000000000000000075 -> -1.4832336000000000000000075
2026-08-15 15:12:43 | INFO     | pnl_engine | Trade processed: venue=BYBIT trade_id=T00427 trader=TRADER_B symbol=SOLUSDT side=SELL qty=10 price=156.944 fee=0.61820787 USDT fee_usdt=0.61820787 | position 20 -> 10 realized_pnl -41.1188854210526315789473715 -> -46.5352012105263157894736875
2026-08-15 15:12:43 | INFO     | pnl_engine | Trade processed: venue=BINANCE trade_id=T00676 trader=TRADER_D symbol=XRPUSDT side=BUY qty=250 price=0.62694 fee=0.07262636 USDT fee_usdt=0.07262636 | position -1750 -> -1500 realized_pnl 19.76999999999999999999999928 -> 19.42178571428571428571428500
2026-08-15 15:12:43 | INFO     | pnl_engine | Trade processed: venue=BINANCE trade_id=T00677 trader=TRADER_C symbol=SOLUSDT side=BUY qty=5 price=156.935 fee=0.29011182 USDT fee_usdt=0.29011182 | position -5 -> 0 realized_pnl -141.4308359999999999999999910 -> -141.2408359999999999999999910
2026-08-15 15:12:43 | INFO     | pnl_engine | Trade processed: venue=BINANCE trade_id=T00015 trader=TRADER_D symbol=ETHUSDT side=BUY qty=1.5 price=3128.95 fee=1.04480389 USDT fee_usdt=1.04480389 | position -3.50 -> -2.00 realized_pnl 232.9197252999999999999999990 -> 256.2674395857142857142857135
2026-08-15 15:12:43 | INFO     | pnl_engine | Trade processed: venue=OKX trade_id=T00206 trader=TRADER_C symbol=BTCUSDT side=BUY qty=0.125 price=63254.45 fee=0.00340358 BNB fee_usdt=2.7528495398 | position 1.0625 -> 1.1875 realized_pnl 1109.131998214583333333333335 -> 1109.131998214583333333333335
2026-08-15 15:12:43 | INFO     | pnl_engine | Trade processed: venue=BINANCE trade_id=T00437 trader=TRADER_D symbol=XRPUSDT side=SELL qty=250 price=0.62552 fee=0.07235164 USDT fee_usdt=0.07235164 | position -1500 -> -1750 realized_pnl 19.42178571428571428571428500 -> 19.42178571428571428571428500
2026-08-15 15:12:43 | INFO     | pnl_engine | Trade processed: venue=BYBIT trade_id=T00039 trader=TRADER_B symbol=ETHUSDT side=BUY qty=2 price=3132.3 fee=1.57782486 USDT fee_usdt=1.57782486 | position 1.00 -> 3.00 realized_pnl 107.4904667546794871794871842 -> 107.4904667546794871794871842
2026-08-15 15:12:43 | INFO     | pnl_engine | Trade processed: venue=BINANCE trade_id=T00070 trader=TRADER_D symbol=ETHUSDT side=SELL qty=0.5 price=3128.07 fee=0.72690570 USDT fee_usdt=0.72690570 | position -2.00 -> -2.50 realized_pnl 256.2674395857142857142857135 -> 256.2674395857142857142857135
2026-08-15 15:12:43 | INFO     | pnl_engine | Trade processed: venue=BINANCE trade_id=T00495 trader=TRADER_A symbol=XRPUSDT side=BUY qty=500 price=0.62548 fee=0.00018473 BNB fee_usdt=0.1494114713 | position -250 -> 250 realized_pnl 209.2613999999999999999999992 -> 209.8713999999999999999999992
2026-08-15 15:12:43 | INFO     | pnl_engine | Trade processed: venue=BYBIT trade_id=T00510 trader=TRADER_B symbol=SOLUSDT side=SELL qty=20 price=157.059 fee=0.95444792 USDT fee_usdt=0.95444792 | position 10 -> -10 realized_pnl -46.5352012105263157894736875 -> -50.8015170000000000000000035
2026-08-15 15:12:43 | INFO     | pnl_engine | Trade processed: venue=BINANCE trade_id=T00127 trader=TRADER_A symbol=ETHUSDT side=BUY qty=0.75 price=3131.99 fee=0.74439667 USDT fee_usdt=0.74439667 | position -1.75 -> -1.00 realized_pnl 17.01998017250000000000000075 -> 22.55390874392857142857142900
2026-08-15 15:12:43 | INFO     | pnl_engine | Trade processed: venue=BINANCE trade_id=T00446 trader=TRADER_D symbol=XRPUSDT side=SELL qty=1000 price=0.625 fee=0.27175880 USDT fee_usdt=0.27175880 | position -1750 -> -2750 realized_pnl 19.42178571428571428571428500 -> 19.42178571428571428571428500
2026-08-15 15:12:43 | INFO     | pnl_engine | Trade processed: venue=BYBIT trade_id=T00236 trader=TRADER_D symbol=XRPUSDT side=BUY qty=1500 price=0.62439 fee=0.30795504 USDT fee_usdt=0.30795504 | position 0 -> 1500 realized_pnl 3.502000000000000000000000070 -> 3.502000000000000000000000070
2026-08-15 15:12:43 | INFO     | pnl_engine | Trade processed: venue=OKX trade_id=T00115 trader=TRADER_C symbol=XRPUSDT side=SELL qty=2000 price=0.62564 fee=0.00035920 BNB fee_usdt=0.2905245520 | position 3750 -> 1750 realized_pnl -56.38901763157894736842105270 -> -59.17112289473684210526315790
2026-08-15 15:12:43 | INFO     | pnl_engine | Trade processed: venue=BYBIT trade_id=T00399 trader=TRADER_B symbol=ETHUSDT side=BUY qty=0.25 price=3125.99 fee=0.22613068 USDT fee_usdt=0.22613068 | position 3.00 -> 3.25 realized_pnl 107.4904667546794871794871842 -> 107.4904667546794871794871842
2026-08-15 15:12:43 | INFO     | pnl_engine | Trade processed: venue=BYBIT trade_id=T00391 trader=TRADER_A symbol=BTCUSDT side=BUY qty=0.25 price=63305.02 fee=4.62563493 USDT fee_usdt=4.62563493 | position 1.0000 -> 1.2500 realized_pnl -183.4728524436090225563909732 -> -183.4728524436090225563909732
2026-08-15 15:12:43 | INFO     | pnl_engine | Trade processed: venue=BINANCE trade_id=T00506 trader=TRADER_A symbol=BTCUSDT side=SELL qty=0.375 price=63277.84 fee=9.33081579 USDT fee_usdt=9.33081579 | position 0.5000 -> 0.1250 realized_pnl 674.4625227358333333333333600 -> 745.9326789858333333333333625
2026-08-15 15:12:43 | INFO     | pnl_engine | Trade processed: venue=BINANCE trade_id=T00535 trader=TRADER_D symbol=ETHUSDT side=BUY qty=0.75 price=3133.01 fee=0.49317079 USDT fee_usdt=0.49317079 | position -2.50 -> -1.75 realized_pnl 256.2674395857142857142857135 -> 262.4295252999999999999999990
2026-08-15 15:12:43 | INFO     | pnl_engine | Trade processed: venue=BYBIT trade_id=T00378 trader=TRADER_A symbol=BTCUSDT side=BUY qty=0.125 price=63237.21 fee=0.00488291 BNB fee_usdt=3.9493464371 | position 1.2500 -> 1.3750 realized_pnl -183.4728524436090225563909732 -> -183.4728524436090225563909732
2026-08-15 15:12:43 | INFO     | pnl_engine | Trade processed: venue=BYBIT trade_id=T00120 trader=TRADER_A symbol=BTCUSDT side=SELL qty=1.375 price=63324.92 fee=42.59085690 USDT fee_usdt=42.59085690 | position 1.3750 -> 0 realized_pnl -183.4728524436090225563909732 -> -101.1231249999999999999999970
2026-08-15 15:12:43 | INFO     | pnl_engine | Trade processed: venue=BYBIT trade_id=T00253 trader=TRADER_B symbol=ETHUSDT side=SELL qty=1.5 price=3135.64 fee=1.29384806 USDT fee_usdt=1.29384806 | position 3.25 -> 1.75 realized_pnl 107.4904667546794871794871842 -> 101.4329223759812623274161777
2026-08-15 15:12:43 | INFO     | pnl_engine | Trade processed: venue=OKX trade_id=T00360 trader=TRADER_C symbol=BTCUSDT side=SELL qty=0.375 price=63226.26 fee=6.99051360 USDT fee_usdt=6.99051360 | position 1.1875 -> 0.8125 realized_pnl 1109.131998214583333333333335 -> 1157.740287030372807017543860
2026-08-15 15:12:43 | INFO     | pnl_engine | Trade processed: venue=OKX trade_id=T00240 trader=TRADER_C symbol=XRPUSDT side=SELL qty=3750 price=0.62429 fee=0.84971137 USDT fee_usdt=0.84971137 | position 1750 -> -2000 realized_pnl -59.17112289473684210526315790 -> -63.96796499999999999999999995
2026-08-15 15:12:43 | INFO     | pnl_engine | Trade processed: venue=BINANCE trade_id=T00384 trader=TRADER_D symbol=XRPUSDT side=SELL qty=500 price=0.62511 fee=0.15314975 USDT fee_usdt=0.15314975 | position -2750 -> -3250 realized_pnl 19.42178571428571428571428500 -> 19.42178571428571428571428500
2026-08-15 15:12:43 | INFO     | pnl_engine | Trade processed: venue=BINANCE trade_id=T00680 trader=TRADER_C symbol=SOLUSDT side=BUY qty=25 price=156.885 fee=0.82199236 USDT fee_usdt=0.82199236 | position 0 -> 25 realized_pnl -141.2408359999999999999999910 -> -141.2408359999999999999999910
2026-08-15 15:12:43 | INFO     | pnl_engine | Trade processed: venue=BINANCE trade_id=T00158 trader=TRADER_A symbol=XRPUSDT side=SELL qty=500 price=0.62469 fee=0.15304474 USDT fee_usdt=0.15304474 | position 250 -> -250 realized_pnl 209.8713999999999999999999992 -> 209.6738999999999999999999992
2026-08-15 15:12:43 | INFO     | pnl_engine | Trade processed: venue=BYBIT trade_id=T00062 trader=TRADER_B symbol=ETHUSDT side=SELL qty=1.5 price=3137.12 fee=2.00649953 USDT fee_usdt=2.00649953 | position 1.75 -> 0.25 realized_pnl 101.4329223759812623274161777 -> 97.5953779972830374753451712
2026-08-15 15:12:43 | INFO     | pnl_engine | Trade processed: venue=OKX trade_id=T00558 trader=TRADER_B symbol=XRPUSDT side=SELL qty=2000 price=0.6241 fee=0.56261701 USDT fee_usdt=0.56261701 | position 0 -> -2000 realized_pnl 110.4196599999999999999999996 -> 110.4196599999999999999999996
2026-08-15 15:12:43 | INFO     | pnl_engine | Trade processed: venue=OKX trade_id=T00166 trader=TRADER_B symbol=ETHUSDT side=BUY qty=1.25 price=3135.94 fee=1.53701049 USDT fee_usdt=1.53701049 | position -2.50 -> -1.25 realized_pnl -37.74384615384615384615384875 -> -27.02942307692307692307692625
2026-08-15 15:12:43 | INFO     | pnl_engine | Trade processed: venue=OKX trade_id=T00710 trader=TRADER_C symbol=XRPUSDT side=SELL qty=250 price=0.62462 fee=0.00004077 BNB fee_usdt=0.0330102459 | position -2000 -> -2250 realized_pnl -63.96796499999999999999999995 -> -63.96796499999999999999999995
2026-08-15 15:12:43 | INFO     | pnl_engine | Trade processed: venue=BYBIT trade_id=T00713 trader=TRADER_A symbol=BTCUSDT side=BUY qty=0.125 price=63236.82 fee=2.08011698 USDT fee_usdt=2.08011698 | position 0 -> 0.125 realized_pnl -101.1231249999999999999999970 -> -101.1231249999999999999999970
2026-08-15 15:12:43 | INFO     | pnl_engine | Trade processed: venue=BYBIT trade_id=T00075 trader=TRADER_A symbol=BTCUSDT side=SELL qty=0.125 price=63170.98 fee=1.58079551 USDT fee_usdt=1.58079551 | position 0.125 -> 0 realized_pnl -101.1231249999999999999999970 -> -109.3531249999999999999999970
2026-08-15 15:12:43 | INFO     | pnl_engine | Trade processed: venue=OKX trade_id=T00176 trader=TRADER_C symbol=SOLUSDT side=BUY qty=20 price=157.029 fee=1.40079485 USDT fee_usdt=1.40079485 | position 110 -> 130 realized_pnl 64.8335483529411764705882385 -> 64.8335483529411764705882385
2026-08-15 15:12:43 | INFO     | pnl_engine | Trade processed: venue=BYBIT trade_id=T00197 trader=TRADER_D symbol=XRPUSDT side=BUY qty=1000 price=0.62326 fee=0.25893656 USDT fee_usdt=0.25893656 | position 1500 -> 2500 realized_pnl 3.502000000000000000000000070 -> 3.502000000000000000000000070
2026-08-15 15:12:43 | INFO     | pnl_engine | Trade processed: venue=OKX trade_id=T00109 trader=TRADER_B symbol=ETHUSDT side=SELL qty=2 price=3131.43 fee=1.28922065 USDT fee_usdt=1.28922065 | position -1.25 -> -3.25 realized_pnl -27.02942307692307692307692625 -> -27.02942307692307692307692625
2026-08-15 15:12:43 | INFO     | pnl_engine | Trade processed: venue=BINANCE trade_id=T00520 trader=TRADER_C symbol=SOLUSDT side=BUY qty=15 price=156.741 fee=0.00084389 BNB fee_usdt=0.6827492045 | position 25 -> 40 realized_pnl -141.2408359999999999999999910 -> -141.2408359999999999999999910
2026-08-15 15:12:43 | INFO     | pnl_engine | Trade processed: venue=OKX trade_id=T00322 trader=TRADER_C symbol=XRPUSDT side=SELL qty=250 price=0.622 fee=0.06494451 USDT fee_usdt=0.06494451 | position -2250 -> -2500 realized_pnl -63.96796499999999999999999995 -> -63.96796499999999999999999995
2026-08-15 15:12:43 | INFO     | pnl_engine | Trade processed: venue=OKX trade_id=T00357 trader=TRADER_B symbol=ETHUSDT side=SELL qty=0.25 price=3132.94 fee=0.30467168 USDT fee_usdt=0.30467168 | position -3.25 -> -3.50 realized_pnl -27.02942307692307692307692625 -> -27.02942307692307692307692625
2026-08-15 15:12:43 | INFO     | pnl_engine | Trade processed: venue=OKX trade_id=T00163 trader=TRADER_B symbol=XRPUSDT side=BUY qty=2000 price=0.62188 fee=0.35996812 USDT fee_usdt=0.35996812 | position -2000 -> 0 realized_pnl 110.4196599999999999999999996 -> 114.8596599999999999999999996
2026-08-15 15:12:43 | INFO     | pnl_engine | Trade processed: venue=OKX trade_id=T00153 trader=TRADER_C symbol=XRPUSDT side=BUY qty=1250 price=0.62197 fee=0.18563489 USDT fee_usdt=0.18563489 | position -2500 -> -1250 realized_pnl -63.96796499999999999999999995 -> -61.31296499999999999999999995
2026-08-15 15:12:43 | INFO     | pnl_engine | Trade processed: venue=BINANCE trade_id=T00135 trader=TRADER_A symbol=BTCUSDT side=BUY qty=0.0625 price=63503.36 fee=1.85136303 USDT fee_usdt=1.85136303 | position 0.1250 -> 0.1875 realized_pnl 745.9326789858333333333333625 -> 745.9326789858333333333333625
2026-08-15 15:12:43 | INFO     | pnl_engine | Trade processed: venue=OKX trade_id=T00587 trader=TRADER_C symbol=BTCUSDT side=SELL qty=0.125 price=63467.73 fee=2.45579278 USDT fee_usdt=2.45579278 | position 0.8125 -> 0.6875 realized_pnl 1157.740287030372807017543860 -> 1204.126799968969298245614035
2026-08-15 15:12:43 | INFO     | pnl_engine | Trade processed: venue=BYBIT trade_id=T00611 trader=TRADER_B symbol=SOLUSDT side=BUY qty=10 price=156.91 fee=0.37641098 USDT fee_usdt=0.37641098 | position -10 -> 0 realized_pnl -50.8015170000000000000000035 -> -49.3115170000000000000000035
2026-08-15 15:12:43 | INFO     | pnl_engine | Trade processed: venue=BINANCE trade_id=T00203 trader=TRADER_A symbol=XRPUSDT side=BUY qty=750 price=0.62274 fee=0.09775880 USDT fee_usdt=0.09775880 | position -250 -> 500 realized_pnl 209.6738999999999999999999992 -> 210.1613999999999999999999992
2026-08-15 15:12:43 | INFO     | pnl_engine | Trade processed: venue=BINANCE trade_id=T00304 trader=TRADER_D symbol=XRPUSDT side=SELL qty=500 price=0.62288 fee=0.08137188 USDT fee_usdt=0.08137188 | position -3250 -> -3750 realized_pnl 19.42178571428571428571428500 -> 19.42178571428571428571428500
2026-08-15 15:12:43 | INFO     | pnl_engine | Trade processed: venue=OKX trade_id=T00419 trader=TRADER_C symbol=XRPUSDT side=BUY qty=1250 price=0.62267 fee=0.00026707 BNB fee_usdt=0.2160729835 | position -1250 -> 0 realized_pnl -61.31296499999999999999999995 -> -59.53296499999999999999999995
2026-08-15 15:12:43 | INFO     | pnl_engine | Trade processed: venue=BYBIT trade_id=T00561 trader=TRADER_A symbol=BTCUSDT side=SELL qty=0.0625 price=63421.81 fee=1.18169163 USDT fee_usdt=1.18169163 | position 0 -> -0.0625 realized_pnl -109.3531249999999999999999970 -> -109.3531249999999999999999970
2026-08-15 15:12:43 | INFO     | pnl_engine | Trade processed: venue=BYBIT trade_id=T00087 trader=TRADER_B symbol=ETHUSDT side=SELL qty=1 price=3136.12 fee=1.17643681 USDT fee_usdt=1.17643681 | position 0.25 -> -0.75 realized_pnl 97.5953779972830374753451712 -> 96.70578726750000000000000345
2026-08-15 15:12:43 | INFO     | pnl_engine | Trade processed: venue=BYBIT trade_id=T00342 trader=TRADER_B symbol=SOLUSDT side=SELL qty=25 price=156.878 fee=1.22153191 USDT fee_usdt=1.22153191 | position 0 -> -25 realized_pnl -49.3115170000000000000000035 -> -49.3115170000000000000000035
2026-08-15 15:12:43 | INFO     | pnl_engine | Trade processed: venue=OKX trade_id=T00261 trader=TRADER_C symbol=SOLUSDT side=SELL qty=130 price=156.77 fee=4.86977334 USDT fee_usdt=4.86977334 | position 130 -> 0 realized_pnl 64.8335483529411764705882385 -> 4.3876660000000000000000035
2026-08-15 15:12:43 | INFO     | pnl_engine | Trade processed: venue=BINANCE trade_id=T00224 trader=TRADER_A symbol=ETHUSDT side=SELL qty=1.25 price=3135.66 fee=1.04319201 USDT fee_usdt=1.04319201 | position -1.00 -> -2.25 realized_pnl 22.55390874392857142857142900 -> 22.55390874392857142857142900
2026-08-15 15:12:43 | INFO     | pnl_engine | Trade processed: venue=BYBIT trade_id=T00323 trader=TRADER_A symbol=SOLUSDT side=SELL qty=20 price=157.121 fee=1.01163487 USDT fee_usdt=1.01163487 | position 30 -> 10 realized_pnl -1.4832336000000000000000075 -> -10.6532336000000000000000075
2026-08-15 15:12:43 | INFO     | pnl_engine | Trade processed: venue=BINANCE trade_id=T00216 trader=TRADER_A symbol=BTCUSDT side=BUY qty=0.125 price=63679.93 fee=3.66178971 USDT fee_usdt=3.66178971 | position 0.1875 -> 0.3125 realized_pnl 745.9326789858333333333333625 -> 745.9326789858333333333333625
2026-08-15 15:12:43 | INFO     | pnl_engine | Trade processed: venue=BYBIT trade_id=T00581 trader=TRADER_A symbol=BTCUSDT side=SELL qty=0.5 price=63598.08 fee=9.24347532 USDT fee_usdt=9.24347532 | position -0.0625 -> -0.5625 realized_pnl -109.3531249999999999999999970 -> -109.3531249999999999999999970
2026-08-15 15:12:43 | INFO     | pnl_engine | Trade processed: venue=BINANCE trade_id=T00123 trader=TRADER_A symbol=ETHUSDT side=SELL qty=0.25 price=3119.95 fee=0.31257489 USDT fee_usdt=0.31257489 | position -2.25 -> -2.50 realized_pnl 22.55390874392857142857142900 -> 22.55390874392857142857142900
2026-08-15 15:12:43 | INFO     | pnl_engine | Trade processed: venue=BINANCE trade_id=T00744 trader=TRADER_A symbol=XRPUSDT side=SELL qty=2000 price=0.6236 fee=0.48776658 USDT fee_usdt=0.48776658 | position 500 -> -1500 realized_pnl 210.1613999999999999999999992 -> 210.5913999999999999999999992
2026-08-15 15:12:43 | INFO     | pnl_engine | Trade processed: venue=OKX trade_id=T00020 trader=TRADER_C symbol=XRPUSDT side=SELL qty=750 price=0.62337 fee=0.00022203 BNB fee_usdt=0.1789295364 | position 0 -> -750 realized_pnl -59.53296499999999999999999995 -> -59.53296499999999999999999995
2026-08-15 15:12:43 | INFO     | pnl_engine | Trade processed: venue=OKX trade_id=T00574 trader=TRADER_C symbol=SOLUSDT side=SELL qty=20 price=157.338 fee=0.87081299 USDT fee_usdt=0.87081299 | position 0 -> -20 realized_pnl 4.3876660000000000000000035 -> 4.3876660000000000000000035
2026-08-15 15:12:43 | INFO     | pnl_engine | Trade processed: venue=OKX trade_id=T00030 trader=TRADER_C symbol=SOLUSDT side=BUY qty=15 price=157.002 fee=0.93762274 USDT fee_usdt=0.93762274 | position -20 -> -5 realized_pnl 4.3876660000000000000000035 -> 9.4276660000000000000000035
2026-08-15 15:12:43 | INFO     | pnl_engine | Trade processed: venue=BYBIT trade_id=T00643 trader=TRADER_A symbol=SOLUSDT side=BUY qty=25 price=157.038 fee=1.91130452 USDT fee_usdt=1.91130452 | position 10 -> 35 realized_pnl -10.6532336000000000000000075 -> -10.6532336000000000000000075
2026-08-15 15:12:43 | INFO     | pnl_engine | Trade processed: venue=BINANCE trade_id=T00721 trader=TRADER_D symbol=XRPUSDT side=BUY qty=500 price=0.62398 fee=0.13617741 USDT fee_usdt=0.13617741 | position -3750 -> -3250 realized_pnl 19.42178571428571428571428500 -> 19.92454761904761904761904685
2026-08-15 15:12:43 | INFO     | pnl_engine | Trade processed: venue=BINANCE trade_id=T00001 trader=TRADER_A symbol=XRPUSDT side=BUY qty=1250 price=0.62314 fee=0.15597544 USDT fee_usdt=0.15597544 | position -1500 -> -250 realized_pnl 210.5913999999999999999999992 -> 211.1663999999999999999999992
2026-08-15 15:12:43 | INFO     | pnl_engine | Trade processed: venue=BYBIT trade_id=T00294 trader=TRADER_B symbol=ETHUSDT side=BUY qty=2 price=3122.55 fee=2.92337619 USDT fee_usdt=2.92337619 | position -0.75 -> 1.25 realized_pnl 96.70578726750000000000000345 -> 106.8832872675000000000000034
2026-08-15 15:12:43 | INFO     | pnl_engine | Trade processed: venue=BINANCE trade_id=T00004 trader=TRADER_C symbol=SOLUSDT side=BUY qty=20 price=157.168 fee=0.00146772 BNB fee_usdt=1.1828061936 | position 40 -> 60 realized_pnl -141.2408359999999999999999910 -> -141.2408359999999999999999910
2026-08-15 15:12:43 | INFO     | pnl_engine | Trade processed: venue=BINANCE trade_id=T00189 trader=TRADER_A symbol=XRPUSDT side=SELL qty=500 price=0.62349 fee=0.14529826 USDT fee_usdt=0.14529826 | position -250 -> -750 realized_pnl 211.1663999999999999999999992 -> 211.1663999999999999999999992
2026-08-15 15:12:43 | INFO     | pnl_engine | Trade processed: venue=BINANCE trade_id=T00098 trader=TRADER_C symbol=SOLUSDT side=SELL qty=10 price=157.014 fee=0.77590376 USDT fee_usdt=0.77590376 | position 60 -> 50 realized_pnl -141.2408359999999999999999910 -> -140.5341693333333333333333240
2026-08-15 15:12:43 | INFO     | pnl_engine | Trade processed: venue=BINANCE trade_id=T00633 trader=TRADER_D symbol=XRPUSDT side=BUY qty=250 price=0.62456 fee=0.00004364 BNB fee_usdt=0.0351686032 | position -3250 -> -3000 realized_pnl 19.92454761904761904761904685 -> 20.03092857142857142857142778
2026-08-15 15:12:43 | INFO     | pnl_engine | Trade processed: venue=BINANCE trade_id=T00646 trader=TRADER_D symbol=XRPUSDT side=BUY qty=1000 price=0.62319 fee=0.28488676 USDT fee_usdt=0.28488676 | position -3000 -> -2000 realized_pnl 20.03092857142857142857142778 -> 21.82645238095238095238095148
2026-08-15 15:12:43 | INFO     | pnl_engine | Trade processed: venue=OKX trade_id=T00277 trader=TRADER_C symbol=BTCUSDT side=BUY qty=0.5 price=63766.32 fee=10.23275681 USDT fee_usdt=10.23275681 | position 0.6875 -> 1.1875 realized_pnl 1204.126799968969298245614035 -> 1204.126799968969298245614035
2026-08-15 15:12:43 | INFO     | pnl_engine | Trade processed: venue=OKX trade_id=T00348 trader=TRADER_C symbol=BTCUSDT side=BUY qty=0.3125 price=63817.08 fee=7.06177375 USDT fee_usdt=7.06177375 | position 1.1875 -> 1.5000 realized_pnl 1204.126799968969298245614035 -> 1204.126799968969298245614035
2026-08-15 15:12:43 | INFO     | pnl_engine | Trade processed: venue=BINANCE trade_id=T00412 trader=TRADER_A symbol=XRPUSDT side=BUY qty=500 price=0.62289 fee=0.14551718 USDT fee_usdt=0.14551718 | position -750 -> -250 realized_pnl 211.1663999999999999999999992 -> 211.4847333333333333333333326
2026-08-15 15:12:43 | INFO     | pnl_engine | Trade processed: venue=OKX trade_id=T00046 trader=TRADER_B symbol=XRPUSDT side=SELL qty=1000 price=0.62364 fee=0.00019496 BNB fee_usdt=0.15694280 | position 0 -> -1000 realized_pnl 114.8596599999999999999999996 -> 114.8596599999999999999999996
2026-08-15 15:12:43 | INFO     | pnl_engine | Trade processed: venue=BYBIT trade_id=T00675 trader=TRADER_B symbol=SOLUSDT side=BUY qty=10 price=157.678 fee=0.00079810 BNB fee_usdt=0.64247050 | position -25 -> -15 realized_pnl -49.3115170000000000000000035 -> -57.3115170000000000000000035
2026-08-15 15:12:43 | INFO     | pnl_engine | Trade processed: venue=BINANCE trade_id=T00092 trader=TRADER_A symbol=ETHUSDT side=BUY qty=5.5 price=3131.28 fee=3.70965905 USDT fee_usdt=3.70965905 | position -2.50 -> 3.00 realized_pnl 22.55390874392857142857142900 -> 33.28498017250000000000000150
2026-08-15 15:12:43 | INFO     | pnl_engine | Trade processed: venue=BINANCE trade_id=T00647 trader=TRADER_C symbol=SOLUSDT side=BUY qty=30 price=157.749 fee=1.45123776 USDT fee_usdt=1.45123776 | position 50 -> 80 realized_pnl -140.5341693333333333333333240 -> -140.5341693333333333333333240
2026-08-15 15:12:43 | INFO     | pnl_engine | Trade processed: venue=OKX trade_id=T00347 trader=TRADER_B symbol=XRPUSDT side=BUY qty=500 price=0.62407 fee=0.07470115 USDT fee_usdt=0.07470115 | position -1000 -> -500 realized_pnl 114.8596599999999999999999996 -> 114.6446599999999999999999996
2026-08-15 15:12:43 | INFO     | pnl_engine | Trade processed: venue=BINANCE trade_id=T00076 trader=TRADER_D symbol=ETHUSDT side=SELL qty=0.25 price=3132.31 fee=0.17638812 USDT fee_usdt=0.17638812 | position -1.75 -> -2.00 realized_pnl 262.4295252999999999999999990 -> 262.4295252999999999999999990
2026-08-15 15:12:43 | INFO     | pnl_engine | Trade processed: venue=BINANCE trade_id=T00190 trader=TRADER_C symbol=SOLUSDT side=SELL qty=145 price=157.598 fee=10.21131636 USDT fee_usdt=10.21131636 | position 80 -> -65 realized_pnl -140.5341693333333333333333240 -> -112.3308359999999999999999800
2026-08-15 15:12:43 | INFO     | pnl_engine | Trade processed: venue=OKX trade_id=T00021 trader=TRADER_B symbol=ETHUSDT side=SELL qty=0.25 price=3128.18 fee=0.29631952 USDT fee_usdt=0.29631952 | position -3.50 -> -3.75 realized_pnl -27.02942307692307692307692625 -> -27.02942307692307692307692625
2026-08-15 15:12:43 | INFO     | pnl_engine | Trade processed: venue=BINANCE trade_id=T00351 trader=TRADER_A symbol=BTCUSDT side=BUY qty=0.25 price=63837.62 fee=5.14003425 USDT fee_usdt=5.14003425 | position 0.3125 -> 0.5625 realized_pnl 745.9326789858333333333333625 -> 745.9326789858333333333333625
2026-08-15 15:12:43 | INFO     | pnl_engine | Trade processed: venue=BINANCE trade_id=T00234 trader=TRADER_A symbol=XRPUSDT side=BUY qty=250 price=0.62338 fee=0.05178583 USDT fee_usdt=0.05178583 | position -250 -> 0 realized_pnl 211.4847333333333333333333326 -> 211.5213999999999999999999993
2026-08-15 15:12:43 | INFO     | pnl_engine | Trade processed: venue=BINANCE trade_id=T00085 trader=TRADER_A symbol=ETHUSDT side=BUY qty=1.25 price=3132.42 fee=1.90214586 USDT fee_usdt=1.90214586 | position 3.00 -> 4.25 realized_pnl 33.28498017250000000000000150 -> 33.28498017250000000000000150
2026-08-15 15:12:43 | INFO     | pnl_engine | Trade processed: venue=BYBIT trade_id=T00499 trader=TRADER_D symbol=XRPUSDT side=BUY qty=750 price=0.62309 fee=0.17258222 USDT fee_usdt=0.17258222 | position 2500 -> 3250 realized_pnl 3.502000000000000000000000070 -> 3.502000000000000000000000070
2026-08-15 15:12:43 | INFO     | pnl_engine | Trade processed: venue=BINANCE trade_id=T00223 trader=TRADER_A symbol=BTCUSDT side=BUY qty=0.25 price=63779.04 fee=4.87543722 USDT fee_usdt=4.87543722 | position 0.5625 -> 0.8125 realized_pnl 745.9326789858333333333333625 -> 745.9326789858333333333333625
2026-08-15 15:12:43 | INFO     | pnl_engine | Trade processed: venue=BINANCE trade_id=T00266 trader=TRADER_C symbol=SOLUSDT side=BUY qty=65 price=157.856 fee=0.00434450 BNB fee_usdt=3.49732250 | position -65 -> 0 realized_pnl -112.3308359999999999999999800 -> -129.1008359999999999999999800
2026-08-15 15:12:43 | INFO     | pnl_engine | Trade processed: venue=BYBIT trade_id=T00183 trader=TRADER_D symbol=XRPUSDT side=SELL qty=500 price=0.6227 fee=0.08210421 USDT fee_usdt=0.08210421 | position 3250 -> 2750 realized_pnl 3.502000000000000000000000070 -> 2.980846153846153846153846220
2026-08-15 15:12:43 | INFO     | pnl_engine | Trade processed: venue=BINANCE trade_id=T00653 trader=TRADER_A symbol=ETHUSDT side=BUY qty=1 price=3129.94 fee=1.25263448 USDT fee_usdt=1.25263448 | position 4.25 -> 5.25 realized_pnl 33.28498017250000000000000150 -> 33.28498017250000000000000150
2026-08-15 15:12:43 | INFO     | pnl_engine | Trade processed: venue=OKX trade_id=T00067 trader=TRADER_C symbol=XRPUSDT side=SELL qty=1500 price=0.6235 fee=0.42154107 USDT fee_usdt=0.42154107 | position -750 -> -2250 realized_pnl -59.53296499999999999999999995 -> -59.53296499999999999999999995
2026-08-15 15:12:43 | INFO     | pnl_engine | Trade processed: venue=BYBIT trade_id=T00414 trader=TRADER_D symbol=XRPUSDT side=SELL qty=500 price=0.62395 fee=0.09279770 USDT fee_usdt=0.09279770 | position 2750 -> 2250 realized_pnl 2.980846153846153846153846220 -> 3.084692307692307692307692370
2026-08-15 15:12:43 | INFO     | pnl_engine | Trade processed: venue=BYBIT trade_id=T00105 trader=TRADER_A symbol=BTCUSDT side=BUY qty=1.125 price=63832.49 fee=34.63197431 USDT fee_usdt=34.63197431 | position -0.5625 -> 0.5625 realized_pnl -109.3531249999999999999999970 -> -252.2256249999999999999999995
2026-08-15 15:12:43 | INFO     | pnl_engine | Trade processed: venue=BYBIT trade_id=T00034 trader=TRADER_D symbol=XRPUSDT side=SELL qty=2000 price=0.62285 fee=0.51855230 USDT fee_usdt=0.51855230 | position 2250 -> 250 realized_pnl 3.084692307692307692307692370 -> 1.300076923076923076923076970
2026-08-15 15:12:43 | INFO     | pnl_engine | Trade processed: venue=BYBIT trade_id=T00306 trader=TRADER_D symbol=XRPUSDT side=SELL qty=1000 price=0.62367 fee=0.00027521 BNB fee_usdt=0.222287117 | position 250 -> -750 realized_pnl 1.300076923076923076923076970 -> 1.282000000000000000000000045
2026-08-15 15:12:43 | INFO     | pnl_engine | Trade processed: venue=BYBIT trade_id=T00610 trader=TRADER_D symbol=XRPUSDT side=BUY qty=1500 price=0.62325 fee=0.35199459 USDT fee_usdt=0.35199459 | position -750 -> 750 realized_pnl 1.282000000000000000000000045 -> 1.597000000000000000000000045
2026-08-15 15:12:43 | INFO     | pnl_engine | Trade processed: venue=BYBIT trade_id=T00537 trader=TRADER_A symbol=SOLUSDT side=SELL qty=5 price=157.176 fee=0.26627644 USDT fee_usdt=0.26627644 | position 35 -> 30 realized_pnl -10.6532336000000000000000075 -> -10.7368050285714285714285790
2026-08-15 15:12:43 | INFO     | pnl_engine | Trade processed: venue=BINANCE trade_id=T00052 trader=TRADER_C symbol=SOLUSDT side=SELL qty=40 price=157.388 fee=1.37067746 USDT fee_usdt=1.37067746 | position 0 -> -40 realized_pnl -129.1008359999999999999999800 -> -129.1008359999999999999999800
2026-08-15 15:12:43 | INFO     | pnl_engine | Trade processed: venue=BINANCE trade_id=T00102 trader=TRADER_A symbol=XRPUSDT side=BUY qty=1000 price=0.62427 fee=0.26596481 USDT fee_usdt=0.26596481 | position 0 -> 1000 realized_pnl 211.5213999999999999999999993 -> 211.5213999999999999999999993
2026-08-15 15:12:43 | INFO     | pnl_engine | Trade processed: venue=BINANCE trade_id=T00147 trader=TRADER_A symbol=XRPUSDT side=SELL qty=1000 price=0.62441 fee=0.26935897 USDT fee_usdt=0.26935897 | position 1000 -> 0 realized_pnl 211.5213999999999999999999993 -> 211.6613999999999999999999993
2026-08-15 15:12:43 | INFO     | pnl_engine | Trade processed: venue=OKX trade_id=T00366 trader=TRADER_C symbol=SOLUSDT side=BUY qty=30 price=157.229 fee=0.00206774 BNB fee_usdt=1.670113598 | position -5 -> 25 realized_pnl 9.4276660000000000000000035 -> 9.9726660000000000000000035
2026-08-15 15:12:43 | INFO     | pnl_engine | Trade processed: venue=BYBIT trade_id=T00397 trader=TRADER_A symbol=BTCUSDT side=SELL qty=0.125 price=63994.61 fee=0.00244774 BNB fee_usdt=1.977039598 | position 0.5625 -> 0.4375 realized_pnl -252.2256249999999999999999995 -> -231.9606249999999999999999995
2026-08-15 15:12:43 | INFO     | pnl_engine | Trade processed: venue=BYBIT trade_id=T00715 trader=TRADER_A symbol=BTCUSDT side=BUY qty=0.125 price=63934.36 fee=0.00460782 BNB fee_usdt=3.721736214 | position 0.4375 -> 0.5625 realized_pnl -231.9606249999999999999999995 -> -231.9606249999999999999999995
2026-08-15 15:12:43 | INFO     | pnl_engine | Trade processed: venue=BYBIT trade_id=T00630 trader=TRADER_B symbol=ETHUSDT side=BUY qty=0.5 price=3126.38 fee=0.71839950 USDT fee_usdt=0.71839950 | position 1.25 -> 1.75 realized_pnl 106.8832872675000000000000034 -> 106.8832872675000000000000034
2026-08-15 15:12:43 | INFO     | pnl_engine | Trade processed: venue=BYBIT trade_id=T00590 trader=TRADER_D symbol=XRPUSDT side=BUY qty=500 price=0.62462 fee=0.10557735 USDT fee_usdt=0.10557735 | position 750 -> 1250 realized_pnl 1.597000000000000000000000045 -> 1.597000000000000000000000045
2026-08-15 15:12:43 | INFO     | pnl_engine | Trade processed: venue=OKX trade_id=T00469 trader=TRADER_B symbol=ETHUSDT side=BUY qty=0.5 price=3121.76 fee=0.00077446 BNB fee_usdt=0.625531342 | position -3.75 -> -3.25 realized_pnl -27.02942307692307692307692625 -> -20.07216666666666666666667025
2026-08-15 15:12:43 | INFO     | pnl_engine | Trade processed: venue=OKX trade_id=T00188 trader=TRADER_B symbol=XRPUSDT side=SELL qty=750 price=0.62344 fee=0.18412366 USDT fee_usdt=0.18412366 | position -500 -> -1250 realized_pnl 114.6446599999999999999999996 -> 114.6446599999999999999999996
2026-08-15 15:12:43 | INFO     | pnl_engine | Trade processed: venue=OKX trade_id=T00544 trader=TRADER_B symbol=ETHUSDT side=BUY qty=7 price=3127.51 fee=4.39647087 USDT fee_usdt=4.39647087 | position -3.25 -> 3.75 realized_pnl -20.07216666666666666666667025 -> 6.46249999999999999999999375
2026-08-15 15:12:43 | INFO     | pnl_engine | Trade processed: venue=BINANCE trade_id=T00219 trader=TRADER_A symbol=XRPUSDT side=BUY qty=500 price=0.62357 fee=0.12166714 USDT fee_usdt=0.12166714 | position 0 -> 500 realized_pnl 211.6613999999999999999999993 -> 211.6613999999999999999999993
2026-08-15 15:12:43 | INFO     | pnl_engine | Trade processed: venue=BYBIT trade_id=T00235 trader=TRADER_A symbol=BTCUSDT side=SELL qty=0.125 price=63969.12 fee=3.63318800 USDT fee_usdt=3.63318800 | position 0.5625 -> 0.4375 realized_pnl -231.9606249999999999999999995 -> -217.7115972222222222222222220
2026-08-15 15:12:43 | INFO     | pnl_engine | Trade processed: venue=OKX trade_id=T00730 trader=TRADER_B symbol=XRPUSDT side=BUY qty=500 price=0.62314 fee=0.09177382 USDT fee_usdt=0.09177382 | position -1250 -> -750 realized_pnl 114.6446599999999999999999996 -> 114.8346599999999999999999996
2026-08-15 15:12:43 | INFO     | pnl_engine | Trade processed: venue=BYBIT trade_id=T00692 trader=TRADER_D symbol=XRPUSDT side=BUY qty=1500 price=0.62365 fee=0.45500666 USDT fee_usdt=0.45500666 | position 1250 -> 2750 realized_pnl 1.597000000000000000000000045 -> 1.597000000000000000000000045
2026-08-15 15:12:43 | INFO     | pnl_engine | Trade processed: venue=BYBIT trade_id=T00108 trader=TRADER_D symbol=XRPUSDT side=BUY qty=1000 price=0.62201 fee=0.12772754 USDT fee_usdt=0.12772754 | position 2750 -> 3750 realized_pnl 1.597000000000000000000000045 -> 1.597000000000000000000000045
2026-08-15 15:12:43 | INFO     | pnl_engine | Trade processed: venue=OKX trade_id=T00194 trader=TRADER_B symbol=ETHUSDT side=SELL qty=0.25 price=3125.78 fee=0.00037218 BNB fee_usdt=0.3014136948 | position 3.75 -> 3.50 realized_pnl 6.46249999999999999999999375 -> 6.02999999999999999999999375
2026-08-15 15:12:43 | INFO     | pnl_engine | Trade processed: venue=BINANCE trade_id=T00655 trader=TRADER_A symbol=XRPUSDT side=BUY qty=2000 price=0.62193 fee=0.43511330 USDT fee_usdt=0.43511330 | position 500 -> 2500 realized_pnl 211.6613999999999999999999993 -> 211.6613999999999999999999993
2026-08-15 15:12:43 | INFO     | pnl_engine | Trade processed: venue=BYBIT trade_id=T00320 trader=TRADER_A symbol=SOLUSDT side=SELL qty=30 price=157.625 fee=1.62080638 USDT fee_usdt=1.62080638 | position 30 -> 0 realized_pnl -10.7368050285714285714285790 -> 2.2317663999999999999999920
2026-08-15 15:12:43 | INFO     | pnl_engine | Trade processed: venue=OKX trade_id=T00368 trader=TRADER_B symbol=ETHUSDT side=SELL qty=7.75 price=3129.08 fee=8.27340070 USDT fee_usdt=8.27340070 | position 3.50 -> -4.25 realized_pnl 6.02999999999999999999999375 -> 11.52499999999999999999999375
2026-08-15 15:12:43 | INFO     | pnl_engine | Trade processed: venue=BINANCE trade_id=T00136 trader=TRADER_A symbol=XRPUSDT side=BUY qty=1000 price=0.62173 fee=0.12997982 USDT fee_usdt=0.12997982 | position 2500 -> 3500 realized_pnl 211.6613999999999999999999993 -> 211.6613999999999999999999993
2026-08-15 15:12:43 | INFO     | pnl_engine | Trade processed: venue=BINANCE trade_id=T00363 trader=TRADER_A symbol=XRPUSDT side=BUY qty=1250 price=0.62156 fee=0.23382045 USDT fee_usdt=0.23382045 | position 3500 -> 4750 realized_pnl 211.6613999999999999999999993 -> 211.6613999999999999999999993
2026-08-15 15:12:43 | INFO     | pnl_engine | Trade processed: venue=BINANCE trade_id=T00035 trader=TRADER_D symbol=ETHUSDT side=SELL qty=1.5 price=3127.82 fee=0.96264687 USDT fee_usdt=0.96264687 | position -2.00 -> -3.50 realized_pnl 262.4295252999999999999999990 -> 262.4295252999999999999999990
2026-08-15 15:12:43 | INFO     | pnl_engine | Trade processed: venue=BINANCE trade_id=T00316 trader=TRADER_D symbol=XRPUSDT side=SELL qty=250 price=0.62128 fee=0.06961327 USDT fee_usdt=0.06961327 | position -2000 -> -2250 realized_pnl 21.82645238095238095238095148 -> 21.82645238095238095238095148
2026-08-15 15:12:43 | INFO     | pnl_engine | Trade processed: venue=BYBIT trade_id=T00339 trader=TRADER_B symbol=ETHUSDT side=BUY qty=1 price=3129.84 fee=1.55016235 USDT fee_usdt=1.55016235 | position 1.75 -> 2.75 realized_pnl 106.8832872675000000000000034 -> 106.8832872675000000000000034
2026-08-15 15:12:43 | INFO     | pnl_engine | Trade processed: venue=BINANCE trade_id=T00373 trader=TRADER_A symbol=BTCUSDT side=BUY qty=0.1875 price=63922.7 fee=2.84854110 USDT fee_usdt=2.84854110 | position 0.8125 -> 1.0000 realized_pnl 745.9326789858333333333333625 -> 745.9326789858333333333333625
2026-08-15 15:12:43 | INFO     | pnl_engine | Trade processed: venue=OKX trade_id=T00279 trader=TRADER_B symbol=XRPUSDT side=SELL qty=1500 price=0.62137 fee=0.21062568 USDT fee_usdt=0.21062568 | position -750 -> -2250 realized_pnl 114.8346599999999999999999996 -> 114.8346599999999999999999996
2026-08-15 15:12:43 | INFO     | pnl_engine | Trade processed: venue=BYBIT trade_id=T00243 trader=TRADER_D symbol=XRPUSDT side=BUY qty=1500 price=0.62116 fee=0.45169918 USDT fee_usdt=0.45169918 | position 3750 -> 5250 realized_pnl 1.597000000000000000000000045 -> 1.597000000000000000000000045
2026-08-15 15:12:43 | INFO     | pnl_engine | Trade processed: venue=BINANCE trade_id=T00447 trader=TRADER_D symbol=ETHUSDT side=SELL qty=0.25 price=3126.96 fee=0.34149863 USDT fee_usdt=0.34149863 | position -3.50 -> -3.75 realized_pnl 262.4295252999999999999999990 -> 262.4295252999999999999999990
2026-08-15 15:12:43 | INFO     | pnl_engine | Trade processed: venue=OKX trade_id=T00343 trader=TRADER_C symbol=XRPUSDT side=SELL qty=250 price=0.62165 fee=0.05357647 USDT fee_usdt=0.05357647 | position -2250 -> -2500 realized_pnl -59.53296499999999999999999995 -> -59.53296499999999999999999995
2026-08-15 15:12:43 | INFO     | pnl_engine | Trade processed: venue=OKX trade_id=T00735 trader=TRADER_C symbol=SOLUSDT side=SELL qty=5 price=157.534 fee=0.32252459 USDT fee_usdt=0.32252459 | position 25 -> 20 realized_pnl 9.9726660000000000000000035 -> 11.4976660000000000000000035
2026-08-15 15:12:43 | INFO     | pnl_engine | Trade processed: venue=BYBIT trade_id=T00674 trader=TRADER_A symbol=BTCUSDT side=BUY qty=0.5 price=63937.67 fee=14.27537702 USDT fee_usdt=14.27537702 | position 0.4375 -> 0.9375 realized_pnl -217.7115972222222222222222220 -> -217.7115972222222222222222220
2026-08-15 15:12:43 | INFO     | pnl_engine | Trade processed: venue=BYBIT trade_id=T00179 trader=TRADER_A symbol=SOLUSDT side=SELL qty=5 price=157.291 fee=0.34753602 USDT fee_usdt=0.34753602 | position 0 -> -5 realized_pnl 2.2317663999999999999999920 -> 2.2317663999999999999999920
2026-08-15 15:12:43 | INFO     | pnl_engine | Trade processed: venue=BYBIT trade_id=T00390 trader=TRADER_D symbol=XRPUSDT side=BUY qty=750 price=0.62172 fee=0.00022707 BNB fee_usdt=0.1838949102 | position 5250 -> 6000 realized_pnl 1.597000000000000000000000045 -> 1.597000000000000000000000045
2026-08-15 15:12:43 | INFO     | pnl_engine | Trade processed: venue=OKX trade_id=T00010 trader=TRADER_B symbol=XRPUSDT side=BUY qty=2000 price=0.62367 fee=0.32629405 USDT fee_usdt=0.32629405 | position -2250 -> -250 realized_pnl 114.8346599999999999999999996 -> 111.6679933333333333333333330
2026-08-15 15:12:43 | INFO     | pnl_engine | Trade processed: venue=BINANCE trade_id=T00353 trader=TRADER_A symbol=ETHUSDT side=BUY qty=0.25 price=3134.89 fee=0.36671686 USDT fee_usdt=0.36671686 | position 5.25 -> 5.50 realized_pnl 33.28498017250000000000000150 -> 33.28498017250000000000000150
2026-08-15 15:12:43 | INFO     | pnl_engine | Trade processed: venue=BINANCE trade_id=T00007 trader=TRADER_C symbol=SOLUSDT side=BUY qty=40 price=157.33 fee=0.00295171 BNB fee_usdt=2.3996811958 | position -40 -> 0 realized_pnl -129.1008359999999999999999800 -> -126.7808359999999999999999800
2026-08-15 15:12:43 | INFO     | pnl_engine | Trade processed: venue=BYBIT trade_id=T00401 trader=TRADER_A symbol=SOLUSDT side=SELL qty=15 price=157.384 fee=0.00087444 BNB fee_usdt=0.7109022312 | position -5 -> -20 realized_pnl 2.2317663999999999999999920 -> 2.2317663999999999999999920
2026-08-15 15:12:43 | INFO     | pnl_engine | Trade processed: venue=OKX trade_id=T00285 trader=TRADER_B symbol=ETHUSDT side=SELL qty=0.5 price=3132.61 fee=0.49632389 USDT fee_usdt=0.49632389 | position -4.25 -> -4.75 realized_pnl 11.52499999999999999999999375 -> 11.52499999999999999999999375
2026-08-15 15:12:43 | INFO     | pnl_engine | Trade processed: venue=BINANCE trade_id=T00386 trader=TRADER_A symbol=BTCUSDT side=BUY qty=0.1875 price=63740.46 fee=2.50240800 USDT fee_usdt=2.50240800 | position 1.0000 -> 1.1875 realized_pnl 745.9326789858333333333333625 -> 745.9326789858333333333333625
2026-08-15 15:12:43 | INFO     | pnl_engine | Trade processed: venue=OKX trade_id=T00139 trader=TRADER_C symbol=BTCUSDT side=SELL qty=0.125 price=63634.39 fee=1.80316620 USDT fee_usdt=1.80316620 | position 1.5000 -> 1.3750 realized_pnl 1204.126799968969298245614035 -> 1224.680878815826023391812865
2026-08-15 15:12:43 | INFO     | pnl_engine | Trade processed: venue=BINANCE trade_id=T00049 trader=TRADER_D symbol=XRPUSDT side=SELL qty=250 price=0.62332 fee=0.03353825 USDT fee_usdt=0.03353825 | position -2250 -> -2500 realized_pnl 21.82645238095238095238095148 -> 21.82645238095238095238095148
2026-08-15 15:12:43 | INFO     | pnl_engine | Trade processed: venue=BINANCE trade_id=T00550 trader=TRADER_D symbol=XRPUSDT side=SELL qty=750 price=0.62383 fee=0.16200240 USDT fee_usdt=0.16200240 | position -2500 -> -3250 realized_pnl 21.82645238095238095238095148 -> 21.82645238095238095238095148
2026-08-15 15:12:43 | INFO     | pnl_engine | Trade processed: venue=BINANCE trade_id=T00430 trader=TRADER_D symbol=ETHUSDT side=BUY qty=7.5 price=3131.96 fee=11.61007846 USDT fee_usdt=11.61007846 | position -3.75 -> 3.75 realized_pnl 262.4295252999999999999999990 -> 271.2727253000000000000000002
2026-08-15 15:12:43 | INFO     | pnl_engine | Data load complete: 776 events applied, 0 duplicate no-ops, 17 account partitions tracked
2026-08-15 15:12:43 | INFO     | pnl_engine | Generating PnL report as_of=2026-08-02T00:00:00+00:00 trader_filter=TRADER_A
2026-08-15 15:12:43 | INFO     | pnl_engine | Report row: trader=TRADER_A symbol=BTCUSDT qty=2.1250 realized=528.2210817636111111111111405 unrealized=238.9524826388888888888888882 funding=-5.04214907 fees=727.2044541131 total=34.9269612194000000000000287 mark=63906.01
2026-08-15 15:12:43 | INFO     | pnl_engine | Report row: trader=TRADER_A symbol=ETHUSDT qty=5.50 realized=33.28498017250000000000000150 unrealized=-2.63749999999999999999999750 funding=-0.42093423 fees=48.8014235675 total=-18.57487762499999999999999600 mark=3130.98
2026-08-15 15:12:43 | INFO     | pnl_engine | Report row: trader=TRADER_A symbol=SOLUSDT qty=-20 realized=2.2317663999999999999999920 unrealized=-10.20500 funding=1.01341652 fees=65.0923735249 total=-72.0521906049000000000000080 mark=157.871
2026-08-15 15:12:43 | INFO     | pnl_engine | Report row: trader=TRADER_A symbol=XRPUSDT qty=4750 realized=211.6613999999999999999999993 unrealized=18.46249999999999999999999998 funding=-0.10684585 fees=22.4219736202 total=207.5950805297999999999999993 mark=0.62585
2026-08-15 15:12:43 | INFO     | pnl_engine | Report generated with 4 trader/symbol rows
2026-08-15 15:12:56 | INFO     | pnl_engine | Starting data load from directory: /apps/infrafs1/amitabh/Desktop/POC/data
2026-08-15 15:12:56 | INFO     | pnl_engine | Loading opening positions from /apps/infrafs1/amitabh/Desktop/POC/data/opening_positions.csv
2026-08-15 15:12:56 | INFO     | pnl_engine | Loaded 14 opening positions
2026-08-15 15:12:56 | INFO     | pnl_engine | Applied opening position: trader=TRADER_A venue=BINANCE account=TRADER_A_BINANCE symbol=BTCUSDT quantity=0.25 avg_entry=60626.06574239
2026-08-15 15:12:56 | INFO     | pnl_engine | Applied opening position: trader=TRADER_A venue=BINANCE account=TRADER_A_BINANCE symbol=ETHUSDT quantity=2.25 avg_entry=3187.35778659
2026-08-15 15:12:56 | INFO     | pnl_engine | Applied opening position: trader=TRADER_A venue=BINANCE account=TRADER_A_BINANCE symbol=XRPUSDT quantity=-5000 avg_entry=0.63323578
2026-08-15 15:12:56 | INFO     | pnl_engine | Applied opening position: trader=TRADER_A venue=BYBIT account=TRADER_A_BYBIT symbol=SOLUSDT quantity=-35 avg_entry=157.87847904
2026-08-15 15:12:56 | INFO     | pnl_engine | Applied opening position: trader=TRADER_B venue=BYBIT account=TRADER_B_BYBIT symbol=ETHUSDT quantity=-4.75 avg_entry=3167.81648153
2026-08-15 15:12:56 | INFO     | pnl_engine | Applied opening position: trader=TRADER_B venue=BYBIT account=TRADER_B_BYBIT symbol=SOLUSDT quantity=-20 avg_entry=154.53367415
2026-08-15 15:12:56 | INFO     | pnl_engine | Applied opening position: trader=TRADER_B venue=OKX account=TRADER_B_OKX symbol=XRPUSDT quantity=-9000 avg_entry=0.63682024
2026-08-15 15:12:56 | INFO     | pnl_engine | Applied opening position: trader=TRADER_C venue=OKX account=TRADER_C_OKX symbol=BTCUSDT quantity=0.625 avg_entry=61416.03580619
2026-08-15 15:12:56 | INFO     | pnl_engine | Applied opening position: trader=TRADER_C venue=OKX account=TRADER_C_OKX symbol=SOLUSDT quantity=100 avg_entry=154.10707334
2026-08-15 15:12:56 | INFO     | pnl_engine | Applied opening position: trader=TRADER_C venue=OKX account=TRADER_C_OKX symbol=XRPUSDT quantity=5250 avg_entry=0.63073866
2026-08-15 15:12:56 | INFO     | pnl_engine | Applied opening position: trader=TRADER_C venue=BINANCE account=TRADER_C_BINANCE symbol=SOLUSDT quantity=100 avg_entry=156.57745836
2026-08-15 15:12:56 | INFO     | pnl_engine | Applied opening position: trader=TRADER_D venue=BINANCE account=TRADER_D_BINANCE symbol=ETHUSDT quantity=1.25 avg_entry=3164.08581976
2026-08-15 15:12:56 | INFO     | pnl_engine | Applied opening position: trader=TRADER_D venue=BYBIT account=TRADER_D_BYBIT symbol=XRPUSDT quantity=-2000 avg_entry=0.61273850
2026-08-15 15:12:56 | INFO     | pnl_engine | Applied opening position: trader=TRADER_D venue=BYBIT account=TRADER_D_BYBIT symbol=BTCUSDT quantity=-0.375 avg_entry=63419.18184677
2026-08-15 15:12:56 | INFO     | pnl_engine | Loading prices from /apps/infrafs1/amitabh/Desktop/POC/data/prices.csv
2026-08-15 15:12:56 | INFO     | pnl_engine | Loaded 243 price ticks (0 duplicates skipped)
2026-08-15 15:12:56 | INFO     | pnl_engine | Stored 243 price ticks
2026-08-15 15:12:56 | INFO     | pnl_engine | Loading trades from /apps/infrafs1/amitabh/Desktop/POC/data/trades.csv
2026-08-15 15:12:56 | WARNING  | pnl_engine | Duplicate trade skipped on load: venue=BINANCE trade_id=T00731 ts=2026-08-01 15:03:35+00:00
2026-08-15 15:12:56 | WARNING  | pnl_engine | Duplicate trade skipped on load: venue=BYBIT trade_id=T00512 ts=2026-08-01 19:49:19+00:00
2026-08-15 15:12:56 | WARNING  | pnl_engine | Duplicate trade skipped on load: venue=BYBIT trade_id=T00499 ts=2026-08-01 22:15:38+00:00
2026-08-15 15:12:56 | WARNING  | pnl_engine | Duplicate trade skipped on load: venue=BYBIT trade_id=T00654 ts=2026-08-01 19:39:41+00:00
2026-08-15 15:12:56 | WARNING  | pnl_engine | Duplicate trade skipped on load: venue=BYBIT trade_id=T00576 ts=2026-08-01 07:24:36+00:00
2026-08-15 15:12:56 | WARNING  | pnl_engine | Duplicate trade skipped on load: venue=BINANCE trade_id=T00432 ts=2026-08-01 12:11:26+00:00
2026-08-15 15:12:56 | WARNING  | pnl_engine | Duplicate trade skipped on load: venue=BYBIT trade_id=T00463 ts=2026-08-01 12:39:37+00:00
2026-08-15 15:12:56 | WARNING  | pnl_engine | Duplicate trade skipped on load: venue=OKX trade_id=T00732 ts=2026-08-01 11:29:15+00:00
2026-08-15 15:12:56 | WARNING  | pnl_engine | Duplicate trade skipped on load: venue=BYBIT trade_id=T00411 ts=2026-08-01 07:34:12+00:00
2026-08-15 15:12:56 | WARNING  | pnl_engine | Duplicate trade skipped on load: venue=BINANCE trade_id=T00422 ts=2026-08-01 04:38:32+00:00
2026-08-15 15:12:56 | INFO     | pnl_engine | Loaded 748 trades (0 outside window, 10 duplicates skipped)
2026-08-15 15:12:56 | INFO     | pnl_engine | Loading funding events from /apps/infrafs1/amitabh/Desktop/POC/data/funding.csv
2026-08-15 15:12:56 | WARNING  | pnl_engine | Duplicate funding skipped on load: venue=BYBIT event_id=F0027 ts=2026-08-01 16:00:00+00:00
2026-08-15 15:12:56 | WARNING  | pnl_engine | Duplicate funding skipped on load: venue=BYBIT event_id=F0014 ts=2026-08-01 08:00:00+00:00
2026-08-15 15:12:56 | WARNING  | pnl_engine | Duplicate funding skipped on load: venue=OKX event_id=F0023 ts=2026-08-01 16:00:00+00:00
2026-08-15 15:12:56 | INFO     | pnl_engine | Loaded 28 funding events (0 outside window, 3 duplicates skipped)
2026-08-15 15:12:56 | INFO     | pnl_engine | Processing 776 trade and funding events in chronological order
2026-08-15 15:12:56 | INFO     | pnl_engine | Trade processed: venue=BYBIT trade_id=T00580 trader=TRADER_B symbol=ETHUSDT side=BUY qty=10.25 price=3197.65 fee=6.69480522 USDT fee_usdt=6.69480522 | position -4.75 -> 5.50 realized_pnl 0 -> -141.7092127325
2026-08-15 15:12:56 | INFO     | pnl_engine | Trade processed: venue=BYBIT trade_id=T00521 trader=TRADER_B symbol=SOLUSDT side=BUY qty=5 price=154.893 fee=0.27156438 USDT fee_usdt=0.27156438 | position -20 -> -15 realized_pnl 0 -> -1.79662925
2026-08-15 15:12:56 | INFO     | pnl_engine | Trade processed: venue=OKX trade_id=T00180 trader=TRADER_C symbol=SOLUSDT side=BUY qty=40 price=154.999 fee=2.28719313 USDT fee_usdt=2.28719313 | position 100 -> 140 realized_pnl 0 -> 0
2026-08-15 15:12:56 | INFO     | pnl_engine | Trade processed: venue=BYBIT trade_id=T00505 trader=TRADER_B symbol=ETHUSDT side=BUY qty=2 price=3196.55 fee=2.94352723 USDT fee_usdt=2.94352723 | position 5.50 -> 7.50 realized_pnl -141.7092127325 -> -141.7092127325
2026-08-15 15:12:56 | INFO     | pnl_engine | Trade processed: venue=OKX trade_id=T00362 trader=TRADER_C symbol=XRPUSDT side=SELL qty=5250 price=0.61952 fee=1.26864015 USDT fee_usdt=1.26864015 | position 5250 -> 0 realized_pnl 0 -> -58.89796500
2026-08-15 15:12:56 | INFO     | pnl_engine | Trade processed: venue=BYBIT trade_id=T00205 trader=TRADER_A symbol=SOLUSDT side=SELL qty=15 price=155.163 fee=0.00066487 BNB fee_usdt=0.53189600 | position -35 -> -50 realized_pnl 0 -> 0
2026-08-15 15:12:56 | INFO     | pnl_engine | Trade processed: venue=BINANCE trade_id=T00152 trader=TRADER_D symbol=ETHUSDT side=SELL qty=2 price=3198.14 fee=2.39496166 USDT fee_usdt=2.39496166 | position 1.25 -> -0.75 realized_pnl 0 -> 42.5677253000
2026-08-15 15:12:56 | INFO     | pnl_engine | Trade processed: venue=BINANCE trade_id=T00292 trader=TRADER_C symbol=SOLUSDT side=SELL qty=25 price=155.15 fee=1.41126728 USDT fee_usdt=1.41126728 | position 100 -> 75 realized_pnl 0 -> -35.68645900
2026-08-15 15:12:56 | INFO     | pnl_engine | Trade processed: venue=BINANCE trade_id=T00642 trader=TRADER_D symbol=ETHUSDT side=SELL qty=0.5 price=3199.77 fee=0.44709129 USDT fee_usdt=0.44709129 | position -0.75 -> -1.25 realized_pnl 42.5677253000 -> 42.5677253000
2026-08-15 15:12:56 | INFO     | pnl_engine | Trade processed: venue=OKX trade_id=T00156 trader=TRADER_B symbol=XRPUSDT side=BUY qty=250 price=0.6202 fee=0.00007740 BNB fee_usdt=0.06192000 | position -9000 -> -8750 realized_pnl 0 -> 4.15506000
2026-08-15 15:12:56 | INFO     | pnl_engine | Trade processed: venue=BYBIT trade_id=T00722 trader=TRADER_B symbol=SOLUSDT side=BUY qty=35 price=155.06 fee=1.43441969 USDT fee_usdt=1.43441969 | position -15 -> 20 realized_pnl -1.79662925 -> -9.69151700
2026-08-15 15:12:56 | INFO     | pnl_engine | Trade processed: venue=OKX trade_id=T00453 trader=TRADER_C symbol=BTCUSDT side=BUY qty=0.1875 price=62205.67 fee=3.94103953 USDT fee_usdt=3.94103953 | position 0.625 -> 0.8125 realized_pnl 0 -> 0
2026-08-15 15:12:56 | INFO     | pnl_engine | Trade processed: venue=BINANCE trade_id=T00708 trader=TRADER_A symbol=BTCUSDT side=SELL qty=0.125 price=62204.13 fee=2.76645937 USDT fee_usdt=2.76645937 | position 0.25 -> 0.125 realized_pnl 0 -> 197.25803220125
2026-08-15 15:12:56 | INFO     | pnl_engine | Trade processed: venue=OKX trade_id=T00009 trader=TRADER_C symbol=BTCUSDT side=SELL qty=0.125 price=62235.89 fee=2.09655407 USDT fee_usdt=2.09655407 | position 0.8125 -> 0.6875 realized_pnl 0 -> 79.70386478942307692307692250
2026-08-15 15:12:56 | INFO     | pnl_engine | Trade processed: venue=BYBIT trade_id=T00679 trader=TRADER_A symbol=BTCUSDT side=SELL qty=0.5 price=62208.85 fee=8.04156508 USDT fee_usdt=8.04156508 | position 0 -> -0.5 realized_pnl 0 -> 0
2026-08-15 15:12:56 | INFO     | pnl_engine | Trade processed: venue=BINANCE trade_id=T00500 trader=TRADER_A symbol=BTCUSDT side=SELL qty=0.125 price=62298.81 fee=3.33785782 USDT fee_usdt=3.33785782 | position 0.125 -> 0 realized_pnl 197.25803220125 -> 406.35106440250
2026-08-15 15:12:56 | INFO     | pnl_engine | Trade processed: venue=BINANCE trade_id=T00718 trader=TRADER_C symbol=SOLUSDT side=BUY qty=5 price=155.4 fee=0.23767092 USDT fee_usdt=0.23767092 | position 75 -> 80 realized_pnl -35.68645900 -> -35.68645900
2026-08-15 15:12:56 | INFO     | pnl_engine | Trade processed: venue=BINANCE trade_id=T00527 trader=TRADER_A symbol=XRPUSDT side=BUY qty=9750 price=0.61989 fee=2.67548515 USDT fee_usdt=2.67548515 | position -5000 -> 4750 realized_pnl 0 -> 66.72890000
2026-08-15 15:12:56 | INFO     | pnl_engine | Trade processed: venue=BINANCE trade_id=T00635 trader=TRADER_D symbol=XRPUSDT side=BUY qty=500 price=0.62059 fee=0.13965412 USDT fee_usdt=0.13965412 | position 0 -> 500 realized_pnl 0 -> 0
2026-08-15 15:12:56 | INFO     | pnl_engine | Trade processed: venue=OKX trade_id=T00082 trader=TRADER_B symbol=XRPUSDT side=SELL qty=500 price=0.61938 fee=0.12574480 USDT fee_usdt=0.12574480 | position -8750 -> -9250 realized_pnl 4.15506000 -> 4.15506000
2026-08-15 15:12:56 | INFO     | pnl_engine | Trade processed: venue=OKX trade_id=T00488 trader=TRADER_B symbol=ETHUSDT side=SELL qty=1.25 price=3199.74 fee=1.79736158 USDT fee_usdt=1.79736158 | position 0 -> -1.25 realized_pnl 0 -> 0
2026-08-15 15:12:56 | INFO     | pnl_engine | Trade processed: venue=BINANCE trade_id=T00494 trader=TRADER_A symbol=BTCUSDT side=BUY qty=0.5 price=62195.87 fee=0.01140631 BNB fee_usdt=9.1017791276 | position 0 -> 0.5 realized_pnl 406.35106440250 -> 406.35106440250
2026-08-15 15:12:56 | INFO     | pnl_engine | Trade processed: venue=BINANCE trade_id=T00184 trader=TRADER_A symbol=ETHUSDT side=SELL qty=0.5 price=3196.94 fee=0.63315328 USDT fee_usdt=0.63315328 | position 2.25 -> 1.75 realized_pnl 0 -> 4.791106705
2026-08-15 15:12:56 | INFO     | pnl_engine | Trade processed: venue=OKX trade_id=T00466 trader=TRADER_B symbol=XRPUSDT side=SELL qty=500 price=0.62001 fee=0.09930038 USDT fee_usdt=0.09930038 | position -9250 -> -9750 realized_pnl 4.15506000 -> 4.15506000
2026-08-15 15:12:56 | INFO     | pnl_engine | Trade processed: venue=BINANCE trade_id=T00144 trader=TRADER_A symbol=BTCUSDT side=SELL qty=0.9375 price=62244.73 fee=12.32542395 USDT fee_usdt=12.32542395 | position 0.5 -> -0.4375 realized_pnl 406.35106440250 -> 430.78106440250
2026-08-15 15:12:56 | INFO     | pnl_engine | Trade processed: venue=BYBIT trade_id=T00090 trader=TRADER_A symbol=BTCUSDT side=SELL qty=0.0625 price=62295.52 fee=1.31911732 USDT fee_usdt=1.31911732 | position -0.5 -> -0.5625 realized_pnl 0 -> 0
2026-08-15 15:12:56 | INFO     | pnl_engine | Trade processed: venue=BINANCE trade_id=T00705 trader=TRADER_A symbol=XRPUSDT side=BUY qty=250 price=0.62068 fee=0.04616547 USDT fee_usdt=0.04616547 | position 4750 -> 5000 realized_pnl 66.72890000 -> 66.72890000
2026-08-15 15:12:56 | INFO     | pnl_engine | Trade processed: venue=BINANCE trade_id=T00260 trader=TRADER_A symbol=XRPUSDT side=SELL qty=750 price=0.62074 fee=0.19638581 USDT fee_usdt=0.19638581 | position 5000 -> 4250 realized_pnl 66.72890000 -> 67.33677500
2026-08-15 15:12:56 | INFO     | pnl_engine | Trade processed: venue=BINANCE trade_id=T00028 trader=TRADER_A symbol=ETHUSDT side=BUY qty=0.5 price=3198.04 fee=0.33507697 USDT fee_usdt=0.33507697 | position 1.75 -> 2.25 realized_pnl 4.791106705 -> 4.791106705
2026-08-15 15:12:56 | INFO     | pnl_engine | Trade processed: venue=OKX trade_id=T00671 trader=TRADER_B symbol=XRPUSDT side=BUY qty=250 price=0.62067 fee=0.00006326 BNB fee_usdt=0.0504789496 | position -9750 -> -9500 realized_pnl 4.15506000 -> 7.753511282051282051282051275
2026-08-15 15:12:56 | INFO     | pnl_engine | Trade processed: venue=OKX trade_id=T00552 trader=TRADER_C symbol=SOLUSDT side=SELL qty=295 price=155.826 fee=0.01916491 BNB fee_usdt=15.2700253407 | position 140 -> -155 realized_pnl 0 -> 204.9726660000000000000000040
2026-08-15 15:12:56 | INFO     | pnl_engine | Trade processed: venue=BYBIT trade_id=T00113 trader=TRADER_B symbol=ETHUSDT side=BUY qty=0.25 price=3203.93 fee=0.18212426 USDT fee_usdt=0.18212426 | position 7.50 -> 7.75 realized_pnl -141.7092127325 -> -141.7092127325
2026-08-15 15:12:56 | INFO     | pnl_engine | Trade processed: venue=OKX trade_id=T00172 trader=TRADER_C symbol=BTCUSDT side=SELL qty=0.25 price=62173.21 fee=0.00701413 BNB fee_usdt=5.5886483601 | position 0.6875 -> 0.4375 realized_pnl 79.70386478942307692307692250 -> 223.4415943682692307692307675
2026-08-15 15:12:56 | INFO     | pnl_engine | Trade processed: venue=BINANCE trade_id=T00597 trader=TRADER_D symbol=ETHUSDT side=BUY qty=2.75 price=3204.9 fee=3.29803825 USDT fee_usdt=3.29803825 | position -1.25 -> 1.50 realized_pnl 42.5677253000 -> 34.9327253000
2026-08-15 15:12:56 | INFO     | pnl_engine | Trade processed: venue=OKX trade_id=T00464 trader=TRADER_B symbol=XRPUSDT side=SELL qty=500 price=0.62319 fee=0.06938510 USDT fee_usdt=0.06938510 | position -9500 -> -10000 realized_pnl 7.753511282051282051282051275 -> 7.753511282051282051282051275
2026-08-15 15:12:56 | INFO     | pnl_engine | Trade processed: venue=BYBIT trade_id=T00045 trader=TRADER_B symbol=ETHUSDT side=SELL qty=14.75 price=3206.79 fee=10.40675825 USDT fee_usdt=10.40675825 | position 7.75 -> -7.00 realized_pnl -141.7092127325 -> -70.24421273249999999999999675
2026-08-15 15:12:56 | INFO     | pnl_engine | Trade processed: venue=OKX trade_id=T00264 trader=TRADER_C symbol=XRPUSDT side=SELL qty=250 price=0.62258 fee=0.05548628 USDT fee_usdt=0.05548628 | position 0 -> -250 realized_pnl -58.89796500 -> -58.89796500
2026-08-15 15:12:56 | INFO     | pnl_engine | Trade processed: venue=BINANCE trade_id=T00128 trader=TRADER_D symbol=XRPUSDT side=BUY qty=250 price=0.62387 fee=0.06608349 USDT fee_usdt=0.06608349 | position 500 -> 750 realized_pnl 0 -> 0
2026-08-15 15:12:56 | INFO     | pnl_engine | Trade processed: venue=OKX trade_id=T00117 trader=TRADER_B symbol=XRPUSDT side=BUY qty=20000 price=0.62255 fee=5.69813135 USDT fee_usdt=5.69813135 | position -10000 -> 10000 realized_pnl 7.753511282051282051282051275 -> 126.9546599999999999999999993
2026-08-15 15:12:56 | INFO     | pnl_engine | Trade processed: venue=BYBIT trade_id=T00480 trader=TRADER_A symbol=BTCUSDT side=SELL qty=0.3125 price=62062.75 fee=9.13947459 USDT fee_usdt=9.13947459 | position -0.5625 -> -0.8750 realized_pnl 0 -> 0
2026-08-15 15:12:56 | INFO     | pnl_engine | Trade processed: venue=BYBIT trade_id=T00272 trader=TRADER_A symbol=BTCUSDT side=SELL qty=0.1875 price=62095.43 fee=2.67586837 USDT fee_usdt=2.67586837 | position -0.8750 -> -1.0625 realized_pnl 0 -> 0
2026-08-15 15:12:56 | INFO     | pnl_engine | Trade processed: venue=BINANCE trade_id=T00459 trader=TRADER_A symbol=XRPUSDT side=SELL qty=500 price=0.62373 fee=0.14125943 USDT fee_usdt=0.14125943 | position 4250 -> 3750 realized_pnl 67.33677500 -> 69.23702500
2026-08-15 15:12:56 | INFO     | pnl_engine | Trade processed: venue=OKX trade_id=T00566 trader=TRADER_C symbol=SOLUSDT side=BUY qty=5 price=155.569 fee=0.00030002 BNB fee_usdt=0.2390469354 | position -155 -> -150 realized_pnl 204.9726660000000000000000040 -> 206.2576660000000000000000040
2026-08-15 15:12:56 | INFO     | pnl_engine | Trade processed: venue=BINANCE trade_id=T00017 trader=TRADER_A symbol=BTCUSDT side=SELL qty=0.5 price=62203.97 fee=8.38503070 USDT fee_usdt=8.38503070 | position -0.4375 -> -0.9375 realized_pnl 430.78106440250 -> 430.78106440250
2026-08-15 15:12:56 | INFO     | pnl_engine | Trade processed: venue=BYBIT trade_id=T00212 trader=TRADER_B symbol=SOLUSDT side=SELL qty=25 price=155.625 fee=1.56694712 USDT fee_usdt=1.56694712 | position 20 -> -5 realized_pnl -9.69151700 -> 1.60848300
2026-08-15 15:12:56 | INFO     | pnl_engine | Trade processed: venue=OKX trade_id=T00065 trader=TRADER_C symbol=SOLUSDT side=BUY qty=150 price=156.257 fee=11.60368735 USDT fee_usdt=11.60368735 | position -150 -> 0 realized_pnl 206.2576660000000000000000040 -> 141.6076660000000000000000040
2026-08-15 15:12:56 | INFO     | pnl_engine | Trade processed: venue=OKX trade_id=T00452 trader=TRADER_C symbol=SOLUSDT side=SELL qty=10 price=155.995 fee=0.71194871 USDT fee_usdt=0.71194871 | position 0 -> -10 realized_pnl 141.6076660000000000000000040 -> 141.6076660000000000000000040
2026-08-15 15:12:56 | INFO     | pnl_engine | Trade processed: venue=BINANCE trade_id=T00518 trader=TRADER_C symbol=SOLUSDT side=BUY qty=15 price=156.092 fee=0.86232231 USDT fee_usdt=0.86232231 | position 80 -> 95 realized_pnl -35.68645900 -> -35.68645900
2026-08-15 15:12:56 | INFO     | pnl_engine | Trade processed: venue=BINANCE trade_id=T00382 trader=TRADER_D symbol=XRPUSDT side=BUY qty=500 price=0.62122 fee=0.08675473 USDT fee_usdt=0.08675473 | position 750 -> 1250 realized_pnl 0 -> 0
2026-08-15 15:12:56 | INFO     | pnl_engine | Trade processed: venue=BINANCE trade_id=T00330 trader=TRADER_A symbol=ETHUSDT side=SELL qty=0.75 price=3195.28 fee=0.87421627 USDT fee_usdt=0.87421627 | position 2.25 -> 1.50 realized_pnl 4.791106705 -> 8.95239786083333333333333350
2026-08-15 15:12:56 | INFO     | pnl_engine | Trade processed: venue=BINANCE trade_id=T00298 trader=TRADER_D symbol=ETHUSDT side=SELL qty=0.5 price=3195.63 fee=0.53157989 USDT fee_usdt=0.53157989 | position 1.50 -> 1.00 realized_pnl 34.9327253000 -> 30.2977253000
2026-08-15 15:12:56 | INFO     | pnl_engine | Trade processed: venue=BINANCE trade_id=T00695 trader=TRADER_C symbol=SOLUSDT side=SELL qty=25 price=156.228 fee=0.00235520 BNB fee_usdt=1.8710886400 | position 95 -> 70 realized_pnl -35.68645900 -> -40.9573476842105263157894725
2026-08-15 15:12:56 | INFO     | pnl_engine | Trade processed: venue=BYBIT trade_id=T00605 trader=TRADER_A symbol=SOLUSDT side=BUY qty=15 price=156.296 fee=0.79670382 USDT fee_usdt=0.79670382 | position -50 -> -35 realized_pnl 0 -> 11.517529920
2026-08-15 15:12:56 | INFO     | pnl_engine | Trade processed: venue=BINANCE trade_id=T00609 trader=TRADER_A symbol=BTCUSDT side=SELL qty=0.125 price=62289.15 fee=3.59398784 USDT fee_usdt=3.59398784 | position -0.9375 -> -1.0625 realized_pnl 430.78106440250 -> 430.78106440250
2026-08-15 15:12:56 | INFO     | pnl_engine | Trade processed: venue=BINANCE trade_id=T00470 trader=TRADER_A symbol=XRPUSDT side=BUY qty=500 price=0.62048 fee=0.07567629 USDT fee_usdt=0.07567629 | position 3750 -> 4250 realized_pnl 69.23702500 -> 69.23702500
2026-08-15 15:12:56 | INFO     | pnl_engine | Trade processed: venue=BINANCE trade_id=T00568 trader=TRADER_D symbol=ETHUSDT side=SELL qty=0.25 price=3196.04 fee=0.21594654 USDT fee_usdt=0.21594654 | position 1.00 -> 0.75 realized_pnl 30.2977253000 -> 28.0827253000
2026-08-15 15:12:56 | INFO     | pnl_engine | Trade processed: venue=BYBIT trade_id=T00629 trader=TRADER_A symbol=BTCUSDT side=BUY qty=2.0625 price=62396.91 fee=47.03026994 USDT fee_usdt=47.03026994 | position -1.0625 -> 1.0000 realized_pnl 0 -> -261.3193750000000000000000044
2026-08-15 15:12:56 | INFO     | pnl_engine | Trade processed: venue=BINANCE trade_id=T00687 trader=TRADER_D symbol=ETHUSDT side=SELL qty=0.75 price=3198.9 fee=0.89626246 USDT fee_usdt=0.89626246 | position 0.75 -> 0 realized_pnl 28.0827253000 -> 23.5827253000
2026-08-15 15:12:56 | INFO     | pnl_engine | Trade processed: venue=OKX trade_id=T00131 trader=TRADER_C symbol=SOLUSDT side=SELL qty=30 price=156.276 fee=0.00202547 BNB fee_usdt=1.6091346415 | position -10 -> -40 realized_pnl 141.6076660000000000000000040 -> 141.6076660000000000000000040
2026-08-15 15:12:56 | INFO     | pnl_engine | Trade processed: venue=BINANCE trade_id=T00482 trader=TRADER_A symbol=BTCUSDT side=BUY qty=0.0625 price=62305.48 fee=0.00229280 BNB fee_usdt=1.8215149600 | position -1.0625 -> -1.0000 realized_pnl 430.78106440250 -> 426.1119835201470588235294119
2026-08-15 15:12:56 | INFO     | pnl_engine | Trade processed: venue=BYBIT trade_id=T00600 trader=TRADER_D symbol=XRPUSDT side=BUY qty=3500 price=0.62179 fee=0.90552413 USDT fee_usdt=0.90552413 | position -2000 -> 1500 realized_pnl 0 -> -18.10300000
2026-08-15 15:12:56 | INFO     | pnl_engine | Trade processed: venue=BINANCE trade_id=T00361 trader=TRADER_A symbol=BTCUSDT side=BUY qty=0.0625 price=62297.07 fee=1.41820079 USDT fee_usdt=1.41820079 | position -1.0000 -> -0.9375 realized_pnl 426.1119835201470588235294119 -> 421.9685276377941176470588238
2026-08-15 15:12:56 | INFO     | pnl_engine | Trade processed: venue=BYBIT trade_id=T00198 trader=TRADER_B symbol=ETHUSDT side=SELL qty=1 price=3194.66 fee=0.75318828 USDT fee_usdt=0.75318828 | position -7.00 -> -8.00 realized_pnl -70.24421273249999999999999675 -> -70.24421273249999999999999675
2026-08-15 15:12:56 | INFO     | pnl_engine | Trade processed: venue=BYBIT trade_id=T00689 trader=TRADER_B symbol=SOLUSDT side=SELL qty=20 price=155.863 fee=0.00120059 BNB fee_usdt=0.9510953921 | position -5 -> -25 realized_pnl 1.60848300 -> 1.60848300
2026-08-15 15:12:56 | INFO     | pnl_engine | Trade processed: venue=OKX trade_id=T00149 trader=TRADER_C symbol=XRPUSDT side=BUY qty=500 price=0.6219 fee=0.13457728 USDT fee_usdt=0.13457728 | position -250 -> 250 realized_pnl -58.89796500 -> -58.72796500
2026-08-15 15:12:56 | INFO     | pnl_engine | Trade processed: venue=OKX trade_id=T00355 trader=TRADER_C symbol=XRPUSDT side=BUY qty=1000 price=0.6223 fee=0.00016433 BNB fee_usdt=0.1301805827 | position 250 -> 1250 realized_pnl -58.72796500 -> -58.72796500
2026-08-15 15:12:56 | INFO     | pnl_engine | Trade processed: venue=BINANCE trade_id=T00639 trader=TRADER_D symbol=ETHUSDT side=SELL qty=1.5 price=3196.86 fee=1.41572846 USDT fee_usdt=1.41572846 | position 0 -> -1.5 realized_pnl 23.5827253000 -> 23.5827253000
2026-08-15 15:12:56 | INFO     | pnl_engine | Trade processed: venue=OKX trade_id=T00379 trader=TRADER_B symbol=XRPUSDT side=SELL qty=1250 price=0.62221 fee=0.36452065 USDT fee_usdt=0.36452065 | position 10000 -> 8750 realized_pnl 126.9546599999999999999999993 -> 126.5296599999999999999999993
2026-08-15 15:12:56 | INFO     | pnl_engine | Trade processed: venue=OKX trade_id=T00340 trader=TRADER_C symbol=XRPUSDT side=SELL qty=1250 price=0.6218 fee=0.00022393 BNB fee_usdt=0.1773951067 | position 1250 -> 0 realized_pnl -58.72796500 -> -59.25296500
2026-08-15 15:12:56 | INFO     | pnl_engine | Trade processed: venue=BINANCE trade_id=T00583 trader=TRADER_A symbol=ETHUSDT side=SELL qty=1.25 price=3191.91 fee=1.54731769 USDT fee_usdt=1.54731769 | position 1.50 -> 0.25 realized_pnl 8.95239786083333333333333350 -> 11.67538312055555555555555600
2026-08-15 15:12:56 | INFO     | pnl_engine | Trade processed: venue=BINANCE trade_id=T00476 trader=TRADER_A symbol=BTCUSDT side=SELL qty=0.25 price=62149.81 fee=4.17915881 USDT fee_usdt=4.17915881 | position -0.9375 -> -1.1875 realized_pnl 421.9685276377941176470588238 -> 421.9685276377941176470588238
2026-08-15 15:12:56 | INFO     | pnl_engine | Trade processed: venue=BINANCE trade_id=T00057 trader=TRADER_A symbol=ETHUSDT side=BUY qty=0.75 price=3200.68 fee=0.99967334 USDT fee_usdt=0.99967334 | position 0.25 -> 1.00 realized_pnl 11.67538312055555555555555600 -> 11.67538312055555555555555600
2026-08-15 15:12:56 | INFO     | pnl_engine | Trade processed: venue=BINANCE trade_id=T00259 trader=TRADER_D symbol=ETHUSDT side=SELL qty=1 price=3202.89 fee=0.82696106 USDT fee_usdt=0.82696106 | position -1.5 -> -2.5 realized_pnl 23.5827253000 -> 23.5827253000
2026-08-15 15:12:56 | INFO     | pnl_engine | Trade processed: venue=BYBIT trade_id=T00507 trader=TRADER_A symbol=SOLUSDT side=BUY qty=5 price=155.995 fee=0.24057525 USDT fee_usdt=0.24057525 | position -35 -> -30 realized_pnl 11.517529920 -> 16.861706560
2026-08-15 15:12:56 | INFO     | pnl_engine | Trade processed: venue=OKX trade_id=T00258 trader=TRADER_B symbol=XRPUSDT side=SELL qty=750 price=0.62083 fee=0.10665709 USDT fee_usdt=0.10665709 | position 8750 -> 8000 realized_pnl 126.5296599999999999999999993 -> 125.2396599999999999999999993
2026-08-15 15:12:56 | INFO     | pnl_engine | Trade processed: venue=OKX trade_id=T00246 trader=TRADER_C symbol=XRPUSDT side=BUY qty=250 price=0.61993 fee=0.05704502 USDT fee_usdt=0.05704502 | position 0 -> 250 realized_pnl -59.25296500 -> -59.25296500
2026-08-15 15:12:56 | INFO     | pnl_engine | Trade processed: venue=BYBIT trade_id=T00313 trader=TRADER_D symbol=XRPUSDT side=SELL qty=2250 price=0.6207 fee=0.49282489 USDT fee_usdt=0.49282489 | position 1500 -> -750 realized_pnl -18.10300000 -> -19.73800000
2026-08-15 15:12:56 | INFO     | pnl_engine | Trade processed: venue=OKX trade_id=T00699 trader=TRADER_C symbol=XRPUSDT side=SELL qty=250 price=0.6204 fee=0.04939235 USDT fee_usdt=0.04939235 | position 250 -> 0 realized_pnl -59.25296500 -> -59.13546500
2026-08-15 15:12:56 | INFO     | pnl_engine | Trade processed: venue=BYBIT trade_id=T00096 trader=TRADER_A symbol=SOLUSDT side=SELL qty=30 price=155.894 fee=0.00175576 BNB fee_usdt=1.3876649160 | position -30 -> -60 realized_pnl 16.861706560 -> 16.861706560
2026-08-15 15:12:56 | INFO     | pnl_engine | Trade processed: venue=OKX trade_id=T00318 trader=TRADER_C symbol=XRPUSDT side=BUY qty=2000 price=0.62043 fee=0.47419948 USDT fee_usdt=0.47419948 | position 0 -> 2000 realized_pnl -59.13546500 -> -59.13546500
2026-08-15 15:12:56 | INFO     | pnl_engine | Trade processed: venue=BINANCE trade_id=T00133 trader=TRADER_A symbol=ETHUSDT side=SELL qty=1.5 price=3206.06 fee=2.07027044 USDT fee_usdt=2.07027044 | position 1.00 -> -0.50 realized_pnl 11.67538312055555555555555600 -> 19.79248017250000000000000000
2026-08-15 15:12:56 | INFO     | pnl_engine | Trade processed: venue=OKX trade_id=T00724 trader=TRADER_C symbol=BTCUSDT side=BUY qty=0.0625 price=62127.89 fee=0.78740793 USDT fee_usdt=0.78740793 | position 0.4375 -> 0.5000 realized_pnl 223.4415943682692307692307675 -> 223.4415943682692307692307675
2026-08-15 15:12:56 | INFO     | pnl_engine | Trade processed: venue=BYBIT trade_id=T00037 trader=TRADER_B symbol=ETHUSDT side=SELL qty=0.25 price=3203.15 fee=0.25513649 USDT fee_usdt=0.25513649 | position -8.00 -> -8.25 realized_pnl -70.24421273249999999999999675 -> -70.24421273249999999999999675
2026-08-15 15:12:56 | INFO     | pnl_engine | Trade processed: venue=BYBIT trade_id=T00387 trader=TRADER_D symbol=XRPUSDT side=SELL qty=750 price=0.62003 fee=0.21215531 USDT fee_usdt=0.21215531 | position -750 -> -1500 realized_pnl -19.73800000 -> -19.73800000
2026-08-15 15:12:56 | INFO     | pnl_engine | Trade processed: venue=BINANCE trade_id=T00503 trader=TRADER_A symbol=XRPUSDT side=SELL qty=500 price=0.62065 fee=0.12762736 USDT fee_usdt=0.12762736 | position 4250 -> 3750 realized_pnl 69.23702500 -> 69.56489264705882352941176470
2026-08-15 15:12:56 | INFO     | pnl_engine | Trade processed: venue=BINANCE trade_id=T00150 trader=TRADER_A symbol=ETHUSDT side=BUY qty=1.25 price=3206.11 fee=1.54349172 USDT fee_usdt=1.54349172 | position -0.50 -> 0.75 realized_pnl 19.79248017250000000000000000 -> 19.76748017250000000000000000
2026-08-15 15:12:56 | INFO     | pnl_engine | Trade processed: venue=BYBIT trade_id=T00719 trader=TRADER_A symbol=SOLUSDT side=BUY qty=60 price=155.923 fee=2.25009827 USDT fee_usdt=2.25009827 | position -60 -> 0 realized_pnl 16.861706560 -> 50.216766400
2026-08-15 15:12:56 | INFO     | pnl_engine | Trade processed: venue=BINANCE trade_id=T00615 trader=TRADER_A symbol=ETHUSDT side=BUY qty=0.75 price=3205.14 fee=0.58349365 USDT fee_usdt=0.58349365 | position 0.75 -> 1.50 realized_pnl 19.76748017250000000000000000 -> 19.76748017250000000000000000
2026-08-15 15:12:56 | INFO     | pnl_engine | Trade processed: venue=BINANCE trade_id=T00541 trader=TRADER_C symbol=SOLUSDT side=SELL qty=145 price=156.167 fee=0.00713281 BNB fee_usdt=5.6374163835 | position 70 -> -75 realized_pnl -40.9573476842105263157894725 -> -59.9858359999999999999999955
2026-08-15 15:12:56 | INFO     | pnl_engine | Trade processed: venue=BYBIT trade_id=T00442 trader=TRADER_A symbol=SOLUSDT side=SELL qty=30 price=156.097 fee=1.91118462 USDT fee_usdt=1.91118462 | position 0 -> -30 realized_pnl 50.216766400 -> 50.216766400
2026-08-15 15:12:56 | INFO     | pnl_engine | Trade processed: venue=BYBIT trade_id=T00137 trader=TRADER_B symbol=ETHUSDT side=BUY qty=0.75 price=3204.18 fee=0.70637909 USDT fee_usdt=0.70637909 | position -8.25 -> -7.50 realized_pnl -70.24421273249999999999999675 -> -69.47216727795454545454545125
2026-08-15 15:12:56 | INFO     | pnl_engine | Trade processed: venue=BYBIT trade_id=T00380 trader=TRADER_D symbol=XRPUSDT side=BUY qty=2250 price=0.62013 fee=0.66469067 USDT fee_usdt=0.66469067 | position -1500 -> 750 realized_pnl -19.73800000 -> -19.38550000
2026-08-15 15:12:56 | INFO     | pnl_engine | Trade processed: venue=BINANCE trade_id=T00185 trader=TRADER_C symbol=SOLUSDT side=SELL qty=10 price=155.38 fee=0.39999052 USDT fee_usdt=0.39999052 | position -75 -> -85 realized_pnl -59.9858359999999999999999955 -> -59.9858359999999999999999955
2026-08-15 15:12:56 | INFO     | pnl_engine | Trade processed: venue=OKX trade_id=T00540 trader=TRADER_C symbol=BTCUSDT side=SELL qty=0.125 price=61968.92 fee=2.35293515 USDT fee_usdt=2.35293515 | position 0.5000 -> 0.3750 realized_pnl 223.4415943682692307692307675 -> 261.4987260590144230769230750
2026-08-15 15:12:56 | INFO     | pnl_engine | Trade processed: venue=BINANCE trade_id=T00714 trader=TRADER_A symbol=ETHUSDT side=SELL qty=1.25 price=3202.06 fee=1.14931653 USDT fee_usdt=1.14931653 | position 1.50 -> 0.25 realized_pnl 19.76748017250000000000000000 -> 15.31123017250000000000000000
2026-08-15 15:12:56 | INFO     | pnl_engine | Trade processed: venue=OKX trade_id=T00074 trader=TRADER_C symbol=SOLUSDT side=BUY qty=30 price=155.495 fee=1.62139929 USDT fee_usdt=1.62139929 | position -40 -> -10 realized_pnl 141.6076660000000000000000040 -> 162.9301660000000000000000040
2026-08-15 15:12:56 | INFO     | pnl_engine | Trade processed: venue=BINANCE trade_id=T00305 trader=TRADER_A symbol=BTCUSDT side=SELL qty=0.25 price=61905.23 fee=3.79227712 USDT fee_usdt=3.79227712 | position -1.1875 -> -1.4375 realized_pnl 421.9685276377941176470588238 -> 421.9685276377941176470588238
2026-08-15 15:12:56 | INFO     | pnl_engine | Trade processed: venue=BINANCE trade_id=T00424 trader=TRADER_A symbol=ETHUSDT side=SELL qty=0.25 price=3197.61 fee=0.00032121 BNB fee_usdt=0.2543212296 | position 0.25 -> 0 realized_pnl 15.31123017250000000000000000 -> 13.30748017250000000000000000
2026-08-15 15:12:56 | INFO     | pnl_engine | Trade processed: venue=OKX trade_id=T00138 trader=TRADER_C symbol=XRPUSDT side=SELL qty=1000 price=0.62129 fee=0.29951748 USDT fee_usdt=0.29951748 | position 2000 -> 1000 realized_pnl -59.13546500 -> -58.27546500
2026-08-15 15:12:56 | INFO     | pnl_engine | Trade processed: venue=OKX trade_id=T00181 trader=TRADER_B symbol=XRPUSDT side=SELL qty=1000 price=0.62115 fee=0.30811625 USDT fee_usdt=0.30811625 | position 8000 -> 7000 realized_pnl 125.2396599999999999999999993 -> 123.8396599999999999999999993
2026-08-15 15:12:56 | INFO     | pnl_engine | Trade processed: venue=OKX trade_id=T00640 trader=TRADER_B symbol=XRPUSDT side=BUY qty=500 price=0.62131 fee=0.11079508 USDT fee_usdt=0.11079508 | position 7000 -> 7500 realized_pnl 123.8396599999999999999999993 -> 123.8396599999999999999999993
2026-08-15 15:12:56 | INFO     | pnl_engine | Trade processed: venue=BINANCE trade_id=T00256 trader=TRADER_A symbol=BTCUSDT side=BUY qty=0.0625 price=62142.36 fee=1.21552394 USDT fee_usdt=1.21552394 | position -1.4375 -> -1.3750 realized_pnl 421.9685276377941176470588238 -> 423.0758661927813299232736582
2026-08-15 15:12:56 | INFO     | pnl_engine | Trade processed: venue=OKX trade_id=T00289 trader=TRADER_B symbol=XRPUSDT side=SELL qty=7500 price=0.62179 fee=1.40491690 USDT fee_usdt=1.40491690 | position 7500 -> 0 realized_pnl 123.8396599999999999999999993 -> 118.7596599999999999999999996
2026-08-15 15:12:56 | INFO     | pnl_engine | Trade processed: venue=BINANCE trade_id=T00225 trader=TRADER_A symbol=XRPUSDT side=BUY qty=500 price=0.62206 fee=0.11947159 USDT fee_usdt=0.11947159 | position 3750 -> 4250 realized_pnl 69.56489264705882352941176470 -> 69.56489264705882352941176470
2026-08-15 15:12:56 | INFO     | pnl_engine | Trade processed: venue=BYBIT trade_id=T00222 trader=TRADER_A symbol=SOLUSDT side=BUY qty=70 price=156.169 fee=4.39315318 USDT fee_usdt=4.39315318 | position -30 -> 40 realized_pnl 50.216766400 -> 48.056766400
2026-08-15 15:12:56 | INFO     | pnl_engine | Trade processed: venue=BYBIT trade_id=T00517 trader=TRADER_D symbol=XRPUSDT side=SELL qty=2250 price=0.62134 fee=0.40719379 USDT fee_usdt=0.40719379 | position 750 -> -1500 realized_pnl -19.38550000 -> -18.47800000
2026-08-15 15:12:56 | INFO     | pnl_engine | Trade processed: venue=BYBIT trade_id=T00665 trader=TRADER_D symbol=XRPUSDT side=BUY qty=1000 price=0.62145 fee=0.20621045 USDT fee_usdt=0.20621045 | position -1500 -> -500 realized_pnl -18.47800000 -> -18.58800000
2026-08-15 15:12:56 | INFO     | pnl_engine | Trade processed: venue=BINANCE trade_id=T00300 trader=TRADER_A symbol=XRPUSDT side=BUY qty=750 price=0.62101 fee=0.00014642 BNB fee_usdt=0.1161066674 | position 4250 -> 5000 realized_pnl 69.56489264705882352941176470 -> 69.56489264705882352941176470
2026-08-15 15:12:56 | INFO     | pnl_engine | Trade processed: venue=BINANCE trade_id=T00301 trader=TRADER_C symbol=SOLUSDT side=BUY qty=25 price=156.075 fee=0.84693531 USDT fee_usdt=0.84693531 | position -85 -> -60 realized_pnl -59.9858359999999999999999955 -> -60.0005418823529411764705830
2026-08-15 15:12:56 | INFO     | pnl_engine | Trade processed: venue=OKX trade_id=T00048 trader=TRADER_C symbol=XRPUSDT side=BUY qty=2000 price=0.62115 fee=0.46523851 USDT fee_usdt=0.46523851 | position 1000 -> 3000 realized_pnl -58.27546500 -> -58.27546500
2026-08-15 15:12:56 | INFO     | pnl_engine | Trade processed: venue=BYBIT trade_id=T00099 trader=TRADER_A symbol=SOLUSDT side=BUY qty=10 price=156.159 fee=0.76008307 USDT fee_usdt=0.76008307 | position 40 -> 50 realized_pnl 48.056766400 -> 48.056766400
2026-08-15 15:12:56 | INFO     | pnl_engine | Trade processed: venue=OKX trade_id=T00623 trader=TRADER_C symbol=SOLUSDT side=BUY qty=20 price=155.882 fee=0.00119201 BNB fee_usdt=0.9452281697 | position -10 -> 10 realized_pnl 162.9301660000000000000000040 -> 166.1676660000000000000000040
2026-08-15 15:12:56 | INFO     | pnl_engine | Trade processed: venue=BYBIT trade_id=T00016 trader=TRADER_B symbol=ETHUSDT side=SELL qty=1.5 price=3195.37 fee=2.08498154 USDT fee_usdt=2.08498154 | position -7.50 -> -9.00 realized_pnl -69.47216727795454545454545125 -> -69.47216727795454545454545125
2026-08-15 15:12:56 | INFO     | pnl_engine | Trade processed: venue=BINANCE trade_id=T00255 trader=TRADER_A symbol=BTCUSDT side=SELL qty=0.0625 price=62032.46 fee=1.68140527 USDT fee_usdt=1.68140527 | position -1.3750 -> -1.4375 realized_pnl 423.0758661927813299232736582 -> 423.0758661927813299232736582
2026-08-15 15:12:56 | INFO     | pnl_engine | Trade processed: venue=BINANCE trade_id=T00425 trader=TRADER_A symbol=BTCUSDT side=BUY qty=1.4375 price=62051.74 fee=19.27374603 USDT fee_usdt=19.27374603 | position -1.4375 -> 0 realized_pnl 423.0758661927813299232736582 -> 570.8348144025000000000000188
2026-08-15 15:12:56 | INFO     | pnl_engine | Trade processed: venue=BYBIT trade_id=T00196 trader=TRADER_A symbol=BTCUSDT side=SELL qty=0.1875 price=62159.49 fee=2.36003150 USDT fee_usdt=2.36003150 | position 1.0000 -> 0.8125 realized_pnl -261.3193750000000000000000044 -> -305.8356250000000000000000044
2026-08-15 15:12:56 | INFO     | pnl_engine | Trade processed: venue=BYBIT trade_id=T00478 trader=TRADER_B symbol=SOLUSDT side=SELL qty=10 price=156.039 fee=0.54213939 USDT fee_usdt=0.54213939 | position -25 -> -35 realized_pnl 1.60848300 -> 1.60848300
2026-08-15 15:12:56 | INFO     | pnl_engine | Trade processed: venue=OKX trade_id=T00739 trader=TRADER_C symbol=XRPUSDT side=SELL qty=3000 price=0.62067 fee=0.66696354 USDT fee_usdt=0.66696354 | position 3000 -> 0 realized_pnl -58.27546500 -> -58.99546500
2026-08-15 15:12:56 | INFO     | pnl_engine | Trade processed: venue=BYBIT trade_id=T00299 trader=TRADER_B symbol=SOLUSDT side=BUY qty=10 price=156.178 fee=0.69315063 USDT fee_usdt=0.69315063 | position -35 -> -25 realized_pnl 1.60848300 -> -1.3786598571428571428571430
2026-08-15 15:12:56 | INFO     | pnl_engine | Trade processed: venue=BYBIT trade_id=T00173 trader=TRADER_B symbol=SOLUSDT side=BUY qty=30 price=155.859 fee=1.06680664 USDT fee_usdt=1.06680664 | position -25 -> 5 realized_pnl -1.3786598571428571428571430 -> -0.8715170000000000000000005
2026-08-15 15:12:56 | INFO     | pnl_engine | Trade processed: venue=BINANCE trade_id=T00487 trader=TRADER_D symbol=XRPUSDT side=SELL qty=1000 price=0.62104 fee=0.14752596 USDT fee_usdt=0.14752596 | position 1250 -> 250 realized_pnl 0 -> -0.4580000000000000000000000
2026-08-15 15:12:56 | INFO     | pnl_engine | Trade processed: venue=BINANCE trade_id=T00278 trader=TRADER_A symbol=XRPUSDT side=BUY qty=1250 price=0.62088 fee=0.29304793 USDT fee_usdt=0.29304793 | position 5000 -> 6250 realized_pnl 69.56489264705882352941176470 -> 69.56489264705882352941176470
2026-08-15 15:12:56 | INFO     | pnl_engine | Trade processed: venue=BYBIT trade_id=T00616 trader=TRADER_A symbol=SOLUSDT side=BUY qty=40 price=156.668 fee=2.07036598 USDT fee_usdt=2.07036598 | position 50 -> 90 realized_pnl 48.056766400 -> 48.056766400
2026-08-15 15:12:56 | INFO     | pnl_engine | Trade processed: venue=OKX trade_id=T00389 trader=TRADER_C symbol=BTCUSDT side=SELL qty=0.0625 price=62118.6 fee=0.00108536 BNB fee_usdt=0.8613634032 | position 0.3750 -> 0.3125 realized_pnl 261.4987260590144230769230750 -> 289.8822919043870192307692288
2026-08-15 15:12:56 | INFO     | pnl_engine | Trade processed: venue=BYBIT trade_id=T00575 trader=TRADER_D symbol=XRPUSDT side=BUY qty=500 price=0.62111 fee=0.00014742 BNB fee_usdt=0.1169954604 | position -500 -> 0 realized_pnl -18.58800000 -> -18.47300000
2026-08-15 15:12:56 | INFO     | pnl_engine | Trade processed: venue=OKX trade_id=T00569 trader=TRADER_B symbol=ETHUSDT side=BUY qty=1.5 price=3210.13 fee=2.31738101 USDT fee_usdt=2.31738101 | position -1.25 -> 0.25 realized_pnl 0 -> -12.9875
2026-08-15 15:12:56 | INFO     | pnl_engine | Trade processed: venue=OKX trade_id=T00548 trader=TRADER_B symbol=ETHUSDT side=BUY qty=0.25 price=3204.03 fee=0.33599059 USDT fee_usdt=0.33599059 | position 0.25 -> 0.50 realized_pnl -12.9875 -> -12.9875
2026-08-15 15:12:56 | INFO     | pnl_engine | Trade processed: venue=OKX trade_id=T00121 trader=TRADER_C symbol=XRPUSDT side=BUY qty=500 price=0.62183 fee=0.10235476 USDT fee_usdt=0.10235476 | position 0 -> 500 realized_pnl -58.99546500 -> -58.99546500
2026-08-15 15:12:56 | INFO     | pnl_engine | Trade processed: venue=BYBIT trade_id=T00364 trader=TRADER_A symbol=BTCUSDT side=BUY qty=0.25 price=62070.13 fee=4.58825101 USDT fee_usdt=4.58825101 | position 0.8125 -> 1.0625 realized_pnl -305.8356250000000000000000044 -> -305.8356250000000000000000044
2026-08-15 15:12:56 | INFO     | pnl_engine | Trade processed: venue=BINANCE trade_id=T00041 trader=TRADER_A symbol=BTCUSDT side=SELL qty=0.0625 price=62070.2 fee=1.03705598 USDT fee_usdt=1.03705598 | position 0 -> -0.0625 realized_pnl 570.8348144025000000000000188 -> 570.8348144025000000000000188
2026-08-15 15:12:56 | INFO     | pnl_engine | Trade processed: venue=BYBIT trade_id=T00697 trader=TRADER_D symbol=XRPUSDT side=BUY qty=500 price=0.6212 fee=0.11433089 USDT fee_usdt=0.11433089 | position 0 -> 500 realized_pnl -18.47300000 -> -18.47300000
2026-08-15 15:12:56 | INFO     | pnl_engine | Trade processed: venue=OKX trade_id=T00405 trader=TRADER_C symbol=XRPUSDT side=SELL qty=750 price=0.6207 fee=0.17633091 USDT fee_usdt=0.17633091 | position 500 -> -250 realized_pnl -58.99546500 -> -59.56046500
2026-08-15 15:12:56 | INFO     | pnl_engine | Trade processed: venue=OKX trade_id=T00303 trader=TRADER_B symbol=XRPUSDT side=BUY qty=2000 price=0.62187 fee=0.56042875 USDT fee_usdt=0.56042875 | position 0 -> 2000 realized_pnl 118.7596599999999999999999996 -> 118.7596599999999999999999996
2026-08-15 15:12:56 | INFO     | pnl_engine | Trade processed: venue=BINANCE trade_id=T00005 trader=TRADER_A symbol=BTCUSDT side=SELL qty=0.25 price=61994.83 fee=5.20024303 USDT fee_usdt=5.20024303 | position -0.0625 -> -0.3125 realized_pnl 570.8348144025000000000000188 -> 570.8348144025000000000000188
2026-08-15 15:12:56 | INFO     | pnl_engine | Trade processed: venue=OKX trade_id=T00553 trader=TRADER_C symbol=BTCUSDT side=BUY qty=0.0625 price=62052.64 fee=1.08066500 USDT fee_usdt=1.08066500 | position 0.3125 -> 0.3750 realized_pnl 289.8822919043870192307692288 -> 289.8822919043870192307692288
2026-08-15 15:12:56 | INFO     | pnl_engine | Trade processed: venue=BINANCE trade_id=T00690 trader=TRADER_A symbol=XRPUSDT side=BUY qty=1500 price=0.62188 fee=0.27015750 USDT fee_usdt=0.27015750 | position 6250 -> 7750 realized_pnl 69.56489264705882352941176470 -> 69.56489264705882352941176470
2026-08-15 15:12:56 | INFO     | pnl_engine | Trade processed: venue=OKX trade_id=T00607 trader=TRADER_C symbol=BTCUSDT side=BUY qty=0.1875 price=62061.55 fee=3.05443131 USDT fee_usdt=3.05443131 | position 0.3750 -> 0.5625 realized_pnl 289.8822919043870192307692288 -> 289.8822919043870192307692288
2026-08-15 15:12:56 | INFO     | pnl_engine | Trade processed: venue=OKX trade_id=T00162 trader=TRADER_B symbol=ETHUSDT side=SELL qty=0.5 price=3192.63 fee=0.71884067 USDT fee_usdt=0.71884067 | position 0.50 -> 0 realized_pnl -12.9875 -> -20.2125
2026-08-15 15:12:56 | INFO     | pnl_engine | Trade processed: venue=BYBIT trade_id=T00525 trader=TRADER_D symbol=XRPUSDT side=SELL qty=1000 price=0.62149 fee=0.22663340 USDT fee_usdt=0.22663340 | position 500 -> -500 realized_pnl -18.47300000 -> -18.32800000
2026-08-15 15:12:56 | INFO     | pnl_engine | Trade processed: venue=BINANCE trade_id=T00516 trader=TRADER_A symbol=BTCUSDT side=BUY qty=0.3125 price=62308.97 fee=0.00923506 BNB fee_usdt=7.3056712648 | position -0.3125 -> 0 realized_pnl 570.8348144025000000000000188 -> 477.3766894025000000000000188
2026-08-15 15:12:56 | INFO     | pnl_engine | Trade processed: venue=OKX trade_id=T00560 trader=TRADER_C symbol=SOLUSDT side=SELL qty=20 price=156.382 fee=1.50456538 USDT fee_usdt=1.50456538 | position 10 -> -10 realized_pnl 166.1676660000000000000000040 -> 171.1676660000000000000000040
2026-08-15 15:12:56 | INFO     | pnl_engine | Trade processed: venue=OKX trade_id=T00141 trader=TRADER_B symbol=ETHUSDT side=BUY qty=0.5 price=3197.22 fee=0.50221859 USDT fee_usdt=0.50221859 | position 0 -> 0.5 realized_pnl -20.2125 -> -20.2125
2026-08-15 15:12:56 | INFO     | pnl_engine | Trade processed: venue=BINANCE trade_id=T00164 trader=TRADER_A symbol=XRPUSDT side=SELL qty=15750 price=0.62216 fee=3.90030296 USDT fee_usdt=3.90030296 | position 7750 -> -8000 realized_pnl 69.56489264705882352941176470 -> 80.61889999999999999999999968
2026-08-15 15:12:56 | INFO     | pnl_engine | Trade processed: venue=BINANCE trade_id=T00177 trader=TRADER_C symbol=SOLUSDT side=BUY qty=30 price=156.708 fee=0.00236177 BNB fee_usdt=1.8683490116 | position -60 -> -30 realized_pnl -60.0005418823529411764705830 -> -79.0081889411764705882352880
2026-08-15 15:12:56 | INFO     | pnl_engine | Trade processed: venue=BINANCE trade_id=T00314 trader=TRADER_A symbol=XRPUSDT side=SELL qty=1500 price=0.62152 fee=0.00029078 BNB fee_usdt=0.2300302424 | position -8000 -> -9500 realized_pnl 80.61889999999999999999999968 -> 80.61889999999999999999999968
2026-08-15 15:12:56 | INFO     | pnl_engine | Trade processed: venue=BINANCE trade_id=T00422 trader=TRADER_A symbol=XRPUSDT side=BUY qty=1500 price=0.62211 fee=0.40063557 USDT fee_usdt=0.40063557 | position -9500 -> -8000 realized_pnl 80.61889999999999999999999968 -> 80.54232105263157894736842078
2026-08-15 15:12:56 | INFO     | pnl_engine | Trade processed: venue=BYBIT trade_id=T00336 trader=TRADER_B symbol=ETHUSDT side=SELL qty=0.5 price=3197.26 fee=0.79447606 USDT fee_usdt=0.79447606 | position -9.00 -> -9.50 realized_pnl -69.47216727795454545454545125 -> -69.47216727795454545454545125
2026-08-15 15:12:56 | INFO     | pnl_engine | Trade processed: venue=BINANCE trade_id=T00251 trader=TRADER_D symbol=XRPUSDT side=BUY qty=750 price=0.62224 fee=0.15191030 USDT fee_usdt=0.15191030 | position 250 -> 1000 realized_pnl -0.4580000000000000000000000 -> -0.4580000000000000000000000
2026-08-15 15:12:56 | INFO     | pnl_engine | Trade processed: venue=BINANCE trade_id=T00022 trader=TRADER_A symbol=XRPUSDT side=SELL qty=1500 price=0.62234 fee=0.32844042 USDT fee_usdt=0.32844042 | position -8000 -> -9500 realized_pnl 80.54232105263157894736842078 -> 80.54232105263157894736842078
2026-08-15 15:12:56 | INFO     | pnl_engine | Trade processed: venue=BINANCE trade_id=T00226 trader=TRADER_A symbol=XRPUSDT side=BUY qty=1500 price=0.62157 fee=0.00055008 BNB fee_usdt=0.4351572864 | position -9500 -> -8000 realized_pnl 80.54232105263157894736842078 -> 81.34230720221606648199445953
2026-08-15 15:12:56 | INFO     | pnl_engine | Trade processed: venue=BYBIT trade_id=T00748 trader=TRADER_B symbol=SOLUSDT side=BUY qty=10 price=156.699 fee=0.00079729 BNB fee_usdt=0.6307201732 | position 5 -> 15 realized_pnl -0.8715170000000000000000005 -> -0.8715170000000000000000005
2026-08-15 15:12:56 | INFO     | pnl_engine | Trade processed: venue=BINANCE trade_id=T00319 trader=TRADER_D symbol=XRPUSDT side=SELL qty=250 price=0.6219 fee=0.00006178 BNB fee_usdt=0.0488729224 | position 1000 -> 750 realized_pnl -0.4580000000000000000000000 -> -0.4966250000000000000000000
2026-08-15 15:12:56 | INFO     | pnl_engine | Trade processed: venue=BINANCE trade_id=T00160 trader=TRADER_A symbol=XRPUSDT side=SELL qty=250 price=0.62194 fee=0.05389604 USDT fee_usdt=0.05389604 | position -8000 -> -8250 realized_pnl 81.34230720221606648199445953 -> 81.34230720221606648199445953
2026-08-15 15:12:56 | INFO     | pnl_engine | Trade processed: venue=BINANCE trade_id=T00523 trader=TRADER_C symbol=SOLUSDT side=SELL qty=5 price=156.368 fee=0.20484750 USDT fee_usdt=0.20484750 | position -30 -> -35 realized_pnl -79.0081889411764705882352880 -> -79.0081889411764705882352880
2026-08-15 15:12:56 | INFO     | pnl_engine | Trade processed: venue=BYBIT trade_id=T00083 trader=TRADER_B symbol=ETHUSDT side=BUY qty=0.5 price=3196.95 fee=0.00085010 BNB fee_usdt=0.6724971080 | position -9.50 -> -9.00 realized_pnl -69.47216727795454545454545125 -> -66.32845914398325358851674275
2026-08-15 15:12:56 | INFO     | pnl_engine | Trade processed: venue=BINANCE trade_id=T00409 trader=TRADER_A symbol=BTCUSDT side=BUY qty=0.5 price=62260.43 fee=0.01856091 BNB fee_usdt=14.6831646828 | position 0 -> 0.5 realized_pnl 477.3766894025000000000000188 -> 477.3766894025000000000000188
2026-08-15 15:12:56 | INFO     | pnl_engine | Trade processed: venue=BINANCE trade_id=T00118 trader=TRADER_A symbol=BTCUSDT side=SELL qty=0.125 price=62350.02 fee=2.18357001 USDT fee_usdt=2.18357001 | position 0.5 -> 0.375 realized_pnl 477.3766894025000000000000188 -> 488.5754394025000000000000188
2026-08-15 15:12:56 | INFO     | pnl_engine | Trade processed: venue=OKX trade_id=T00267 trader=TRADER_C symbol=SOLUSDT side=SELL qty=5 price=156.425 fee=0.17350644 USDT fee_usdt=0.17350644 | position -10 -> -15 realized_pnl 171.1676660000000000000000040 -> 171.1676660000000000000000040
2026-08-15 15:12:56 | INFO     | pnl_engine | Trade processed: venue=BYBIT trade_id=T00370 trader=TRADER_A symbol=SOLUSDT side=SELL qty=20 price=156.704 fee=1.45134812 USDT fee_usdt=1.45134812 | position 90 -> 70 realized_pnl 48.056766400 -> 54.3434330666666666666666660
2026-08-15 15:12:56 | INFO     | pnl_engine | Trade processed: venue=OKX trade_id=T00627 trader=TRADER_B symbol=ETHUSDT side=SELL qty=0.5 price=3195.13 fee=0.37645433 USDT fee_usdt=0.37645433 | position 0.5 -> 0 realized_pnl -20.2125 -> -21.2575
2026-08-15 15:12:56 | INFO     | pnl_engine | Trade processed: venue=OKX trade_id=T00270 trader=TRADER_C symbol=BTCUSDT side=BUY qty=0.3125 price=62204.88 fee=7.37016922 USDT fee_usdt=7.37016922 | position 0.5625 -> 0.8750 realized_pnl 289.8822919043870192307692288 -> 289.8822919043870192307692288
2026-08-15 15:12:56 | INFO     | pnl_engine | Trade processed: venue=BYBIT trade_id=T00522 trader=TRADER_A symbol=SOLUSDT side=SELL qty=125 price=156.368 fee=7.61663432 USDT fee_usdt=7.61663432 | position 70 -> -55 realized_pnl 54.3434330666666666666666660 -> 52.8267663999999999999999970
2026-08-15 15:12:56 | INFO     | pnl_engine | Trade processed: venue=BINANCE trade_id=T00439 trader=TRADER_A symbol=XRPUSDT side=BUY qty=16750 price=0.61914 fee=3.45175558 USDT fee_usdt=3.45175558 | position -8250 -> 8500 realized_pnl 81.34230720221606648199445953 -> 105.7488999999999999999999998
2026-08-15 15:12:56 | INFO     | pnl_engine | Trade processed: venue=BYBIT trade_id=T00602 trader=TRADER_A symbol=SOLUSDT side=SELL qty=20 price=156.275 fee=0.79563815 USDT fee_usdt=0.79563815 | position -55 -> -75 realized_pnl 52.8267663999999999999999970 -> 52.8267663999999999999999970
2026-08-15 15:12:56 | INFO     | pnl_engine | Trade processed: venue=BINANCE trade_id=T00211 trader=TRADER_D symbol=ETHUSDT side=BUY qty=0.5 price=3200.76 fee=0.50967487 USDT fee_usdt=0.50967487 | position -2.5 -> -2.0 realized_pnl 23.5827253000 -> 22.8387253000
2026-08-15 15:12:56 | INFO     | pnl_engine | Trade processed: venue=BYBIT trade_id=T00393 trader=TRADER_D symbol=XRPUSDT side=BUY qty=250 price=0.61981 fee=0.00005774 BNB fee_usdt=0.0457167998 | position -500 -> -250 realized_pnl -18.32800000 -> -17.90800000
2026-08-15 15:12:56 | INFO     | pnl_engine | Trade processed: venue=OKX trade_id=T00617 trader=TRADER_B symbol=ETHUSDT side=SELL qty=1.5 price=3198.06 fee=1.17535711 USDT fee_usdt=1.17535711 | position 0 -> -1.5 realized_pnl -21.2575 -> -21.2575
2026-08-15 15:12:56 | INFO     | pnl_engine | Trade processed: venue=BYBIT trade_id=T00670 trader=TRADER_A symbol=BTCUSDT side=SELL qty=0.1875 price=62555.28 fee=4.69780377 USDT fee_usdt=4.69780377 | position 1.0625 -> 0.8750 realized_pnl -305.8356250000000000000000044 -> -261.7244852941176470588235332
2026-08-15 15:12:56 | INFO     | pnl_engine | Trade processed: venue=OKX trade_id=T00097 trader=TRADER_C symbol=BTCUSDT side=SELL qty=0.875 price=62598.5 fee=20.54787528 USDT fee_usdt=20.54787528 | position 0.8750 -> 0 realized_pnl 289.8822919043870192307692288 -> 839.5694961312499999999999950
2026-08-15 15:12:56 | INFO     | pnl_engine | Trade processed: venue=BINANCE trade_id=T00536 trader=TRADER_A symbol=XRPUSDT side=BUY qty=1250 price=0.6192 fee=0.26806627 USDT fee_usdt=0.26806627 | position 8500 -> 9750 realized_pnl 105.7488999999999999999999998 -> 105.7488999999999999999999998
2026-08-15 15:12:56 | INFO     | pnl_engine | Trade processed: venue=BINANCE trade_id=T00473 trader=TRADER_D symbol=XRPUSDT side=SELL qty=2000 price=0.62049 fee=0.42453297 USDT fee_usdt=0.42453297 | position 750 -> -1250 realized_pnl -0.4966250000000000000000000 -> -1.6700000000000000000000000
2026-08-15 15:12:56 | INFO     | pnl_engine | Trade processed: venue=BYBIT trade_id=T00146 trader=TRADER_A symbol=BTCUSDT side=SELL qty=0.125 price=62546.77 fee=3.61943928 USDT fee_usdt=3.61943928 | position 0.8750 -> 0.7500 realized_pnl -261.7244852941176470588235332 -> -233.3808088235294117647058857
2026-08-15 15:12:56 | INFO     | pnl_engine | Trade processed: venue=BYBIT trade_id=T00426 trader=TRADER_B symbol=SOLUSDT side=SELL qty=10 price=156.267 fee=0.32357509 USDT fee_usdt=0.32357509 | position 15 -> 5 realized_pnl -0.8715170000000000000000005 -> -2.3915170000000000000000005
2026-08-15 15:12:56 | INFO     | pnl_engine | Trade processed: venue=OKX trade_id=T00239 trader=TRADER_B symbol=XRPUSDT side=SELL qty=500 price=0.62041 fee=0.14093517 USDT fee_usdt=0.14093517 | position 2000 -> 1500 realized_pnl 118.7596599999999999999999996 -> 118.0296599999999999999999996
2026-08-15 15:12:56 | INFO     | pnl_engine | Trade processed: venue=OKX trade_id=T00186 trader=TRADER_C symbol=XRPUSDT side=BUY qty=1250 price=0.61944 fee=0.38352882 USDT fee_usdt=0.38352882 | position -250 -> 1000 realized_pnl -59.56046500 -> -59.24546500
2026-08-15 15:12:56 | INFO     | pnl_engine | Trade processed: venue=BYBIT trade_id=T00472 trader=TRADER_B symbol=SOLUSDT side=SELL qty=10 price=156.45 fee=0.38091683 USDT fee_usdt=0.38091683 | position 5 -> -5 realized_pnl -2.3915170000000000000000005 -> -2.2365170000000000000000005
2026-08-15 15:12:56 | INFO     | pnl_engine | Trade processed: venue=BYBIT trade_id=T00555 trader=TRADER_B symbol=ETHUSDT side=BUY qty=0.5 price=3196.53 fee=0.48190820 USDT fee_usdt=0.48190820 | position -9.00 -> -8.50 realized_pnl -66.32845914398325358851674275 -> -62.97475101001196172248803425
2026-08-15 15:12:56 | INFO     | pnl_engine | Trade processed: venue=BYBIT trade_id=T00241 trader=TRADER_A symbol=SOLUSDT side=BUY qty=30 price=156.589 fee=2.19375887 USDT fee_usdt=2.19375887 | position -75 -> -45 realized_pnl 52.8267663999999999999999970 -> 45.4527663999999999999999970
2026-08-15 15:12:56 | INFO     | pnl_engine | Trade processed: venue=OKX trade_id=T00271 trader=TRADER_B symbol=XRPUSDT side=SELL qty=2250 price=0.62137 fee=0.29239701 USDT fee_usdt=0.29239701 | position 1500 -> -750 realized_pnl 118.0296599999999999999999996 -> 117.2796599999999999999999996
2026-08-15 15:12:56 | INFO     | pnl_engine | Trade processed: venue=OKX trade_id=T00033 trader=TRADER_C symbol=SOLUSDT side=BUY qty=10 price=156.675 fee=0.61914217 USDT fee_usdt=0.61914217 | position -15 -> -5 realized_pnl 171.1676660000000000000000040 -> 168.3809993333333333333333370
2026-08-15 15:12:56 | INFO     | pnl_engine | Trade processed: venue=BYBIT trade_id=T00284 trader=TRADER_D symbol=XRPUSDT side=BUY qty=750 price=0.62061 fee=0.00022931 BNB fee_usdt=0.1815653649 | position -250 -> 500 realized_pnl -17.90800000 -> -17.68800000
2026-08-15 15:12:56 | INFO     | pnl_engine | Trade processed: venue=OKX trade_id=T00573 trader=TRADER_B symbol=XRPUSDT side=SELL qty=500 price=0.62165 fee=0.12402157 USDT fee_usdt=0.12402157 | position -750 -> -1250 realized_pnl 117.2796599999999999999999996 -> 117.2796599999999999999999996
2026-08-15 15:12:56 | INFO     | pnl_engine | Trade processed: venue=BINANCE trade_id=T00613 trader=TRADER_A symbol=BTCUSDT side=SELL qty=0.0625 price=62635.69 fee=0.00125130 BNB fee_usdt=0.9907668270 | position 0.375 -> 0.3125 realized_pnl 488.5754394025000000000000188 -> 512.0291894025000000000000188
2026-08-15 15:12:56 | INFO     | pnl_engine | Trade processed: venue=BYBIT trade_id=T00492 trader=TRADER_B symbol=SOLUSDT side=SELL qty=5 price=156.505 fee=0.00041008 BNB fee_usdt=0.3246972432 | position -5 -> -10 realized_pnl -2.2365170000000000000000005 -> -2.2365170000000000000000005
2026-08-15 15:12:56 | INFO     | pnl_engine | Trade processed: venue=BYBIT trade_id=T00331 trader=TRADER_B symbol=ETHUSDT side=SELL qty=0.25 price=3194.65 fee=0.20899096 USDT fee_usdt=0.20899096 | position -8.50 -> -8.75 realized_pnl -62.97475101001196172248803425 -> -62.97475101001196172248803425
2026-08-15 15:12:56 | INFO     | pnl_engine | Trade processed: venue=BINANCE trade_id=T00335 trader=TRADER_C symbol=SOLUSDT side=BUY qty=30 price=156.535 fee=1.36565376 USDT fee_usdt=1.36565376 | position -35 -> -5 realized_pnl -79.0081889411764705882352880 -> -91.5676007058823529411764650
2026-08-15 15:12:56 | INFO     | pnl_engine | Trade processed: venue=OKX trade_id=T00040 trader=TRADER_C symbol=BTCUSDT side=BUY qty=0.125 price=62629.52 fee=3.44853013 USDT fee_usdt=3.44853013 | position 0 -> 0.125 realized_pnl 839.5694961312499999999999950 -> 839.5694961312499999999999950
2026-08-15 15:12:56 | INFO     | pnl_engine | Trade processed: venue=BYBIT trade_id=T00088 trader=TRADER_A symbol=SOLUSDT side=BUY qty=15 price=156.488 fee=1.04926921 USDT fee_usdt=1.04926921 | position -45 -> -30 realized_pnl 45.4527663999999999999999970 -> 43.2807663999999999999999970
2026-08-15 15:12:56 | INFO     | pnl_engine | Trade processed: venue=OKX trade_id=T00485 trader=TRADER_C symbol=SOLUSDT side=BUY qty=10 price=156.396 fee=0.71984472 USDT fee_usdt=0.71984472 | position -5 -> 5 realized_pnl 168.3809993333333333333333370 -> 168.3826660000000000000000035
2026-08-15 15:12:56 | INFO     | pnl_engine | Trade processed: venue=BYBIT trade_id=T00489 trader=TRADER_B symbol=ETHUSDT side=SELL qty=1.5 price=3181.16 fee=1.54919725 USDT fee_usdt=1.54919725 | position -8.75 -> -10.25 realized_pnl -62.97475101001196172248803425 -> -62.97475101001196172248803425
2026-08-15 15:12:56 | INFO     | pnl_engine | Trade processed: venue=BINANCE trade_id=T00638 trader=TRADER_A symbol=ETHUSDT side=SELL qty=0.25 price=3187.06 fee=0.31103299 USDT fee_usdt=0.31103299 | position 0 -> -0.25 realized_pnl 13.30748017250000000000000000 -> 13.30748017250000000000000000
2026-08-15 15:12:56 | INFO     | pnl_engine | Trade processed: venue=BINANCE trade_id=T00352 trader=TRADER_D symbol=ETHUSDT side=SELL qty=1.5 price=3180.61 fee=2.37730153 USDT fee_usdt=2.37730153 | position -2.0 -> -3.5 realized_pnl 22.8387253000 -> 22.8387253000
2026-08-15 15:12:56 | INFO     | pnl_engine | Trade processed: venue=OKX trade_id=T00612 trader=TRADER_B symbol=ETHUSDT side=SELL qty=0.5 price=3182.13 fee=0.60224664 USDT fee_usdt=0.60224664 | position -1.5 -> -2.0 realized_pnl -21.2575 -> -21.2575
2026-08-15 15:12:56 | INFO     | pnl_engine | Trade processed: venue=BYBIT trade_id=T00410 trader=TRADER_D symbol=XRPUSDT side=BUY qty=250 price=0.62317 fee=0.04580724 USDT fee_usdt=0.04580724 | position 500 -> 750 realized_pnl -17.68800000 -> -17.68800000
2026-08-15 15:12:56 | INFO     | pnl_engine | Trade processed: venue=BYBIT trade_id=T00736 trader=TRADER_A symbol=SOLUSDT side=SELL qty=40 price=156.718 fee=3.10842641 USDT fee_usdt=3.10842641 | position -30 -> -70 realized_pnl 43.2807663999999999999999970 -> 43.2807663999999999999999970
2026-08-15 15:12:56 | INFO     | pnl_engine | Trade processed: venue=BYBIT trade_id=T00008 trader=TRADER_B symbol=ETHUSDT side=BUY qty=1 price=3181.63 fee=1.48934411 USDT fee_usdt=1.48934411 | position -10.25 -> -9.25 realized_pnl -62.97475101001196172248803425 -> -44.80762532440103862761115225
2026-08-15 15:12:56 | INFO     | pnl_engine | Trade processed: venue=BINANCE trade_id=T00221 trader=TRADER_C symbol=SOLUSDT side=BUY qty=40 price=156.682 fee=2.78478613 USDT fee_usdt=2.78478613 | position -5 -> 35 realized_pnl -91.5676007058823529411764650 -> -94.3958359999999999999999945
2026-08-15 15:12:56 | INFO     | pnl_engine | Trade processed: venue=OKX trade_id=T00460 trader=TRADER_C symbol=XRPUSDT side=SELL qty=1000 price=0.62335 fee=0.20743666 USDT fee_usdt=0.20743666 | position 1000 -> 0 realized_pnl -59.24546500 -> -55.33546500
2026-08-15 15:12:56 | INFO     | pnl_engine | Trade processed: venue=BYBIT trade_id=T00315 trader=TRADER_B symbol=ETHUSDT side=BUY qty=0.5 price=3186.06 fee=0.60801098 USDT fee_usdt=0.60801098 | position -9.25 -> -8.75 realized_pnl -44.80762532440103862761115225 -> -37.93906248159557708017271125
2026-08-15 15:12:56 | INFO     | pnl_engine | Trade processed: venue=BINANCE trade_id=T00650 trader=TRADER_A symbol=BTCUSDT side=BUY qty=0.375 price=62429.91 fee=7.03797031 USDT fee_usdt=7.03797031 | position 0.3125 -> 0.6875 realized_pnl 512.0291894025000000000000188 -> 512.0291894025000000000000188
2026-08-15 15:12:56 | INFO     | pnl_engine | Trade processed: venue=BINANCE trade_id=T00032 trader=TRADER_C symbol=SOLUSDT side=BUY qty=30 price=156.695 fee=1.25515719 USDT fee_usdt=1.25515719 | position 35 -> 65 realized_pnl -94.3958359999999999999999945 -> -94.3958359999999999999999945
2026-08-15 15:12:56 | INFO     | pnl_engine | Trade processed: venue=BYBIT trade_id=T00625 trader=TRADER_A symbol=BTCUSDT side=SELL qty=0.5 price=62431.62 fee=8.13292658 USDT fee_usdt=8.13292658 | position 0.7500 -> 0.2500 realized_pnl -233.3808088235294117647058857 -> -177.5811029411764705882352957
2026-08-15 15:12:56 | INFO     | pnl_engine | Trade processed: venue=OKX trade_id=T00101 trader=TRADER_B symbol=XRPUSDT side=BUY qty=500 price=0.62335 fee=0.12106052 USDT fee_usdt=0.12106052 | position -1250 -> -750 realized_pnl 117.2796599999999999999999996 -> 116.3456599999999999999999996
2026-08-15 15:12:56 | INFO     | pnl_engine | Trade processed: venue=BYBIT trade_id=T00349 trader=TRADER_A symbol=SOLUSDT side=BUY qty=10 price=156.485 fee=0.71953071 USDT fee_usdt=0.71953071 | position -70 -> -60 realized_pnl 43.2807663999999999999999970 -> 44.0044806857142857142857110
2026-08-15 15:12:56 | INFO     | pnl_engine | Trade processed: venue=BYBIT trade_id=T00433 trader=TRADER_A symbol=BTCUSDT side=BUY qty=0.125 price=62590.48 fee=2.44956248 USDT fee_usdt=2.44956248 | position 0.2500 -> 0.3750 realized_pnl -177.5811029411764705882352957 -> -177.5811029411764705882352957
2026-08-15 15:12:56 | INFO     | pnl_engine | Trade processed: venue=OKX trade_id=T00528 trader=TRADER_C symbol=SOLUSDT side=BUY qty=15 price=156.281 fee=0.53609293 USDT fee_usdt=0.53609293 | position 5 -> 20 realized_pnl 168.3826660000000000000000035 -> 168.3826660000000000000000035
2026-08-15 15:12:56 | INFO     | pnl_engine | Trade processed: venue=BYBIT trade_id=T00440 trader=TRADER_A symbol=SOLUSDT side=BUY qty=110 price=156.175 fee=4.69864048 USDT fee_usdt=4.69864048 | position -60 -> 50 realized_pnl 44.0044806857142857142857110 -> 66.9467663999999999999999950
2026-08-15 15:12:56 | INFO     | pnl_engine | Trade processed: venue=OKX trade_id=T00374 trader=TRADER_B symbol=XRPUSDT side=BUY qty=250 price=0.62466 fee=0.07330677 USDT fee_usdt=0.07330677 | position -750 -> -500 realized_pnl 116.3456599999999999999999996 -> 115.5511599999999999999999996
2026-08-15 15:12:56 | INFO     | pnl_engine | Trade processed: venue=BINANCE trade_id=T00297 trader=TRADER_A symbol=ETHUSDT side=SELL qty=0.25 price=3175.61 fee=0.18824151 USDT fee_usdt=0.18824151 | position -0.25 -> -0.50 realized_pnl 13.30748017250000000000000000 -> 13.30748017250000000000000000
2026-08-15 15:12:56 | INFO     | pnl_engine | Trade processed: venue=BYBIT trade_id=T00027 trader=TRADER_B symbol=ETHUSDT side=BUY qty=0.25 price=3177.8 fee=0.27175241 USDT fee_usdt=0.27175241 | position -8.75 -> -8.50 realized_pnl -37.93906248159557708017271125 -> -32.43978106019284630645349075
2026-08-15 15:12:56 | INFO     | pnl_engine | Trade processed: venue=OKX trade_id=T00636 trader=TRADER_C symbol=XRPUSDT side=SELL qty=250 price=0.62454 fee=0.03193182 USDT fee_usdt=0.03193182 | position 0 -> -250 realized_pnl -55.33546500 -> -55.33546500
2026-08-15 15:12:56 | INFO     | pnl_engine | Trade processed: venue=BINANCE trade_id=T00333 trader=TRADER_D symbol=ETHUSDT side=BUY qty=1 price=3175.96 fee=0.93612220 USDT fee_usdt=0.93612220 | position -3.5 -> -2.5 realized_pnl 22.8387253000 -> 38.1527253000
2026-08-15 15:12:56 | INFO     | pnl_engine | Trade processed: venue=OKX trade_id=T00056 trader=TRADER_C symbol=BTCUSDT side=BUY qty=0.5 price=62450.41 fee=0.00889613 BNB fee_usdt=7.0632603361 | position 0.125 -> 0.625 realized_pnl 839.5694961312499999999999950 -> 839.5694961312499999999999950
2026-08-15 15:12:56 | INFO     | pnl_engine | Trade processed: venue=BYBIT trade_id=T00556 trader=TRADER_B symbol=ETHUSDT side=SELL qty=0.75 price=3174.01 fee=1.02204246 USDT fee_usdt=1.02204246 | position -8.50 -> -9.25 realized_pnl -32.43978106019284630645349075 -> -32.43978106019284630645349075
2026-08-15 15:12:56 | INFO     | pnl_engine | Trade processed: venue=OKX trade_id=T00656 trader=TRADER_C symbol=XRPUSDT side=BUY qty=500 price=0.62429 fee=0.14690698 USDT fee_usdt=0.14690698 | position -250 -> 250 realized_pnl -55.33546500 -> -55.27296500
2026-08-15 15:12:56 | INFO     | pnl_engine | Trade processed: venue=OKX trade_id=T00151 trader=TRADER_C symbol=SOLUSDT side=SELL qty=10 price=156.147 fee=0.38252692 USDT fee_usdt=0.38252692 | position 20 -> 10 realized_pnl 168.3826660000000000000000035 -> 166.7551660000000000000000035
2026-08-15 15:12:56 | INFO     | pnl_engine | Trade processed: venue=BINANCE trade_id=T00385 trader=TRADER_D symbol=ETHUSDT side=SELL qty=0.5 price=3179.43 fee=0.53969903 USDT fee_usdt=0.53969903 | position -2.5 -> -3.0 realized_pnl 38.1527253000 -> 38.1527253000
2026-08-15 15:12:56 | INFO     | pnl_engine | Trade processed: venue=BINANCE trade_id=T00050 trader=TRADER_A symbol=XRPUSDT side=SELL qty=750 price=0.62496 fee=0.16631435 USDT fee_usdt=0.16631435 | position 9750 -> 9000 realized_pnl 105.7488999999999999999999998 -> 110.1081307692307692307692306
2026-08-15 15:12:56 | INFO     | pnl_engine | Trade processed: venue=OKX trade_id=T00529 trader=TRADER_C symbol=BTCUSDT side=BUY qty=0.5 price=62568.3 fee=14.21219998 USDT fee_usdt=14.21219998 | position 0.625 -> 1.125 realized_pnl 839.5694961312499999999999950 -> 839.5694961312499999999999950
2026-08-15 15:12:56 | INFO     | pnl_engine | Trade processed: venue=OKX trade_id=T00595 trader=TRADER_C symbol=SOLUSDT side=BUY qty=20 price=156.184 fee=0.69950138 USDT fee_usdt=0.69950138 | position 10 -> 30 realized_pnl 166.7551660000000000000000035 -> 166.7551660000000000000000035
2026-08-15 15:12:56 | INFO     | pnl_engine | Trade processed: venue=BYBIT trade_id=T00283 trader=TRADER_A symbol=BTCUSDT side=BUY qty=0.375 price=62730.95 fee=6.85774213 USDT fee_usdt=6.85774213 | position 0.3750 -> 0.7500 realized_pnl -177.5811029411764705882352957 -> -177.5811029411764705882352957
2026-08-15 15:12:56 | INFO     | pnl_engine | Trade processed: venue=BYBIT trade_id=T00054 trader=TRADER_B symbol=ETHUSDT side=SELL qty=0.25 price=3175.57 fee=0.31715540 USDT fee_usdt=0.31715540 | position -9.25 -> -9.50 realized_pnl -32.43978106019284630645349075 -> -32.43978106019284630645349075
2026-08-15 15:12:56 | INFO     | pnl_engine | Trade processed: venue=BYBIT trade_id=T00053 trader=TRADER_A symbol=BTCUSDT side=SELL qty=0.5 price=62698.03 fee=13.51752764 USDT fee_usdt=13.51752764 | position 0.7500 -> 0.2500 realized_pnl -177.5811029411764705882352957 -> -113.8470343137254901960784307
2026-08-15 15:12:56 | INFO     | pnl_engine | Trade processed: venue=OKX trade_id=T00195 trader=TRADER_C symbol=BTCUSDT side=BUY qty=0.125 price=62725.97 fee=2.07401399 USDT fee_usdt=2.07401399 | position 1.125 -> 1.250 realized_pnl 839.5694961312499999999999950 -> 839.5694961312499999999999950
2026-08-15 15:12:56 | INFO     | pnl_engine | Trade processed: venue=BINANCE trade_id=T00232 trader=TRADER_D symbol=XRPUSDT side=SELL qty=1000 price=0.6263 fee=0.15924666 USDT fee_usdt=0.15924666 | position -1250 -> -2250 realized_pnl -1.6700000000000000000000000 -> -1.6700000000000000000000000
2026-08-15 15:12:56 | INFO     | pnl_engine | Trade processed: venue=BYBIT trade_id=T00632 trader=TRADER_A symbol=SOLUSDT side=BUY qty=5 price=156.257 fee=0.31378138 USDT fee_usdt=0.31378138 | position 50 -> 55 realized_pnl 66.9467663999999999999999950 -> 66.9467663999999999999999950
2026-08-15 15:12:56 | INFO     | pnl_engine | Trade processed: venue=BYBIT trade_id=T00691 trader=TRADER_D symbol=XRPUSDT side=SELL qty=1500 price=0.62604 fee=0.21191881 USDT fee_usdt=0.21191881 | position 750 -> -750 realized_pnl -17.68800000 -> -14.25549999999999999999999998
2026-08-15 15:12:56 | INFO     | pnl_engine | Trade processed: venue=BINANCE trade_id=T00073 trader=TRADER_A symbol=BTCUSDT side=BUY qty=0.5 price=62716.81 fee=10.51192747 USDT fee_usdt=10.51192747 | position 0.6875 -> 1.1875 realized_pnl 512.0291894025000000000000188 -> 512.0291894025000000000000188
2026-08-15 15:12:56 | INFO     | pnl_engine | Trade processed: venue=BINANCE trade_id=T00457 trader=TRADER_A symbol=XRPUSDT side=BUY qty=250 price=0.62636 fee=0.05999685 USDT fee_usdt=0.05999685 | position 9000 -> 9250 realized_pnl 110.1081307692307692307692306 -> 110.1081307692307692307692306
2026-08-15 15:12:56 | INFO     | pnl_engine | Trade processed: venue=BINANCE trade_id=T00230 trader=TRADER_D symbol=ETHUSDT side=SELL qty=1.5 price=3178.3 fee=2.33842651 USDT fee_usdt=2.33842651 | position -3.0 -> -4.5 realized_pnl 38.1527253000 -> 38.1527253000
2026-08-15 15:12:56 | INFO     | pnl_engine | Trade processed: venue=BINANCE trade_id=T00210 trader=TRADER_C symbol=SOLUSDT side=BUY qty=5 price=156.599 fee=0.27691813 USDT fee_usdt=0.27691813 | position 65 -> 70 realized_pnl -94.3958359999999999999999945 -> -94.3958359999999999999999945
2026-08-15 15:12:56 | INFO     | pnl_engine | Trade processed: venue=BYBIT trade_id=T00576 trader=TRADER_B symbol=ETHUSDT side=SELL qty=1 price=3175.09 fee=0.80358344 USDT fee_usdt=0.80358344 | position -9.50 -> -10.50 realized_pnl -32.43978106019284630645349075 -> -32.43978106019284630645349075
2026-08-15 15:12:56 | INFO     | pnl_engine | Trade processed: venue=OKX trade_id=T00531 trader=TRADER_B symbol=XRPUSDT side=BUY qty=500 price=0.62628 fee=0.00008580 BNB fee_usdt=0.0683379840 | position -500 -> 0 realized_pnl 115.5511599999999999999999996 -> 113.1521599999999999999999996
2026-08-15 15:12:56 | INFO     | pnl_engine | Trade processed: venue=BINANCE trade_id=T00451 trader=TRADER_D symbol=ETHUSDT side=BUY qty=0.5 price=3175.72 fee=0.45484045 USDT fee_usdt=0.45484045 | position -4.5 -> -4.0 realized_pnl 38.1527253000 -> 43.1093919666666666666666665
2026-08-15 15:12:56 | INFO     | pnl_engine | Trade processed: venue=OKX trade_id=T00155 trader=TRADER_C symbol=SOLUSDT side=SELL qty=30 price=156.515 fee=1.21834846 USDT fee_usdt=1.21834846 | position 30 -> 0 realized_pnl 166.7551660000000000000000035 -> 175.4276660000000000000000025
2026-08-15 15:12:56 | INFO     | pnl_engine | Trade processed: venue=BINANCE trade_id=T00435 trader=TRADER_C symbol=SOLUSDT side=BUY qty=10 price=156.285 fee=0.58671302 USDT fee_usdt=0.58671302 | position 70 -> 80 realized_pnl -94.3958359999999999999999945 -> -94.3958359999999999999999945
2026-08-15 15:12:56 | INFO     | pnl_engine | Trade processed: venue=OKX trade_id=T00733 trader=TRADER_C symbol=SOLUSDT side=SELL qty=10 price=156.09 fee=0.54896222 USDT fee_usdt=0.54896222 | position 0 -> -10 realized_pnl 175.4276660000000000000000025 -> 175.4276660000000000000000025
2026-08-15 15:12:56 | INFO     | pnl_engine | Trade processed: venue=BYBIT trade_id=T00411 trader=TRADER_B symbol=ETHUSDT side=BUY qty=21.25 price=3179.9 fee=33.25018318 USDT fee_usdt=33.25018318 | position -10.50 -> 10.75 realized_pnl -32.43978106019284630645349075 -> 126.3757872675000000000000092
2026-08-15 15:12:56 | INFO     | pnl_engine | Trade processed: venue=OKX trade_id=T00154 trader=TRADER_C symbol=BTCUSDT side=SELL qty=2.375 price=62559.99 fee=32.13834082 USDT fee_usdt=32.13834082 | position 1.250 -> -1.125 realized_pnl 839.5694961312499999999999950 -> 860.7657461312499999999999950
2026-08-15 15:12:56 | INFO     | pnl_engine | Trade processed: venue=BINANCE trade_id=T00069 trader=TRADER_A symbol=ETHUSDT side=SELL qty=0.25 price=3178.9 fee=0.00035866 BNB fee_usdt=0.2860564562 | position -0.50 -> -0.75 realized_pnl 13.30748017250000000000000000 -> 13.30748017250000000000000000
2026-08-15 15:12:56 | INFO     | pnl_engine | Trade processed: venue=BINANCE trade_id=T00682 trader=TRADER_A symbol=ETHUSDT side=SELL qty=0.75 price=3179.59 fee=0.78714675 USDT fee_usdt=0.78714675 | position -0.75 -> -1.50 realized_pnl 13.30748017250000000000000000 -> 13.30748017250000000000000000
2026-08-15 15:12:56 | INFO     | pnl_engine | Trade processed: venue=BYBIT trade_id=T00217 trader=TRADER_A symbol=BTCUSDT side=SELL qty=0.4375 price=62604.14 fee=10.90840565 USDT fee_usdt=10.90840565 | position 0.2500 -> -0.1875 realized_pnl -113.8470343137254901960784307 -> -105.4524999999999999999999982
2026-08-15 15:12:56 | INFO     | pnl_engine | Trade processed: venue=BINANCE trade_id=T00651 trader=TRADER_D symbol=XRPUSDT side=SELL qty=1500 price=0.62678 fee=0.41103780 USDT fee_usdt=0.41103780 | position -2250 -> -3750 realized_pnl -1.6700000000000000000000000 -> -1.6700000000000000000000000
2026-08-15 15:12:56 | INFO     | pnl_engine | Trade processed: venue=BYBIT trade_id=T00596 trader=TRADER_A symbol=SOLUSDT side=SELL qty=110 price=156.21 fee=0.00619138 BNB fee_usdt=4.9380589466 | position 55 -> -55 realized_pnl 66.9467663999999999999999950 -> 68.4617663999999999999999975
2026-08-15 15:12:56 | INFO     | pnl_engine | Trade processed: venue=BINANCE trade_id=T00673 trader=TRADER_A symbol=BTCUSDT side=SELL qty=1.1875 price=62533.7 fee=20.37090571 USDT fee_usdt=20.37090571 | position 1.1875 -> 0 realized_pnl 512.0291894025000000000000188 -> 544.7923144025000000000000188
2026-08-15 15:12:56 | INFO     | pnl_engine | Trade processed: venue=OKX trade_id=T00585 trader=TRADER_C symbol=BTCUSDT side=BUY qty=2.1875 price=62540.82 fee=46.04933359 USDT fee_usdt=46.04933359 | position -1.125 -> 1.0625 realized_pnl 860.7657461312499999999999950 -> 882.3319961312499999999999950
2026-08-15 15:12:56 | INFO     | pnl_engine | Trade processed: venue=OKX trade_id=T00490 trader=TRADER_C symbol=SOLUSDT side=SELL qty=10 price=156.361 fee=0.68621658 USDT fee_usdt=0.68621658 | position -10 -> -20 realized_pnl 175.4276660000000000000000025 -> 175.4276660000000000000000025
2026-08-15 15:12:56 | INFO     | pnl_engine | Trade processed: venue=OKX trade_id=T00702 trader=TRADER_C symbol=SOLUSDT side=SELL qty=10 price=155.661 fee=0.32016865 USDT fee_usdt=0.32016865 | position -20 -> -30 realized_pnl 175.4276660000000000000000025 -> 175.4276660000000000000000025
2026-08-15 15:12:56 | INFO     | pnl_engine | Trade processed: venue=BINANCE trade_id=T00497 trader=TRADER_C symbol=SOLUSDT side=BUY qty=40 price=155.727 fee=1.98644633 USDT fee_usdt=1.98644633 | position 80 -> 120 realized_pnl -94.3958359999999999999999945 -> -94.3958359999999999999999945
2026-08-15 15:12:56 | INFO     | pnl_engine | Trade processed: venue=BYBIT trade_id=T00104 trader=TRADER_A symbol=BTCUSDT side=SELL qty=0.0625 price=62764.77 fee=1.38679326 USDT fee_usdt=1.38679326 | position -0.1875 -> -0.2500 realized_pnl -105.4524999999999999999999982 -> -105.4524999999999999999999982
2026-08-15 15:12:56 | INFO     | pnl_engine | Trade processed: venue=BINANCE trade_id=T00704 trader=TRADER_A symbol=ETHUSDT side=SELL qty=0.5 price=3179.18 fee=0.00052590 BNB fee_usdt=0.4187005440 | position -1.50 -> -2.00 realized_pnl 13.30748017250000000000000000 -> 13.30748017250000000000000000
2026-08-15 15:12:56 | INFO     | pnl_engine | Trade processed: venue=BINANCE trade_id=T00213 trader=TRADER_D symbol=ETHUSDT side=BUY qty=1 price=3177.6 fee=1.02433432 USDT fee_usdt=1.02433432 | position -4.0 -> -3.0 realized_pnl 43.1093919666666666666666665 -> 51.1427252999999999999999995
2026-08-15 15:12:56 | INFO     | pnl_engine | Trade processed: venue=BINANCE trade_id=T00743 trader=TRADER_A symbol=ETHUSDT side=BUY qty=3.25 price=3177.67 fee=4.28087869 USDT fee_usdt=4.28087869 | position -2.00 -> 1.25 realized_pnl 13.30748017250000000000000000 -> 17.64248017250000000000000000
2026-08-15 15:12:56 | INFO     | pnl_engine | Trade processed: venue=BYBIT trade_id=T00068 trader=TRADER_B symbol=SOLUSDT side=SELL qty=20 price=155.83 fee=0.65377935 USDT fee_usdt=0.65377935 | position -10 -> -30 realized_pnl -2.2365170000000000000000005 -> -2.2365170000000000000000005
2026-08-15 15:12:56 | INFO     | pnl_engine | Trade processed: venue=BINANCE trade_id=T00170 trader=TRADER_A symbol=ETHUSDT side=SELL qty=0.5 price=3175.93 fee=0.00060154 BNB fee_usdt=0.4789220864 | position 1.25 -> 0.75 realized_pnl 17.64248017250000000000000000 -> 16.77248017250000000000000000
2026-08-15 15:12:56 | INFO     | pnl_engine | Trade processed: venue=BINANCE trade_id=T00326 trader=TRADER_A symbol=ETHUSDT side=BUY qty=0.25 price=3179.21 fee=0.34213362 USDT fee_usdt=0.34213362 | position 0.75 -> 1.00 realized_pnl 16.77248017250000000000000000 -> 16.77248017250000000000000000
2026-08-15 15:12:56 | INFO     | pnl_engine | Trade processed: venue=BYBIT trade_id=T00559 trader=TRADER_B symbol=ETHUSDT side=BUY qty=1.25 price=3178.98 fee=1.39403963 USDT fee_usdt=1.39403963 | position 10.75 -> 12.00 realized_pnl 126.3757872675000000000000092 -> 126.3757872675000000000000092
2026-08-15 15:12:56 | INFO     | pnl_engine | Trade processed: venue=BINANCE trade_id=T00491 trader=TRADER_A symbol=XRPUSDT side=SELL qty=9250 price=0.6289 fee=2.21757092 USDT fee_usdt=2.21757092 | position 9250 -> 0 realized_pnl 110.1081307692307692307692306 -> 198.5138999999999999999999993
2026-08-15 15:12:56 | INFO     | pnl_engine | Trade processed: venue=BYBIT trade_id=T00417 trader=TRADER_D symbol=XRPUSDT side=BUY qty=2000 price=0.62841 fee=0.43919180 USDT fee_usdt=0.43919180 | position -750 -> 1250 realized_pnl -14.25549999999999999999999998 -> -16.03299999999999999999999998
2026-08-15 15:12:56 | INFO     | pnl_engine | Trade processed: venue=BINANCE trade_id=T00696 trader=TRADER_A symbol=BTCUSDT side=BUY qty=0.5 price=62631.05 fee=7.18367186 USDT fee_usdt=7.18367186 | position 0 -> 0.5 realized_pnl 544.7923144025000000000000188 -> 544.7923144025000000000000188
2026-08-15 15:12:56 | INFO     | pnl_engine | Trade processed: venue=BYBIT trade_id=T00649 trader=TRADER_D symbol=XRPUSDT side=SELL qty=750 price=0.62932 fee=0.23477607 USDT fee_usdt=0.23477607 | position 1250 -> 500 realized_pnl -16.03299999999999999999999998 -> -15.35049999999999999999999998
2026-08-15 15:12:56 | INFO     | pnl_engine | Trade processed: venue=BYBIT trade_id=T00329 trader=TRADER_A symbol=BTCUSDT side=BUY qty=0.5 price=62620.07 fee=11.42818051 USDT fee_usdt=11.42818051 | position -0.2500 -> 0.2500 realized_pnl -105.4524999999999999999999982 -> -99.3956249999999999999999982
2026-08-15 15:12:56 | INFO     | pnl_engine | Trade processed: venue=BYBIT trade_id=T00229 trader=TRADER_A symbol=BTCUSDT side=SELL qty=0.0625 price=62495.83 fee=0.00243135 BNB fee_usdt=1.941919245 | position 0.2500 -> 0.1875 realized_pnl -99.3956249999999999999999982 -> -107.1606249999999999999999982
2026-08-15 15:12:56 | INFO     | pnl_engine | Trade processed: venue=OKX trade_id=T00200 trader=TRADER_B symbol=ETHUSDT side=SELL qty=0.75 price=3171.65 fee=0.53969894 USDT fee_usdt=0.53969894 | position -2.0 -> -2.75 realized_pnl -21.2575 -> -21.2575
2026-08-15 15:12:56 | INFO     | pnl_engine | Trade processed: venue=OKX trade_id=T00193 trader=TRADER_B symbol=XRPUSDT side=SELL qty=2000 price=0.62987 fee=0.58325412 USDT fee_usdt=0.58325412 | position 0 -> -2000 realized_pnl 113.1521599999999999999999996 -> 113.1521599999999999999999996
2026-08-15 15:12:56 | INFO     | pnl_engine | Trade processed: venue=BINANCE trade_id=T00345 trader=TRADER_D symbol=ETHUSDT side=BUY qty=6 price=3170.99 fee=5.81504632 USDT fee_usdt=5.81504632 | position -3.0 -> 3.0 realized_pnl 51.1427252999999999999999995 -> 95.0727252999999999999999985
2026-08-15 15:12:56 | INFO     | pnl_engine | Trade processed: venue=BYBIT trade_id=T00207 trader=TRADER_A symbol=BTCUSDT side=SELL qty=0.1875 price=62622.91 fee=5.52729409 USDT fee_usdt=5.52729409 | position 0.1875 -> 0 realized_pnl -107.1606249999999999999999982 -> -106.6281249999999999999999982
2026-08-15 15:12:56 | INFO     | pnl_engine | Trade processed: venue=BYBIT trade_id=T00168 trader=TRADER_D symbol=XRPUSDT side=BUY qty=1500 price=0.6293 fee=0.25459378 USDT fee_usdt=0.25459378 | position 500 -> 2000 realized_pnl -15.35049999999999999999999998 -> -15.35049999999999999999999998
2026-08-15 15:12:56 | INFO     | pnl_engine | Trade processed: venue=BYBIT trade_id=T00291 trader=TRADER_D symbol=XRPUSDT side=SELL qty=1500 price=0.62941 fee=0.31674811 USDT fee_usdt=0.31674811 | position 2000 -> 500 realized_pnl -15.35049999999999999999999998 -> -14.85174999999999999999999998
2026-08-15 15:12:56 | INFO     | pnl_engine | Trade processed: venue=BYBIT trade_id=T00436 trader=TRADER_D symbol=XRPUSDT side=SELL qty=1500 price=0.63049 fee=0.00034451 BNB fee_usdt=0.275160137 | position 500 -> -1000 realized_pnl -14.85174999999999999999999998 -> -14.14549999999999999999999998
2026-08-15 15:12:56 | INFO     | pnl_engine | Trade processed: venue=BINANCE trade_id=T00202 trader=TRADER_D symbol=XRPUSDT side=SELL qty=500 price=0.63044 fee=0.07798692 USDT fee_usdt=0.07798692 | position -3750 -> -4250 realized_pnl -1.6700000000000000000000000 -> -1.6700000000000000000000000
2026-08-15 15:12:56 | INFO     | pnl_engine | Trade processed: venue=OKX trade_id=T00603 trader=TRADER_C symbol=BTCUSDT side=SELL qty=0.3125 price=62557.54 fee=5.01458469 USDT fee_usdt=5.01458469 | position 1.0625 -> 0.7500 realized_pnl 882.3319961312499999999999950 -> 887.5569961312499999999999950
2026-08-15 15:12:56 | INFO     | pnl_engine | Trade processed: venue=BINANCE trade_id=T00371 trader=TRADER_D symbol=XRPUSDT side=BUY qty=1500 price=0.62969 fee=0.23035487 USDT fee_usdt=0.23035487 | position -4250 -> -2750 realized_pnl -1.6700000000000000000000000 -> -8.333529411764705882352941150
2026-08-15 15:12:56 | INFO     | pnl_engine | Trade processed: venue=OKX trade_id=T00025 trader=TRADER_C symbol=BTCUSDT side=BUY qty=0.1875 price=62587.89 fee=3.83984119 USDT fee_usdt=3.83984119 | position 0.7500 -> 0.9375 realized_pnl 887.5569961312499999999999950 -> 887.5569961312499999999999950
2026-08-15 15:12:56 | INFO     | pnl_engine | Trade processed: venue=BINANCE trade_id=T00608 trader=TRADER_C symbol=SOLUSDT side=SELL qty=250 price=155.538 fee=11.15435594 USDT fee_usdt=11.15435594 | position 120 -> -130 realized_pnl -94.3958359999999999999999945 -> -189.4808359999999999999999945
2026-08-15 15:12:56 | INFO     | pnl_engine | Trade processed: venue=BYBIT trade_id=T00481 trader=TRADER_D symbol=XRPUSDT side=SELL qty=750 price=0.63038 fee=0.00028744 BNB fee_usdt=0.229578328 | position -1000 -> -1750 realized_pnl -14.14549999999999999999999998 -> -14.14549999999999999999999998
2026-08-15 15:12:56 | INFO     | pnl_engine | Trade processed: venue=BYBIT trade_id=T00011 trader=TRADER_D symbol=XRPUSDT side=SELL qty=750 price=0.62949 fee=0.16053300 USDT fee_usdt=0.16053300 | position -1750 -> -2500 realized_pnl -14.14549999999999999999999998 -> -14.14549999999999999999999998
2026-08-15 15:12:56 | INFO     | pnl_engine | Trade processed: venue=OKX trade_id=T00657 trader=TRADER_B symbol=XRPUSDT side=BUY qty=4000 price=0.62988 fee=0.92523166 USDT fee_usdt=0.92523166 | position -2000 -> 2000 realized_pnl 113.1521599999999999999999996 -> 113.1321599999999999999999996
2026-08-15 15:12:56 | INFO     | pnl_engine | Trade processed: venue=OKX trade_id=T00148 trader=TRADER_B symbol=ETHUSDT side=BUY qty=5.75 price=3186.21 fee=7.89498919 USDT fee_usdt=7.89498919 | position -2.75 -> 3.00 realized_pnl -21.2575 -> -16.44250000000000000000000025
2026-08-15 15:12:56 | INFO     | pnl_engine | Trade processed: venue=BINANCE trade_id=T00377 trader=TRADER_D symbol=ETHUSDT side=SELL qty=1 price=3186.14 fee=0.77399635 USDT fee_usdt=0.77399635 | position 3.0 -> 2.0 realized_pnl 95.0727252999999999999999985 -> 110.2227252999999999999999985
2026-08-15 15:12:56 | INFO     | pnl_engine | Trade processed: venue=BINANCE trade_id=T00461 trader=TRADER_A symbol=BTCUSDT side=BUY qty=0.375 price=62804.28 fee=10.76773997 USDT fee_usdt=10.76773997 | position 0.5 -> 0.875 realized_pnl 544.7923144025000000000000188 -> 544.7923144025000000000000188
2026-08-15 15:12:56 | INFO     | pnl_engine | Trade processed: venue=BINANCE trade_id=T00159 trader=TRADER_C symbol=SOLUSDT side=SELL qty=10 price=155.384 fee=0.53978861 USDT fee_usdt=0.53978861 | position -130 -> -140 realized_pnl -189.4808359999999999999999945 -> -189.4808359999999999999999945
2026-08-15 15:12:56 | INFO     | pnl_engine | Trade processed: venue=BINANCE trade_id=T00077 trader=TRADER_C symbol=SOLUSDT side=SELL qty=15 price=155.558 fee=0.50773013 USDT fee_usdt=0.50773013 | position -140 -> -155 realized_pnl -189.4808359999999999999999945 -> -189.4808359999999999999999945
2026-08-15 15:12:56 | INFO     | pnl_engine | Trade processed: venue=BYBIT trade_id=T00026 trader=TRADER_B symbol=ETHUSDT side=SELL qty=23.25 price=3184.5 fee=0.04549092 BNB fee_usdt=36.3918261816 | position 12.00 -> -11.25 realized_pnl 126.3757872675000000000000092 -> 182.7257872675000000000000052
2026-08-15 15:12:56 | INFO     | pnl_engine | Trade processed: venue=BYBIT trade_id=T00416 trader=TRADER_A symbol=BTCUSDT side=BUY qty=0.0625 price=62696.91 fee=1.46288230 USDT fee_usdt=1.46288230 | position 0 -> 0.0625 realized_pnl -106.6281249999999999999999982 -> -106.6281249999999999999999982
2026-08-15 15:12:56 | INFO     | pnl_engine | Trade processed: venue=BINANCE trade_id=T00228 trader=TRADER_A symbol=XRPUSDT side=SELL qty=1250 price=0.62742 fee=0.26285720 USDT fee_usdt=0.26285720 | position 0 -> -1250 realized_pnl 198.5138999999999999999999993 -> 198.5138999999999999999999993
2026-08-15 15:12:56 | INFO     | pnl_engine | Trade processed: venue=OKX trade_id=T00245 trader=TRADER_B symbol=XRPUSDT side=SELL qty=2000 price=0.62712 fee=0.44974016 USDT fee_usdt=0.44974016 | position 2000 -> 0 realized_pnl 113.1321599999999999999999996 -> 107.6121599999999999999999996
2026-08-15 15:12:56 | INFO     | pnl_engine | Trade processed: venue=BINANCE trade_id=T00448 trader=TRADER_C symbol=SOLUSDT side=SELL qty=5 price=155.566 fee=0.00023069 BNB fee_usdt=0.1845473862 | position -155 -> -160 realized_pnl -189.4808359999999999999999945 -> -189.4808359999999999999999945
2026-08-15 15:12:56 | INFO     | pnl_engine | Trade processed: venue=OKX trade_id=T00707 trader=TRADER_B symbol=XRPUSDT side=SELL qty=1000 price=0.62798 fee=0.17525937 USDT fee_usdt=0.17525937 | position 0 -> -1000 realized_pnl 107.6121599999999999999999996 -> 107.6121599999999999999999996
2026-08-15 15:12:56 | INFO     | pnl_engine | Trade processed: venue=BINANCE trade_id=T00367 trader=TRADER_D symbol=ETHUSDT side=SELL qty=1 price=3184.29 fee=1.41553789 USDT fee_usdt=1.41553789 | position 2.0 -> 1.0 realized_pnl 110.2227252999999999999999985 -> 123.5227252999999999999999985
2026-08-15 15:12:56 | INFO     | pnl_engine | Trade processed: venue=BYBIT trade_id=T00084 trader=TRADER_B symbol=ETHUSDT side=BUY qty=1.5 price=3184.59 fee=2.29652214 USDT fee_usdt=2.29652214 | position -11.25 -> -9.75 realized_pnl 182.7257872675000000000000052 -> 182.5907872675000000000000052
2026-08-15 15:12:56 | INFO     | pnl_engine | Trade processed: venue=BINANCE trade_id=T00002 trader=TRADER_A symbol=BTCUSDT side=SELL qty=0.3125 price=62822.39 fee=9.19303613 USDT fee_usdt=9.19303613 | position 0.875 -> 0.5625 realized_pnl 544.7923144025000000000000188 -> 581.3856179739285714285714469
2026-08-15 15:12:56 | INFO     | pnl_engine | Trade processed: venue=OKX trade_id=T00694 trader=TRADER_C symbol=BTCUSDT side=BUY qty=0.125 price=62711.12 fee=3.32418299 USDT fee_usdt=3.32418299 | position 0.9375 -> 1.0625 realized_pnl 887.5569961312499999999999950 -> 887.5569961312499999999999950
2026-08-15 15:12:56 | INFO     | pnl_engine | Trade processed: venue=OKX trade_id=T00392 trader=TRADER_C symbol=XRPUSDT side=BUY qty=750 price=0.62764 fee=0.17717791 USDT fee_usdt=0.17717791 | position 250 -> 1000 realized_pnl -55.27296500 -> -55.27296500
2026-08-15 15:12:56 | INFO     | pnl_engine | Trade processed: venue=OKX trade_id=T00334 trader=TRADER_C symbol=SOLUSDT side=BUY qty=30 price=155.451 fee=0.00288479 BNB fee_usdt=2.3077743042 | position -30 -> 0 realized_pnl 175.4276660000000000000000025 -> 193.0176660000000000000000015
2026-08-15 15:12:56 | INFO     | pnl_engine | Trade processed: venue=OKX trade_id=T00282 trader=TRADER_B symbol=ETHUSDT side=SELL qty=0.25 price=3189.56 fee=0.36516117 USDT fee_usdt=0.36516117 | position 3.00 -> 2.75 realized_pnl -16.44250000000000000000000025 -> -15.60500000000000000000000025
2026-08-15 15:12:56 | INFO     | pnl_engine | Trade processed: venue=BYBIT trade_id=T00356 trader=TRADER_A symbol=BTCUSDT side=SELL qty=0.1875 price=62689.71 fee=3.63515860 USDT fee_usdt=3.63515860 | position 0.0625 -> -0.1250 realized_pnl -106.6281249999999999999999982 -> -107.0781249999999999999999982
2026-08-15 15:12:56 | INFO     | pnl_engine | Trade processed: venue=BINANCE trade_id=T00043 trader=TRADER_D symbol=ETHUSDT side=BUY qty=0.75 price=3188.25 fee=0.00100327 BNB fee_usdt=0.8047328997 | position 1.0 -> 1.75 realized_pnl 123.5227252999999999999999985 -> 123.5227252999999999999999985
2026-08-15 15:12:56 | INFO     | pnl_engine | Trade processed: venue=OKX trade_id=T00557 trader=TRADER_B symbol=ETHUSDT side=SELL qty=0.75 price=3190.36 fee=0.56686295 USDT fee_usdt=0.56686295 | position 2.75 -> 2.00 realized_pnl -15.60500000000000000000000025 -> -12.49250000000000000000000025
2026-08-15 15:12:56 | INFO     | pnl_engine | Trade processed: venue=BINANCE trade_id=T00063 trader=TRADER_A symbol=XRPUSDT side=SELL qty=1500 price=0.6253 fee=0.33270347 USDT fee_usdt=0.33270347 | position -1250 -> -2750 realized_pnl 198.5138999999999999999999993 -> 198.5138999999999999999999993
2026-08-15 15:12:56 | INFO     | pnl_engine | Trade processed: venue=BYBIT trade_id=T00215 trader=TRADER_D symbol=XRPUSDT side=BUY qty=2500 price=0.62617 fee=0.46415966 USDT fee_usdt=0.46415966 | position -2500 -> 0 realized_pnl -14.14549999999999999999999998 -> -4.17799999999999999999999998
2026-08-15 15:12:56 | INFO     | pnl_engine | Trade processed: venue=BYBIT trade_id=T00614 trader=TRADER_A symbol=BTCUSDT side=BUY qty=0.125 price=62596.66 fee=2.85324006 USDT fee_usdt=2.85324006 | position -0.1250 -> 0 realized_pnl -107.0781249999999999999999982 -> -95.4468749999999999999999982
2026-08-15 15:12:56 | INFO     | pnl_engine | Trade processed: venue=OKX trade_id=T00403 trader=TRADER_B symbol=XRPUSDT side=SELL qty=500 price=0.62571 fee=0.00010791 BNB fee_usdt=0.0865556901 | position -1000 -> -1500 realized_pnl 107.6121599999999999999999996 -> 107.6121599999999999999999996
2026-08-15 15:12:56 | INFO     | pnl_engine | Trade processed: venue=BINANCE trade_id=T00546 trader=TRADER_A symbol=XRPUSDT side=BUY qty=750 price=0.62625 fee=0.18490462 USDT fee_usdt=0.18490462 | position -2750 -> -2000 realized_pnl 198.5138999999999999999999993 -> 198.5241272727272727272727266
2026-08-15 15:12:56 | INFO     | pnl_engine | Trade processed: venue=BINANCE trade_id=T00406 trader=TRADER_A symbol=XRPUSDT side=BUY qty=750 price=0.62607 fee=0.19092373 USDT fee_usdt=0.19092373 | position -2000 -> -1250 realized_pnl 198.5241272727272727272727266 -> 198.6693545454545454545454539
2026-08-15 15:12:56 | INFO     | pnl_engine | Trade processed: venue=BYBIT trade_id=T00418 trader=TRADER_A symbol=BTCUSDT side=SELL qty=0.0625 price=62739.67 fee=1.35510991 USDT fee_usdt=1.35510991 | position 0 -> -0.0625 realized_pnl -95.4468749999999999999999982 -> -95.4468749999999999999999982
2026-08-15 15:12:56 | INFO     | pnl_engine | Trade processed: venue=BINANCE trade_id=T00019 trader=TRADER_A symbol=BTCUSDT side=SELL qty=1.125 price=62599.06 fee=34.41785486 USDT fee_usdt=34.41785486 | position 0.5625 -> -0.5625 realized_pnl 581.3856179739285714285714469 -> 521.6304394025000000000000175
2026-08-15 15:12:56 | INFO     | pnl_engine | Trade processed: venue=OKX trade_id=T00400 trader=TRADER_C symbol=XRPUSDT side=SELL qty=500 price=0.62753 fee=0.07062980 USDT fee_usdt=0.07062980 | position 1000 -> 500 realized_pnl -55.27296500 -> -54.90921500
2026-08-15 15:12:56 | INFO     | pnl_engine | Trade processed: venue=BINANCE trade_id=T00376 trader=TRADER_C symbol=SOLUSDT side=SELL qty=25 price=155.878 fee=1.71814964 USDT fee_usdt=1.71814964 | position -160 -> -185 realized_pnl -189.4808359999999999999999945 -> -189.4808359999999999999999945
2026-08-15 15:12:56 | INFO     | pnl_engine | Trade processed: venue=BYBIT trade_id=T00684 trader=TRADER_B symbol=SOLUSDT side=BUY qty=5 price=156.067 fee=0.32878621 USDT fee_usdt=0.32878621 | position -30 -> -25 realized_pnl -2.2365170000000000000000005 -> -2.3423503333333333333333340
2026-08-15 15:12:56 | INFO     | pnl_engine | Trade processed: venue=BYBIT trade_id=T00628 trader=TRADER_D symbol=XRPUSDT side=BUY qty=750 price=0.62848 fee=0.23380294 USDT fee_usdt=0.23380294 | position 0 -> 750 realized_pnl -4.17799999999999999999999998 -> -4.17799999999999999999999998
2026-08-15 15:12:56 | INFO     | pnl_engine | Trade processed: venue=OKX trade_id=T00661 trader=TRADER_C symbol=XRPUSDT side=BUY qty=1000 price=0.62844 fee=0.00022895 BNB fee_usdt=0.1829562345 | position 500 -> 1500 realized_pnl -54.90921500 -> -54.90921500
2026-08-15 15:12:56 | INFO     | pnl_engine | Trade processed: venue=OKX trade_id=T00321 trader=TRADER_C symbol=BTCUSDT side=SELL qty=0.3125 price=62467.23 fee=4.47211798 USDT fee_usdt=4.47211798 | position 1.0625 -> 0.7500 realized_pnl 887.5569961312499999999999950 -> 855.7033196606617647058823481
2026-08-15 15:12:56 | INFO     | pnl_engine | Trade processed: venue=BYBIT trade_id=T00209 trader=TRADER_A symbol=SOLUSDT side=BUY qty=25 price=156.045 fee=0.00222001 BNB fee_usdt=1.7740321911 | position -55 -> -30 realized_pnl 68.4617663999999999999999975 -> 72.5867663999999999999999975
2026-08-15 15:12:56 | INFO     | pnl_engine | Trade processed: venue=OKX trade_id=T00129 trader=TRADER_C symbol=XRPUSDT side=SELL qty=1500 price=0.62724 fee=0.36034519 USDT fee_usdt=0.36034519 | position 1500 -> 0 realized_pnl -54.90921500 -> -55.89046500000000000000000005
2026-08-15 15:12:56 | INFO     | pnl_engine | Trade processed: venue=BINANCE trade_id=T00717 trader=TRADER_A symbol=ETHUSDT side=BUY qty=2 price=3190.12 fee=2.98766073 USDT fee_usdt=2.98766073 | position 1.00 -> 3.00 realized_pnl 16.77248017250000000000000000 -> 16.77248017250000000000000000
2026-08-15 15:12:56 | INFO     | pnl_engine | Trade processed: venue=OKX trade_id=T00572 trader=TRADER_C symbol=SOLUSDT side=BUY qty=10 price=156.099 fee=0.75119005 USDT fee_usdt=0.75119005 | position 0 -> 10 realized_pnl 193.0176660000000000000000015 -> 193.0176660000000000000000015
2026-08-15 15:12:56 | INFO     | pnl_engine | Trade processed: venue=OKX trade_id=T00126 trader=TRADER_C symbol=SOLUSDT side=SELL qty=20 price=156.097 fee=1.07801957 USDT fee_usdt=1.07801957 | position 10 -> -10 realized_pnl 193.0176660000000000000000015 -> 192.9976660000000000000000015
2026-08-15 15:12:56 | INFO     | pnl_engine | Trade processed: venue=OKX trade_id=T00662 trader=TRADER_C symbol=BTCUSDT side=BUY qty=0.5 price=62502.09 fee=11.71628701 USDT fee_usdt=11.71628701 | position 0.7500 -> 1.2500 realized_pnl 855.7033196606617647058823481 -> 855.7033196606617647058823481
2026-08-15 15:12:56 | INFO     | pnl_engine | Trade processed: venue=BYBIT trade_id=T00539 trader=TRADER_B symbol=ETHUSDT side=SELL qty=1.25 price=3184.83 fee=1.74610912 USDT fee_usdt=1.74610912 | position -9.75 -> -11.00 realized_pnl 182.5907872675000000000000052 -> 182.5907872675000000000000052
2026-08-15 15:12:56 | INFO     | pnl_engine | Trade processed: venue=BINANCE trade_id=T00658 trader=TRADER_A symbol=BTCUSDT side=BUY qty=0.25 price=62488.72 fee=7.26206990 USDT fee_usdt=7.26206990 | position -0.5625 -> -0.3125 realized_pnl 521.6304394025000000000000175 -> 549.2154394025000000000000175
2026-08-15 15:12:56 | INFO     | pnl_engine | Trade processed: venue=BYBIT trade_id=T00051 trader=TRADER_D symbol=XRPUSDT side=SELL qty=2000 price=0.62632 fee=0.45175201 USDT fee_usdt=0.45175201 | position 750 -> -1250 realized_pnl -4.17799999999999999999999998 -> -5.79799999999999999999999998
2026-08-15 15:12:56 | INFO     | pnl_engine | Trade processed: venue=OKX trade_id=T00372 trader=TRADER_B symbol=ETHUSDT side=SELL qty=0.5 price=3185.43 fee=0.56086682 USDT fee_usdt=0.56086682 | position 2.00 -> 1.50 realized_pnl -12.49250000000000000000000025 -> -12.88250000000000000000000025
2026-08-15 15:12:56 | INFO     | pnl_engine | Trade processed: venue=OKX trade_id=T00064 trader=TRADER_C symbol=BTCUSDT side=SELL qty=0.5 price=62504.5 fee=9.98581649 USDT fee_usdt=9.98581649 | position 1.2500 -> 0.7500 realized_pnl 855.7033196606617647058823481 -> 836.7867902488970588235294081
2026-08-15 15:12:56 | INFO     | pnl_engine | Trade processed: venue=OKX trade_id=T00208 trader=TRADER_C symbol=BTCUSDT side=BUY qty=0.0625 price=62553.46 fee=1.42982985 USDT fee_usdt=1.42982985 | position 0.7500 -> 0.8125 realized_pnl 836.7867902488970588235294081 -> 836.7867902488970588235294081
2026-08-15 15:12:56 | INFO     | pnl_engine | Trade processed: venue=BINANCE trade_id=T00295 trader=TRADER_A symbol=ETHUSDT side=SELL qty=1.25 price=3186.69 fee=0.00207167 BNB fee_usdt=1.6540006113 | position 3.00 -> 1.75 realized_pnl 16.77248017250000000000000000 -> 17.51206350583333333333333375
2026-08-15 15:12:56 | INFO     | pnl_engine | Trade processed: venue=OKX trade_id=T00218 trader=TRADER_C symbol=XRPUSDT side=SELL qty=500 price=0.62585 fee=0.14829785 USDT fee_usdt=0.14829785 | position 0 -> -500 realized_pnl -55.89046500000000000000000005 -> -55.89046500000000000000000005
2026-08-15 15:12:56 | INFO     | pnl_engine | Trade processed: venue=BINANCE trade_id=T00317 trader=TRADER_A symbol=ETHUSDT side=SELL qty=1 price=3190.94 fee=0.96955325 USDT fee_usdt=0.96955325 | position 1.75 -> 0.75 realized_pnl 17.51206350583333333333333375 -> 22.35373017250000000000000075
2026-08-15 15:12:56 | INFO     | pnl_engine | Trade processed: venue=BINANCE trade_id=T00066 trader=TRADER_D symbol=ETHUSDT side=BUY qty=2 price=3189.74 fee=3.16834046 USDT fee_usdt=3.16834046 | position 1.75 -> 3.75 realized_pnl 123.5227252999999999999999985 -> 123.5227252999999999999999985
2026-08-15 15:12:56 | INFO     | pnl_engine | Trade processed: venue=OKX trade_id=T00358 trader=TRADER_B symbol=XRPUSDT side=BUY qty=250 price=0.62589 fee=0.00007735 BNB fee_usdt=0.0617554665 | position -1500 -> -1250 realized_pnl 107.6121599999999999999999996 -> 107.9454933333333333333333329
2026-08-15 15:12:56 | INFO     | pnl_engine | Trade processed: venue=OKX trade_id=T00484 trader=TRADER_B symbol=XRPUSDT side=BUY qty=1250 price=0.6257 fee=0.25796655 USDT fee_usdt=0.25796655 | position -1250 -> 0 realized_pnl 107.9454933333333333333333329 -> 109.8496599999999999999999995
2026-08-15 15:12:56 | INFO     | pnl_engine | Trade processed: venue=OKX trade_id=T00701 trader=TRADER_C symbol=XRPUSDT side=BUY qty=2000 price=0.62539 fee=0.36361054 USDT fee_usdt=0.36361054 | position -500 -> 1500 realized_pnl -55.89046500000000000000000005 -> -55.66046500000000000000000005
2026-08-15 15:12:56 | INFO     | pnl_engine | Trade processed: venue=OKX trade_id=T00106 trader=TRADER_C symbol=SOLUSDT side=SELL qty=5 price=156.319 fee=0.34546143 USDT fee_usdt=0.34546143 | position -10 -> -15 realized_pnl 192.9976660000000000000000015 -> 192.9976660000000000000000015
2026-08-15 15:12:56 | INFO     | pnl_engine | Trade processed: venue=BINANCE trade_id=T00059 trader=TRADER_C symbol=SOLUSDT side=BUY qty=25 price=156.505 fee=1.78275903 USDT fee_usdt=1.78275903 | position -185 -> -160 realized_pnl -189.4808359999999999999999945 -> -212.6558359999999999999999945
2026-08-15 15:12:56 | INFO     | pnl_engine | Trade processed: venue=BINANCE trade_id=T00624 trader=TRADER_D symbol=ETHUSDT side=SELL qty=8 price=3190.01 fee=0.01436444 BNB fee_usdt=11.4684252516 | position 3.75 -> -4.25 realized_pnl 123.5227252999999999999999985 -> 144.4027252999999999999999985
2026-08-15 15:12:56 | INFO     | pnl_engine | Trade processed: venue=OKX trade_id=T00681 trader=TRADER_C symbol=SOLUSDT side=SELL qty=40 price=156.283 fee=0.00294503 BNB fee_usdt=2.3512825017 | position -15 -> -55 realized_pnl 192.9976660000000000000000015 -> 192.9976660000000000000000015
2026-08-15 15:12:56 | INFO     | pnl_engine | Trade processed: venue=OKX trade_id=T00449 trader=TRADER_C symbol=XRPUSDT side=BUY qty=750 price=0.62625 fee=0.16532663 USDT fee_usdt=0.16532663 | position 1500 -> 2250 realized_pnl -55.66046500000000000000000005 -> -55.66046500000000000000000005
2026-08-15 15:12:56 | INFO     | pnl_engine | Trade processed: venue=BINANCE trade_id=T00094 trader=TRADER_D symbol=XRPUSDT side=SELL qty=2000 price=0.62546 fee=0.59444746 USDT fee_usdt=0.59444746 | position -2750 -> -4750 realized_pnl -8.333529411764705882352941150 -> -8.333529411764705882352941150
2026-08-15 15:12:56 | INFO     | pnl_engine | Trade processed: venue=BYBIT trade_id=T00281 trader=TRADER_B symbol=ETHUSDT side=BUY qty=11 price=3191.02 fee=15.13621540 USDT fee_usdt=15.13621540 | position -11.00 -> 0 realized_pnl 182.5907872675000000000000052 -> 111.2832872675000000000000052
2026-08-15 15:12:56 | INFO     | pnl_engine | Trade processed: venue=BINANCE trade_id=T00086 trader=TRADER_A symbol=ETHUSDT side=BUY qty=0.25 price=3187.93 fee=0.17089176 USDT fee_usdt=0.17089176 | position 0.75 -> 1.00 realized_pnl 22.35373017250000000000000075 -> 22.35373017250000000000000075
2026-08-15 15:12:56 | INFO     | pnl_engine | Trade processed: venue=BINANCE trade_id=T00666 trader=TRADER_D symbol=XRPUSDT side=BUY qty=250 price=0.62653 fee=0.05707398 USDT fee_usdt=0.05707398 | position -4750 -> -4500 realized_pnl -8.333529411764705882352941150 -> -8.631764705882352941176470575
2026-08-15 15:12:56 | INFO     | pnl_engine | Trade processed: venue=BINANCE trade_id=T00201 trader=TRADER_D symbol=XRPUSDT side=SELL qty=1500 price=0.62623 fee=0.00030031 BNB fee_usdt=0.2406624278 | position -4500 -> -6000 realized_pnl -8.631764705882352941176470575 -> -8.631764705882352941176470575
2026-08-15 15:12:56 | INFO     | pnl_engine | Trade processed: venue=OKX trade_id=T00395 trader=TRADER_B symbol=ETHUSDT side=BUY qty=0.25 price=3176.32 fee=0.31164951 USDT fee_usdt=0.31164951 | position 1.50 -> 1.75 realized_pnl -12.88250000000000000000000025 -> -12.88250000000000000000000025
2026-08-15 15:12:56 | INFO     | pnl_engine | Trade processed: venue=BYBIT trade_id=T00479 trader=TRADER_B symbol=ETHUSDT side=BUY qty=0.5 price=3181.59 fee=0.41175302 USDT fee_usdt=0.41175302 | position 0 -> 0.5 realized_pnl 111.2832872675000000000000052 -> 111.2832872675000000000000052
2026-08-15 15:12:56 | INFO     | pnl_engine | Trade processed: venue=OKX trade_id=T00145 trader=TRADER_C symbol=XRPUSDT side=SELL qty=1000 price=0.62631 fee=0.15246576 USDT fee_usdt=0.15246576 | position 2250 -> 1250 realized_pnl -55.66046500000000000000000005 -> -55.02713166666666666666666675
2026-08-15 15:12:56 | INFO     | pnl_engine | Trade processed: venue=BYBIT trade_id=T00089 trader=TRADER_D symbol=XRPUSDT side=BUY qty=1000 price=0.62701 fee=0.12678129 USDT fee_usdt=0.12678129 | position -1250 -> -250 realized_pnl -5.79799999999999999999999998 -> -6.48799999999999999999999998
2026-08-15 15:12:56 | INFO     | pnl_engine | Trade processed: venue=BYBIT trade_id=T00493 trader=TRADER_A symbol=SOLUSDT side=SELL qty=20 price=155.898 fee=1.24636927 USDT fee_usdt=1.24636927 | position -30 -> -50 realized_pnl 72.5867663999999999999999975 -> 72.5867663999999999999999975
2026-08-15 15:12:56 | INFO     | pnl_engine | Trade processed: venue=BINANCE trade_id=T00116 trader=TRADER_A symbol=BTCUSDT side=SELL qty=0.25 price=62639.44 fee=6.50831206 USDT fee_usdt=6.50831206 | position -0.3125 -> -0.5625 realized_pnl 549.2154394025000000000000175 -> 549.2154394025000000000000175
2026-08-15 15:12:56 | INFO     | pnl_engine | Trade processed: venue=BYBIT trade_id=T00738 trader=TRADER_A symbol=BTCUSDT side=SELL qty=0.1875 price=62546.28 fee=3.14308094 USDT fee_usdt=3.14308094 | position -0.0625 -> -0.2500 realized_pnl -95.4468749999999999999999982 -> -95.4468749999999999999999982
2026-08-15 15:12:56 | INFO     | pnl_engine | Trade processed: venue=OKX trade_id=T00454 trader=TRADER_B symbol=XRPUSDT side=SELL qty=1500 price=0.6264 fee=0.21404313 USDT fee_usdt=0.21404313 | position 0 -> -1500 realized_pnl 109.8496599999999999999999995 -> 109.8496599999999999999999995
2026-08-15 15:12:56 | INFO     | pnl_engine | Trade processed: venue=BINANCE trade_id=T00421 trader=TRADER_A symbol=ETHUSDT side=BUY qty=0.5 price=3179.85 fee=0.77471363 USDT fee_usdt=0.77471363 | position 1.00 -> 1.50 realized_pnl 22.35373017250000000000000075 -> 22.35373017250000000000000075
2026-08-15 15:12:56 | INFO     | pnl_engine | Trade processed: venue=BINANCE trade_id=T00593 trader=TRADER_C symbol=SOLUSDT side=BUY qty=30 price=156.095 fee=1.56594199 USDT fee_usdt=1.56594199 | position -160 -> -130 realized_pnl -212.6558359999999999999999945 -> -228.1658359999999999999999945
2026-08-15 15:12:56 | INFO     | pnl_engine | Trade processed: venue=BYBIT trade_id=T00747 trader=TRADER_A symbol=SOLUSDT side=SELL qty=10 price=155.816 fee=0.42208536 USDT fee_usdt=0.42208536 | position -50 -> -60 realized_pnl 72.5867663999999999999999975 -> 72.5867663999999999999999975
2026-08-15 15:12:56 | INFO     | pnl_engine | Trade processed: venue=OKX trade_id=T00732 trader=TRADER_C symbol=BTCUSDT side=SELL qty=0.3125 price=62564.88 fee=0.00666054 BNB fee_usdt=5.3376235452 | position 0.8125 -> 0.5000 realized_pnl 836.7867902488970588235294081 -> 843.5652348190328054298642518
2026-08-15 15:12:56 | INFO     | pnl_engine | Trade processed: venue=BYBIT trade_id=T00214 trader=TRADER_D symbol=XRPUSDT side=BUY qty=250 price=0.626 fee=0.05189911 USDT fee_usdt=0.05189911 | position -250 -> 0 realized_pnl -6.48799999999999999999999998 -> -6.40799999999999999999999998
2026-08-15 15:12:56 | INFO     | pnl_engine | Trade processed: venue=OKX trade_id=T00344 trader=TRADER_B symbol=ETHUSDT side=BUY qty=1 price=3180.11 fee=0.00135225 BNB fee_usdt=1.08315225 | position 1.75 -> 2.75 realized_pnl -12.88250000000000000000000025 -> -12.88250000000000000000000025
2026-08-15 15:12:56 | INFO     | pnl_engine | Trade processed: venue=OKX trade_id=T00110 trader=TRADER_B symbol=ETHUSDT side=BUY qty=0.5 price=3176.35 fee=0.43841899 USDT fee_usdt=0.43841899 | position 2.75 -> 3.25 realized_pnl -12.88250000000000000000000025 -> -12.88250000000000000000000025
2026-08-15 15:12:56 | INFO     | pnl_engine | Trade processed: venue=BYBIT trade_id=T00311 trader=TRADER_B symbol=SOLUSDT side=SELL qty=10 price=156.146 fee=0.67398636 USDT fee_usdt=0.67398636 | position -25 -> -35 realized_pnl -2.3423503333333333333333340 -> -2.3423503333333333333333340
2026-08-15 15:12:56 | INFO     | pnl_engine | Trade processed: venue=BYBIT trade_id=T00588 trader=TRADER_B symbol=SOLUSDT side=BUY qty=5 price=156.299 fee=0.37179190 USDT fee_usdt=0.37179190 | position -35 -> -30 realized_pnl -2.3423503333333333333333340 -> -3.4650884285714285714285725
2026-08-15 15:12:56 | INFO     | pnl_engine | Trade processed: venue=BINANCE trade_id=T00227 trader=TRADER_A symbol=BTCUSDT side=SELL qty=0.0625 price=62544.58 fee=0.00133498 BNB fee_usdt=1.06931898 | position -0.5625 -> -0.6250 realized_pnl 549.2154394025000000000000175 -> 549.2154394025000000000000175
2026-08-15 15:12:56 | INFO     | pnl_engine | Trade processed: venue=BYBIT trade_id=T00388 trader=TRADER_A symbol=SOLUSDT side=BUY qty=25 price=156.401 fee=1.11657467 USDT fee_usdt=1.11657467 | position -60 -> -35 realized_pnl 72.5867663999999999999999975 -> 63.5700997333333333333333300
2026-08-15 15:12:56 | INFO     | pnl_engine | Trade processed: venue=OKX trade_id=T00577 trader=TRADER_C symbol=SOLUSDT side=SELL qty=5 price=156.074 fee=0.23208650 USDT fee_usdt=0.23208650 | position -55 -> -60 realized_pnl 192.9976660000000000000000015 -> 192.9976660000000000000000015
2026-08-15 15:12:56 | INFO     | pnl_engine | Trade processed: venue=BYBIT trade_id=T00727 trader=TRADER_D symbol=XRPUSDT side=SELL qty=750 price=0.62604 fee=0.00026421 BNB fee_usdt=0.21163221 | position 0 -> -750 realized_pnl -6.40799999999999999999999998 -> -6.40799999999999999999999998
2026-08-15 15:12:56 | INFO     | pnl_engine | Trade processed: venue=BYBIT trade_id=T00273 trader=TRADER_B symbol=ETHUSDT side=SELL qty=0.75 price=3178.53 fee=0.98382965 USDT fee_usdt=0.98382965 | position 0.5 -> -0.25 realized_pnl 111.2832872675000000000000052 -> 109.7532872675000000000000052
2026-08-15 15:12:56 | INFO     | pnl_engine | Trade processed: venue=BINANCE trade_id=T00157 trader=TRADER_D symbol=XRPUSDT side=BUY qty=500 price=0.62534 fee=0.10023810 USDT fee_usdt=0.10023810 | position -6000 -> -5500 realized_pnl -8.631764705882352941176470575 -> -8.521617647058823529411764725
2026-08-15 15:12:56 | INFO     | pnl_engine | Trade processed: venue=BYBIT trade_id=T00728 trader=TRADER_B symbol=ETHUSDT side=BUY qty=0.5 price=3179.1 fee=0.00059356 BNB fee_usdt=0.476866104 | position -0.25 -> 0.25 realized_pnl 109.7532872675000000000000052 -> 109.6107872675000000000000052
2026-08-15 15:12:56 | INFO     | pnl_engine | Trade processed: venue=BYBIT trade_id=T00533 trader=TRADER_A symbol=SOLUSDT side=BUY qty=5 price=156.637 fee=0.18676197 USDT fee_usdt=0.18676197 | position -35 -> -30 realized_pnl 63.5700997333333333333333300 -> 60.5867663999999999999999965
2026-08-15 15:12:56 | INFO     | pnl_engine | Trade processed: venue=BYBIT trade_id=T00709 trader=TRADER_B symbol=SOLUSDT side=BUY qty=5 price=156.559 fee=0.17960178 USDT fee_usdt=0.17960178 | position -30 -> -25 realized_pnl -3.4650884285714285714285725 -> -5.8878265238095238095238110
2026-08-15 15:12:56 | INFO     | pnl_engine | Trade processed: venue=BINANCE trade_id=T00432 trader=TRADER_A symbol=XRPUSDT side=BUY qty=1250 price=0.62637 fee=0.25835658 USDT fee_usdt=0.25835658 | position -1250 -> 0 realized_pnl 198.6693545454545454545454539 -> 198.5363999999999999999999994
2026-08-15 15:12:56 | INFO     | pnl_engine | Trade processed: venue=BYBIT trade_id=T00248 trader=TRADER_B symbol=SOLUSDT side=BUY qty=35 price=156.669 fee=1.77379630 USDT fee_usdt=1.77379630 | position -25 -> 10 realized_pnl -5.8878265238095238095238110 -> -20.7515170000000000000000035
2026-08-15 15:12:56 | INFO     | pnl_engine | Trade processed: venue=OKX trade_id=T00742 trader=TRADER_C symbol=SOLUSDT side=BUY qty=30 price=156.546 fee=1.73940364 USDT fee_usdt=1.73940364 | position -60 -> -30 realized_pnl 192.9976660000000000000000015 -> 183.7451660000000000000000005
2026-08-15 15:12:56 | INFO     | pnl_engine | Trade processed: venue=OKX trade_id=T00700 trader=TRADER_C symbol=BTCUSDT side=BUY qty=0.0625 price=62518.58 fee=1.87407304 USDT fee_usdt=1.87407304 | position 0.5000 -> 0.5625 realized_pnl 843.5652348190328054298642518 -> 843.5652348190328054298642518
2026-08-15 15:12:56 | INFO     | pnl_engine | Trade processed: venue=BYBIT trade_id=T00631 trader=TRADER_D symbol=XRPUSDT side=SELL qty=1000 price=0.62746 fee=0.31110685 USDT fee_usdt=0.31110685 | position -750 -> -1750 realized_pnl -6.40799999999999999999999998 -> -6.40799999999999999999999998
2026-08-15 15:12:56 | INFO     | pnl_engine | Trade processed: venue=BYBIT trade_id=T00038 trader=TRADER_B symbol=ETHUSDT side=SELL qty=1.25 price=3176.99 fee=1.59081715 USDT fee_usdt=1.59081715 | position 0.25 -> -1.00 realized_pnl 109.6107872675000000000000052 -> 109.0832872675000000000000052
2026-08-15 15:12:56 | INFO     | pnl_engine | Trade processed: venue=OKX trade_id=T00192 trader=TRADER_C symbol=BTCUSDT side=SELL qty=1.125 price=62509.83 fee=26.55531282 USDT fee_usdt=26.55531282 | position 0.5625 -> -0.5625 realized_pnl 843.5652348190328054298642518 -> 826.3388711312500000000000024
2026-08-15 15:12:56 | INFO     | pnl_engine | Trade processed: venue=OKX trade_id=T00060 trader=TRADER_C symbol=BTCUSDT side=BUY qty=0.5625 price=62483.27 fee=17.23273981 USDT fee_usdt=17.23273981 | position -0.5625 -> 0 realized_pnl 826.3388711312500000000000024 -> 841.2788711312500000000000024
2026-08-15 15:12:56 | INFO     | pnl_engine | Trade processed: venue=OKX trade_id=T00276 trader=TRADER_B symbol=ETHUSDT side=SELL qty=3.25 price=3181.29 fee=3.55283888 USDT fee_usdt=3.55283888 | position 3.25 -> 0 realized_pnl -12.88250000000000000000000025 -> -15.37000000000000000000000150
2026-08-15 15:12:56 | INFO     | pnl_engine | Trade processed: venue=BYBIT trade_id=T00413 trader=TRADER_A symbol=SOLUSDT side=SELL qty=30 price=156.525 fee=1.70947677 USDT fee_usdt=1.70947677 | position -30 -> -60 realized_pnl 60.5867663999999999999999965 -> 60.5867663999999999999999965
2026-08-15 15:12:56 | INFO     | pnl_engine | Trade processed: venue=BINANCE trade_id=T00187 trader=TRADER_D symbol=XRPUSDT side=SELL qty=1500 price=0.62439 fee=0.42845778 USDT fee_usdt=0.42845778 | position -5500 -> -7000 realized_pnl -8.521617647058823529411764725 -> -8.521617647058823529411764725
2026-08-15 15:12:56 | INFO     | pnl_engine | Trade processed: venue=OKX trade_id=T00247 trader=TRADER_C symbol=SOLUSDT side=BUY qty=25 price=156.633 fee=0.00201799 BNB fee_usdt=1.6231500766 | position -30 -> -5 realized_pnl 183.7451660000000000000000005 -> 173.8597493333333333333333330
2026-08-15 15:12:56 | INFO     | pnl_engine | Trade processed: venue=BYBIT trade_id=T00584 trader=TRADER_D symbol=XRPUSDT side=BUY qty=500 price=0.6252 fee=0.08577388 USDT fee_usdt=0.08577388 | position -1750 -> -1250 realized_pnl -6.40799999999999999999999998 -> -5.582285714285714285714285680
2026-08-15 15:12:56 | INFO     | pnl_engine | Trade processed: venue=OKX trade_id=T00310 trader=TRADER_C symbol=SOLUSDT side=SELL qty=10 price=156.86 fee=0.76501605 USDT fee_usdt=0.76501605 | position -5 -> -15 realized_pnl 173.8597493333333333333333330 -> 173.8597493333333333333333330
2026-08-15 15:12:56 | INFO     | pnl_engine | Trade processed: venue=BINANCE trade_id=T00538 trader=TRADER_A symbol=ETHUSDT side=BUY qty=1 price=3180.09 fee=0.90385754 USDT fee_usdt=0.90385754 | position 1.50 -> 2.50 realized_pnl 22.35373017250000000000000075 -> 22.35373017250000000000000075
2026-08-15 15:12:56 | INFO     | pnl_engine | Trade processed: venue=OKX trade_id=T00055 trader=TRADER_B symbol=XRPUSDT side=SELL qty=250 price=0.62399 fee=0.05619535 USDT fee_usdt=0.05619535 | position -1500 -> -1750 realized_pnl 109.8496599999999999999999995 -> 109.8496599999999999999999995
2026-08-15 15:12:56 | INFO     | pnl_engine | Trade processed: venue=OKX trade_id=T00514 trader=TRADER_C symbol=XRPUSDT side=SELL qty=500 price=0.62463 fee=0.06323657 USDT fee_usdt=0.06323657 | position 1250 -> 750 realized_pnl -55.02713166666666666666666675 -> -55.55046500000000000000000010
2026-08-15 15:12:56 | INFO     | pnl_engine | Trade processed: venue=BYBIT trade_id=T00463 trader=TRADER_B symbol=ETHUSDT side=BUY qty=0.75 price=3175.81 fee=0.99341815 USDT fee_usdt=0.99341815 | position -1.00 -> -0.25 realized_pnl 109.0832872675000000000000052 -> 109.9682872675000000000000052
2026-08-15 15:12:56 | INFO     | pnl_engine | Trade processed: venue=OKX trade_id=T00545 trader=TRADER_B symbol=ETHUSDT side=BUY qty=1.5 price=3179.47 fee=1.43574193 USDT fee_usdt=1.43574193 | position 0 -> 1.5 realized_pnl -15.37000000000000000000000150 -> -15.37000000000000000000000150
2026-08-15 15:12:56 | INFO     | pnl_engine | Trade processed: venue=BYBIT trade_id=T00250 trader=TRADER_A symbol=BTCUSDT side=BUY qty=0.3125 price=62740.08 fee=8.20906477 USDT fee_usdt=8.20906477 | position -0.2500 -> 0.0625 realized_pnl -95.4468749999999999999999982 -> -131.8099999999999999999999982
2026-08-15 15:12:56 | INFO     | pnl_engine | Trade processed: venue=BYBIT trade_id=T00058 trader=TRADER_A symbol=SOLUSDT side=BUY qty=5 price=156.914 fee=0.31902396 USDT fee_usdt=0.31902396 | position -60 -> -55 realized_pnl 60.5867663999999999999999965 -> 57.4300997333333333333333295
2026-08-15 15:12:56 | INFO     | pnl_engine | Trade processed: venue=BYBIT trade_id=T00445 trader=TRADER_A symbol=SOLUSDT side=BUY qty=15 price=156.725 fee=0.82858249 USDT fee_usdt=0.82858249 | position -55 -> -40 realized_pnl 57.4300997333333333333333295 -> 50.7950997333333333333333285
2026-08-15 15:12:56 | INFO     | pnl_engine | Trade processed: venue=BYBIT trade_id=T00307 trader=TRADER_B symbol=ETHUSDT side=SELL qty=0.25 price=3181.35 fee=0.00028953 BNB fee_usdt=0.2328805602 | position -0.25 -> -0.50 realized_pnl 109.9682872675000000000000052 -> 109.9682872675000000000000052
2026-08-15 15:12:56 | INFO     | pnl_engine | Trade processed: venue=BYBIT trade_id=T00365 trader=TRADER_D symbol=XRPUSDT side=BUY qty=1000 price=0.6247 fee=0.23510992 USDT fee_usdt=0.23510992 | position -1250 -> -250 realized_pnl -5.582285714285714285714285680 -> -3.430857142857142857142857080
2026-08-15 15:12:56 | INFO     | pnl_engine | Trade processed: venue=BYBIT trade_id=T00549 trader=TRADER_A symbol=SOLUSDT side=BUY qty=5 price=156.695 fee=0.15882202 USDT fee_usdt=0.15882202 | position -40 -> -35 realized_pnl 50.7950997333333333333333285 -> 48.7334330666666666666666615
2026-08-15 15:12:56 | INFO     | pnl_engine | Trade processed: venue=BINANCE trade_id=T00018 trader=TRADER_D symbol=XRPUSDT side=BUY qty=1000 price=0.62511 fee=0.21710479 USDT fee_usdt=0.21710479 | position -7000 -> -6000 realized_pnl -8.521617647058823529411764725 -> -8.322100840336134453781512725
2026-08-15 15:12:56 | INFO     | pnl_engine | Trade processed: venue=BINANCE trade_id=T00359 trader=TRADER_A symbol=ETHUSDT side=SELL qty=4.75 price=3176.32 fee=3.28930691 USDT fee_usdt=3.28930691 | position 2.50 -> -2.25 realized_pnl 22.35373017250000000000000075 -> 6.58248017250000000000000075
2026-08-15 15:12:56 | INFO     | pnl_engine | Trade processed: venue=OKX trade_id=T00496 trader=TRADER_B symbol=ETHUSDT side=SELL qty=0.75 price=3177.24 fee=0.63980478 USDT fee_usdt=0.63980478 | position 1.5 -> 0.75 realized_pnl -15.37000000000000000000000150 -> -17.04250000000000000000000150
2026-08-15 15:12:56 | INFO     | pnl_engine | Trade processed: venue=BYBIT trade_id=T00269 trader=TRADER_A symbol=BTCUSDT side=BUY qty=0.0625 price=62725.7 fee=0.82348596 USDT fee_usdt=0.82348596 | position 0.0625 -> 0.1250 realized_pnl -131.8099999999999999999999982 -> -131.8099999999999999999999982
2026-08-15 15:12:56 | INFO     | pnl_engine | Trade processed: venue=BYBIT trade_id=T00078 trader=TRADER_A symbol=SOLUSDT side=BUY qty=40 price=156.629 fee=1.52534038 USDT fee_usdt=1.52534038 | position -35 -> 5 realized_pnl 48.7334330666666666666666615 -> 36.6117663999999999999999925
2026-08-15 15:12:56 | INFO     | pnl_engine | Trade processed: venue=BINANCE trade_id=T00006 trader=TRADER_A symbol=BTCUSDT side=SELL qty=0.125 price=62816.96 fee=3.05669279 USDT fee_usdt=3.05669279 | position -0.6250 -> -0.7500 realized_pnl 549.2154394025000000000000175 -> 549.2154394025000000000000175
2026-08-15 15:12:56 | INFO     | pnl_engine | Trade processed: venue=BINANCE trade_id=T00726 trader=TRADER_D symbol=XRPUSDT side=BUY qty=11500 price=0.62269 fee=1.79712141 USDT fee_usdt=1.79712141 | position -6000 -> 5500 realized_pnl -8.322100840336134453781512725 -> 7.394999999999999999999999275
2026-08-15 15:12:56 | INFO     | pnl_engine | Trade processed: venue=BINANCE trade_id=T00174 trader=TRADER_D symbol=ETHUSDT side=BUY qty=0.25 price=3165.66 fee=0.00030193 BNB fee_usdt=0.2436514714 | position -4.25 -> -4.00 realized_pnl 144.4027252999999999999999985 -> 150.4902252999999999999999985
2026-08-15 15:12:56 | INFO     | pnl_engine | Trade processed: venue=BINANCE trade_id=T00441 trader=TRADER_A symbol=ETHUSDT side=BUY qty=0.25 price=3170.87 fee=0.26762889 USDT fee_usdt=0.26762889 | position -2.25 -> -2.00 realized_pnl 6.58248017250000000000000075 -> 7.94498017250000000000000075
2026-08-15 15:12:56 | INFO     | pnl_engine | Trade processed: venue=BYBIT trade_id=T00582 trader=TRADER_B symbol=SOLUSDT side=SELL qty=30 price=156.789 fee=1.86321724 USDT fee_usdt=1.86321724 | position 10 -> -20 realized_pnl -20.7515170000000000000000035 -> -19.5515170000000000000000035
2026-08-15 15:12:56 | INFO     | pnl_engine | Trade processed: venue=BYBIT trade_id=T00328 trader=TRADER_B symbol=SOLUSDT side=SELL qty=5 price=156.849 fee=0.00044770 BNB fee_usdt=0.3612849460 | position -20 -> -25 realized_pnl -19.5515170000000000000000035 -> -19.5515170000000000000000035
2026-08-15 15:12:56 | INFO     | pnl_engine | Trade processed: venue=BYBIT trade_id=T00341 trader=TRADER_B symbol=SOLUSDT side=SELL qty=5 price=156.622 fee=0.25143694 USDT fee_usdt=0.25143694 | position -25 -> -30 realized_pnl -19.5515170000000000000000035 -> -19.5515170000000000000000035
2026-08-15 15:12:56 | INFO     | pnl_engine | Trade processed: venue=BINANCE trade_id=T00703 trader=TRADER_A symbol=XRPUSDT side=BUY qty=500 price=0.62278 fee=0.14735413 USDT fee_usdt=0.14735413 | position 0 -> 500 realized_pnl 198.5363999999999999999999994 -> 198.5363999999999999999999994
2026-08-15 15:12:56 | INFO     | pnl_engine | Trade processed: venue=BINANCE trade_id=T00626 trader=TRADER_D symbol=ETHUSDT side=BUY qty=0.75 price=3171.75 fee=1.14279312 USDT fee_usdt=1.14279312 | position -4.00 -> -3.25 realized_pnl 150.4902252999999999999999985 -> 164.1852252999999999999999985
2026-08-15 15:12:56 | INFO     | pnl_engine | Trade processed: venue=BINANCE trade_id=T00737 trader=TRADER_D symbol=ETHUSDT side=BUY qty=1.25 price=3168.35 fee=1.20570155 USDT fee_usdt=1.20570155 | position -3.25 -> -2.00 realized_pnl 164.1852252999999999999999985 -> 191.2602252999999999999999985
2026-08-15 15:12:56 | INFO     | pnl_engine | Trade processed: venue=OKX trade_id=T00296 trader=TRADER_C symbol=XRPUSDT side=BUY qty=2000 price=0.62193 fee=0.54665617 USDT fee_usdt=0.54665617 | position 750 -> 2750 realized_pnl -55.55046500000000000000000010 -> -55.55046500000000000000000010
2026-08-15 15:12:56 | INFO     | pnl_engine | Trade processed: venue=BYBIT trade_id=T00036 trader=TRADER_B symbol=SOLUSDT side=BUY qty=55 price=156.744 fee=0.00215071 BNB fee_usdt=1.7355799558 | position -30 -> 25 realized_pnl -19.5515170000000000000000035 -> -18.7365170000000000000000025
2026-08-15 15:12:56 | INFO     | pnl_engine | Trade processed: venue=OKX trade_id=T00257 trader=TRADER_B symbol=XRPUSDT side=BUY qty=250 price=0.6221 fee=0.04418121 USDT fee_usdt=0.04418121 | position -1750 -> -1500 realized_pnl 109.8496599999999999999999995 -> 110.8385885714285714285714281
2026-08-15 15:12:56 | INFO     | pnl_engine | Trade processed: venue=OKX trade_id=T00652 trader=TRADER_C symbol=BTCUSDT side=BUY qty=0.375 price=62934.88 fee=0.01334113 BNB fee_usdt=10.7660250874 | position 0 -> 0.375 realized_pnl 841.2788711312500000000000024 -> 841.2788711312500000000000024
2026-08-15 15:12:56 | INFO     | pnl_engine | Trade processed: venue=OKX trade_id=T00723 trader=TRADER_C symbol=XRPUSDT side=BUY qty=1250 price=0.62265 fee=0.00019569 BNB fee_usdt=0.1579179162 | position 2750 -> 4000 realized_pnl -55.55046500000000000000000010 -> -55.55046500000000000000000010
2026-08-15 15:12:56 | INFO     | pnl_engine | Trade processed: venue=OKX trade_id=T00634 trader=TRADER_C symbol=SOLUSDT side=BUY qty=10 price=156.683 fee=0.38323405 USDT fee_usdt=0.38323405 | position -15 -> -5 realized_pnl 173.8597493333333333333333330 -> 173.5550271111111111111111100
2026-08-15 15:12:56 | INFO     | pnl_engine | Trade processed: venue=OKX trade_id=T00061 trader=TRADER_C symbol=XRPUSDT side=BUY qty=250 price=0.62279 fee=0.00008368 BNB fee_usdt=0.0675280864 | position 4000 -> 4250 realized_pnl -55.55046500000000000000000010 -> -55.55046500000000000000000010
2026-08-15 15:12:56 | INFO     | pnl_engine | Trade processed: venue=BINANCE trade_id=T00134 trader=TRADER_A symbol=BTCUSDT side=BUY qty=1.375 price=62943.52 fee=39.03136405 USDT fee_usdt=39.03136405 | position -0.7500 -> 0.6250 realized_pnl 549.2154394025000000000000175 -> 324.7979394025000000000000200
2026-08-15 15:12:56 | INFO     | pnl_engine | Trade processed: venue=OKX trade_id=T00254 trader=TRADER_C symbol=XRPUSDT side=SELL qty=2000 price=0.62369 fee=0.29646739 USDT fee_usdt=0.29646739 | position 4250 -> 2250 realized_pnl -55.55046500000000000000000010 -> -53.87752382352941176470588250
2026-08-15 15:12:56 | INFO     | pnl_engine | Trade processed: venue=BINANCE trade_id=T00450 trader=TRADER_D symbol=ETHUSDT side=SELL qty=0.5 price=3172.72 fee=0.76028551 USDT fee_usdt=0.76028551 | position -2.00 -> -2.50 realized_pnl 191.2602252999999999999999985 -> 191.2602252999999999999999985
2026-08-15 15:12:56 | INFO     | pnl_engine | Trade processed: venue=BINANCE trade_id=T00263 trader=TRADER_A symbol=BTCUSDT side=BUY qty=0.5 price=62897.71 fee=11.97396382 USDT fee_usdt=11.97396382 | position 0.6250 -> 1.1250 realized_pnl 324.7979394025000000000000200 -> 324.7979394025000000000000200
2026-08-15 15:12:56 | INFO     | pnl_engine | Trade processed: venue=OKX trade_id=T00095 trader=TRADER_B symbol=XRPUSDT side=BUY qty=1500 price=0.62267 fee=0.21538053 USDT fee_usdt=0.21538053 | position -1500 -> 0 realized_pnl 110.8385885714285714285714281 -> 115.9171599999999999999999996
2026-08-15 15:12:56 | INFO     | pnl_engine | Trade processed: venue=BYBIT trade_id=T00125 trader=TRADER_B symbol=ETHUSDT side=SELL qty=1 price=3173.81 fee=0.90785695 USDT fee_usdt=0.90785695 | position -0.50 -> -1.50 realized_pnl 109.9682872675000000000000052 -> 109.9682872675000000000000052
2026-08-15 15:12:56 | INFO     | pnl_engine | Trade processed: venue=BINANCE trade_id=T00594 trader=TRADER_D symbol=ETHUSDT side=BUY qty=0.25 price=3174.1 fee=0.25507090 USDT fee_usdt=0.25507090 | position -2.50 -> -2.25 realized_pnl 191.2602252999999999999999985 -> 194.3732252999999999999999985
2026-08-15 15:12:56 | INFO     | pnl_engine | Trade processed: venue=BINANCE trade_id=T00664 trader=TRADER_C symbol=SOLUSDT side=BUY qty=260 price=156.162 fee=11.93802331 USDT fee_usdt=11.93802331 | position -130 -> 130 realized_pnl -228.1658359999999999999999945 -> -304.0858359999999999999999945
2026-08-15 15:12:56 | INFO     | pnl_engine | Trade processed: venue=BINANCE trade_id=T00415 trader=TRADER_A symbol=XRPUSDT side=BUY qty=2000 price=0.62586 fee=0.39815908 USDT fee_usdt=0.39815908 | position 500 -> 2500 realized_pnl 198.5363999999999999999999994 -> 198.5363999999999999999999994
2026-08-15 15:12:56 | INFO     | pnl_engine | Trade processed: venue=BINANCE trade_id=T00604 trader=TRADER_A symbol=BTCUSDT side=SELL qty=0.3125 price=63055.97 fee=4.80236714 USDT fee_usdt=4.80236714 | position 1.1250 -> 0.8125 realized_pnl 324.7979394025000000000000200 -> 366.3010644025000000000000200
2026-08-15 15:12:56 | INFO     | pnl_engine | Trade processed: venue=BYBIT trade_id=T00565 trader=TRADER_B symbol=SOLUSDT side=BUY qty=10 price=155.692 fee=0.75114279 USDT fee_usdt=0.75114279 | position 25 -> 35 realized_pnl -18.7365170000000000000000025 -> -18.7365170000000000000000025
2026-08-15 15:12:56 | INFO     | pnl_engine | Trade processed: venue=BINANCE trade_id=T00672 trader=TRADER_D symbol=XRPUSDT side=BUY qty=750 price=0.62543 fee=0.16363174 USDT fee_usdt=0.16363174 | position 5500 -> 6250 realized_pnl 7.394999999999999999999999275 -> 7.394999999999999999999999275
2026-08-15 15:12:56 | INFO     | pnl_engine | Trade processed: venue=OKX trade_id=T00024 trader=TRADER_C symbol=SOLUSDT side=SELL qty=25 price=155.545 fee=1.57094582 USDT fee_usdt=1.57094582 | position -5 -> -30 realized_pnl 173.5550271111111111111111100 -> 173.5550271111111111111111100
2026-08-15 15:12:56 | INFO     | pnl_engine | Trade processed: venue=BYBIT trade_id=T00551 trader=TRADER_A symbol=BTCUSDT side=BUY qty=0.375 price=63005.02 fee=6.07987595 USDT fee_usdt=6.07987595 | position 0.1250 -> 0.5000 realized_pnl -131.8099999999999999999999982 -> -131.8099999999999999999999982
2026-08-15 15:12:56 | INFO     | pnl_engine | Trade processed: venue=OKX trade_id=T00112 trader=TRADER_B symbol=ETHUSDT side=BUY qty=0.5 price=3165.37 fee=0.34054767 USDT fee_usdt=0.34054767 | position 0.75 -> 1.25 realized_pnl -17.04250000000000000000000150 -> -17.04250000000000000000000150
2026-08-15 15:12:56 | INFO     | pnl_engine | Trade processed: venue=OKX trade_id=T00734 trader=TRADER_C symbol=BTCUSDT side=SELL qty=0.8125 price=63040.44 fee=0.01312958 BNB fee_usdt=10.5673424630 | position 0.375 -> -0.4375 realized_pnl 841.2788711312500000000000024 -> 880.8638711312500000000000024
2026-08-15 15:12:56 | INFO     | pnl_engine | Trade processed: venue=OKX trade_id=T00142 trader=TRADER_B symbol=ETHUSDT side=BUY qty=0.25 price=3166.24 fee=0.24415520 USDT fee_usdt=0.24415520 | position 1.25 -> 1.50 realized_pnl -17.04250000000000000000000150 -> -17.04250000000000000000000150
2026-08-15 15:12:56 | INFO     | pnl_engine | Trade processed: venue=OKX trade_id=T00567 trader=TRADER_B symbol=XRPUSDT side=SELL qty=2000 price=0.62585 fee=0.34903122 USDT fee_usdt=0.34903122 | position 0 -> -2000 realized_pnl 115.9171599999999999999999996 -> 115.9171599999999999999999996
2026-08-15 15:12:56 | INFO     | pnl_engine | Trade processed: venue=BINANCE trade_id=T00014 trader=TRADER_D symbol=ETHUSDT side=BUY qty=1.5 price=3166.65 fee=0.00161703 BNB fee_usdt=1.3014665955 | position -2.25 -> -0.75 realized_pnl 194.3732252999999999999999985 -> 224.2262252999999999999999985
2026-08-15 15:12:56 | INFO     | pnl_engine | Trade processed: venue=OKX trade_id=T00712 trader=TRADER_B symbol=XRPUSDT side=BUY qty=3500 price=0.62523 fee=0.65835913 USDT fee_usdt=0.65835913 | position -2000 -> 1500 realized_pnl 115.9171599999999999999999996 -> 117.1571599999999999999999996
2026-08-15 15:12:56 | INFO     | pnl_engine | Trade processed: venue=BINANCE trade_id=T00171 trader=TRADER_C symbol=SOLUSDT side=BUY qty=30 price=155.692 fee=1.23851673 USDT fee_usdt=1.23851673 | position 130 -> 160 realized_pnl -304.0858359999999999999999945 -> -304.0858359999999999999999945
2026-08-15 15:12:56 | INFO     | pnl_engine | Trade processed: venue=OKX trade_id=T00458 trader=TRADER_C symbol=SOLUSDT side=SELL qty=5 price=155.747 fee=0.21529415 USDT fee_usdt=0.21529415 | position -30 -> -35 realized_pnl 173.5550271111111111111111100 -> 173.5550271111111111111111100
2026-08-15 15:12:56 | INFO     | pnl_engine | Trade processed: venue=OKX trade_id=T00204 trader=TRADER_C symbol=XRPUSDT side=SELL qty=500 price=0.62543 fee=0.14433140 USDT fee_usdt=0.14433140 | position 2250 -> 1750 realized_pnl -53.87752382352941176470588250 -> -52.58928852941176470588235310
2026-08-15 15:12:56 | INFO     | pnl_engine | Trade processed: venue=BINANCE trade_id=T00079 trader=TRADER_A symbol=ETHUSDT side=BUY qty=2 price=3171.41 fee=2.52769017 USDT fee_usdt=2.52769017 | position -2.00 -> 0 realized_pnl 7.94498017250000000000000075 -> 17.76498017250000000000000075
2026-08-15 15:12:56 | INFO     | pnl_engine | Trade processed: venue=OKX trade_id=T00598 trader=TRADER_C symbol=XRPUSDT side=BUY qty=500 price=0.62496 fee=0.11842756 USDT fee_usdt=0.11842756 | position 1750 -> 2250 realized_pnl -52.58928852941176470588235310 -> -52.58928852941176470588235310
2026-08-15 15:12:56 | INFO     | pnl_engine | Trade processed: venue=OKX trade_id=T00047 trader=TRADER_B symbol=ETHUSDT side=SELL qty=1 price=3175.71 fee=0.67668042 USDT fee_usdt=0.67668042 | position 1.50 -> 0.50 realized_pnl -17.04250000000000000000000150 -> -13.89750000000000000000000150
2026-08-15 15:12:56 | INFO     | pnl_engine | Trade processed: venue=BINANCE trade_id=T00337 trader=TRADER_A symbol=BTCUSDT side=BUY qty=0.0625 price=62828.26 fee=1.86507683 USDT fee_usdt=1.86507683 | position 0.8125 -> 0.8750 realized_pnl 366.3010644025000000000000200 -> 366.3010644025000000000000200
2026-08-15 15:12:56 | INFO     | pnl_engine | Trade processed: venue=OKX trade_id=T00530 trader=TRADER_C symbol=BTCUSDT side=BUY qty=0.0625 price=62826.53 fee=0.00165010 BNB fee_usdt=1.3321752330 | position -0.4375 -> -0.3750 realized_pnl 880.8638711312500000000000024 -> 894.2332461312500000000000024
2026-08-15 15:12:56 | INFO     | pnl_engine | Trade processed: venue=BYBIT trade_id=T00685 trader=TRADER_A symbol=BTCUSDT side=SELL qty=0.5 price=62820.59 fee=8.15356573 USDT fee_usdt=8.15356573 | position 0.5000 -> 0 realized_pnl -131.8099999999999999999999982 -> -190.0087499999999999999999982
2026-08-15 15:12:56 | INFO     | pnl_engine | Trade processed: venue=BINANCE trade_id=T00579 trader=TRADER_C symbol=SOLUSDT side=BUY qty=40 price=155.684 fee=1.39252541 USDT fee_usdt=1.39252541 | position 160 -> 200 realized_pnl -304.0858359999999999999999945 -> -304.0858359999999999999999945
2026-08-15 15:12:56 | INFO     | pnl_engine | Trade processed: venue=BYBIT trade_id=T00543 trader=TRADER_D symbol=XRPUSDT side=BUY qty=250 price=0.62472 fee=0.03172629 USDT fee_usdt=0.03172629 | position -250 -> 0 realized_pnl -3.430857142857142857142857080 -> -2.897999999999999999999999930
2026-08-15 15:12:56 | INFO     | pnl_engine | Trade processed: venue=OKX trade_id=T00716 trader=TRADER_B symbol=XRPUSDT side=SELL qty=2250 price=0.6247 fee=0.60405549 USDT fee_usdt=0.60405549 | position 1500 -> -750 realized_pnl 117.1571599999999999999999996 -> 116.3621599999999999999999996
2026-08-15 15:12:56 | INFO     | pnl_engine | Trade processed: venue=OKX trade_id=T00606 trader=TRADER_B symbol=XRPUSDT side=BUY qty=250 price=0.62591 fee=0.06293131 USDT fee_usdt=0.06293131 | position -750 -> -500 realized_pnl 116.3621599999999999999999996 -> 116.0596599999999999999999996
2026-08-15 15:12:56 | INFO     | pnl_engine | Trade processed: venue=BINANCE trade_id=T00249 trader=TRADER_A symbol=ETHUSDT side=BUY qty=0.5 price=3169.44 fee=0.48908224 USDT fee_usdt=0.48908224 | position 0 -> 0.5 realized_pnl 17.76498017250000000000000075 -> 17.76498017250000000000000075
2026-08-15 15:12:56 | INFO     | pnl_engine | Trade processed: venue=BINANCE trade_id=T00274 trader=TRADER_D symbol=ETHUSDT side=BUY qty=0.75 price=3171.19 fee=0.94311610 USDT fee_usdt=0.94311610 | position -0.75 -> 0 realized_pnl 224.2262252999999999999999985 -> 235.7477252999999999999999985
2026-08-15 15:12:56 | INFO     | pnl_engine | Trade processed: venue=OKX trade_id=T00268 trader=TRADER_C symbol=XRPUSDT side=BUY qty=250 price=0.62537 fee=0.03544802 USDT fee_usdt=0.03544802 | position 2250 -> 2500 realized_pnl -52.58928852941176470588235310 -> -52.58928852941176470588235310
2026-08-15 15:12:56 | INFO     | pnl_engine | Trade processed: venue=BYBIT trade_id=T00698 trader=TRADER_B symbol=ETHUSDT side=BUY qty=0.75 price=3171.97 fee=0.99321099 USDT fee_usdt=0.99321099 | position -1.50 -> -0.75 realized_pnl 109.9682872675000000000000052 -> 112.6882872675000000000000054
2026-08-15 15:12:56 | INFO     | pnl_engine | Trade processed: venue=OKX trade_id=T00244 trader=TRADER_C symbol=BTCUSDT side=BUY qty=0.8125 price=62789.03 fee=16.45828190 USDT fee_usdt=16.45828190 | position -0.3750 -> 0.4375 realized_pnl 894.2332461312500000000000024 -> 988.5119961312500000000000024
2026-08-15 15:12:56 | INFO     | pnl_engine | Trade processed: venue=BYBIT trade_id=T00641 trader=TRADER_B symbol=SOLUSDT side=BUY qty=10 price=155.817 fee=0.45138387 USDT fee_usdt=0.45138387 | position 35 -> 45 realized_pnl -18.7365170000000000000000025 -> -18.7365170000000000000000025
2026-08-15 15:12:56 | INFO     | pnl_engine | Trade processed: venue=BINANCE trade_id=T00111 trader=TRADER_A symbol=XRPUSDT side=BUY qty=1000 price=0.62532 fee=0.00020711 BNB fee_usdt=0.1672061163 | position 2500 -> 3500 realized_pnl 198.5363999999999999999999994 -> 198.5363999999999999999999994
2026-08-15 15:12:56 | INFO     | pnl_engine | Trade processed: venue=OKX trade_id=T00648 trader=TRADER_C symbol=SOLUSDT side=SELL qty=10 price=155.966 fee=0.56057943 USDT fee_usdt=0.56057943 | position -35 -> -45 realized_pnl 173.5550271111111111111111100 -> 173.5550271111111111111111100
2026-08-15 15:12:56 | INFO     | pnl_engine | Trade processed: venue=OKX trade_id=T00740 trader=TRADER_C symbol=SOLUSDT side=SELL qty=40 price=155.941 fee=1.27155537 USDT fee_usdt=1.27155537 | position -45 -> -85 realized_pnl 173.5550271111111111111111100 -> 173.5550271111111111111111100
2026-08-15 15:12:56 | INFO     | pnl_engine | Trade processed: venue=BINANCE trade_id=T00513 trader=TRADER_D symbol=XRPUSDT side=SELL qty=6250 price=0.6252 fee=1.19169351 USDT fee_usdt=1.19169351 | position 6250 -> 0 realized_pnl 7.394999999999999999999999275 -> 21.02749999999999999999999928
2026-08-15 15:12:56 | INFO     | pnl_engine | Trade processed: venue=OKX trade_id=T00324 trader=TRADER_C symbol=BTCUSDT side=BUY qty=0.3125 price=62827.52 fee=0.00855258 BNB fee_usdt=6.9047544114 | position 0.4375 -> 0.7500 realized_pnl 988.5119961312500000000000024 -> 988.5119961312500000000000024
2026-08-15 15:12:56 | INFO     | pnl_engine | Trade processed: venue=BINANCE trade_id=T00562 trader=TRADER_A symbol=XRPUSDT side=BUY qty=250 price=0.62553 fee=0.03159531 USDT fee_usdt=0.03159531 | position 3500 -> 3750 realized_pnl 198.5363999999999999999999994 -> 198.5363999999999999999999994
2026-08-15 15:12:56 | INFO     | pnl_engine | Trade processed: venue=BYBIT trade_id=T00242 trader=TRADER_B symbol=ETHUSDT side=BUY qty=0.5 price=3176.93 fee=0.49668133 USDT fee_usdt=0.49668133 | position -0.75 -> -0.25 realized_pnl 112.6882872675000000000000054 -> 112.0216206008333333333333389
2026-08-15 15:12:56 | INFO     | pnl_engine | Trade processed: venue=BINANCE trade_id=T00731 trader=TRADER_A symbol=XRPUSDT side=BUY qty=1500 price=0.62691 fee=0.00036216 BNB fee_usdt=0.2921870664 | position 3750 -> 5250 realized_pnl 198.5363999999999999999999994 -> 198.5363999999999999999999994
2026-08-15 15:12:56 | INFO     | pnl_engine | Trade processed: venue=BYBIT trade_id=T00238 trader=TRADER_D symbol=XRPUSDT side=SELL qty=1500 price=0.62663 fee=0.00044499 BNB fee_usdt=0.3590134821 | position 0 -> -1500 realized_pnl -2.897999999999999999999999930 -> -2.897999999999999999999999930
2026-08-15 15:12:56 | INFO     | pnl_engine | Trade processed: venue=BINANCE trade_id=T00746 trader=TRADER_D symbol=ETHUSDT side=SELL qty=0.25 price=3180.33 fee=0.21201882 USDT fee_usdt=0.21201882 | position 0 -> -0.25 realized_pnl 235.7477252999999999999999985 -> 235.7477252999999999999999985
2026-08-15 15:12:56 | INFO     | pnl_engine | Trade processed: venue=BINANCE trade_id=T00023 trader=TRADER_C symbol=SOLUSDT side=SELL qty=25 price=155.822 fee=1.63710462 USDT fee_usdt=1.63710462 | position 200 -> 175 realized_pnl -304.0858359999999999999999945 -> -308.4333359999999999999999945
2026-08-15 15:12:56 | INFO     | pnl_engine | Trade processed: venue=BINANCE trade_id=T00394 trader=TRADER_D symbol=XRPUSDT side=SELL qty=2000 price=0.62654 fee=0.61344846 USDT fee_usdt=0.61344846 | position 0 -> -2000 realized_pnl 21.02749999999999999999999928 -> 21.02749999999999999999999928
2026-08-15 15:12:56 | INFO     | pnl_engine | Trade processed: venue=OKX trade_id=T00532 trader=TRADER_C symbol=BTCUSDT side=SELL qty=0.0625 price=62799.81 fee=0.00163108 BNB fee_usdt=1.3159390332 | position 0.7500 -> 0.6875 realized_pnl 988.5119961312500000000000024 -> 988.1834023812500000000000024
2026-08-15 15:12:56 | INFO     | pnl_engine | Trade processed: venue=BYBIT trade_id=T00474 trader=TRADER_B symbol=SOLUSDT side=SELL qty=45 price=155.889 fee=2.71281503 USDT fee_usdt=2.71281503 | position 45 -> 0 realized_pnl -18.7365170000000000000000025 -> -37.4215170000000000000000015
2026-08-15 15:12:56 | INFO     | pnl_engine | Trade processed: venue=OKX trade_id=T00571 trader=TRADER_B symbol=ETHUSDT side=SELL qty=0.5 price=3182.43 fee=0.00062994 BNB fee_usdt=0.5082292926 | position 0.50 -> 0 realized_pnl -13.89750000000000000000000150 -> -8.96500000000000000000000150
2026-08-15 15:12:56 | INFO     | pnl_engine | Trade processed: venue=BYBIT trade_id=T00591 trader=TRADER_B symbol=SOLUSDT side=BUY qty=10 price=156.015 fee=0.57836100 USDT fee_usdt=0.57836100 | position 0 -> 10 realized_pnl -37.4215170000000000000000015 -> -37.4215170000000000000000015
2026-08-15 15:12:56 | INFO     | pnl_engine | Trade processed: venue=OKX trade_id=T00325 trader=TRADER_B symbol=ETHUSDT side=BUY qty=1.25 price=3182.57 fee=1.65884220 USDT fee_usdt=1.65884220 | position 0 -> 1.25 realized_pnl -8.96500000000000000000000150 -> -8.96500000000000000000000150
2026-08-15 15:12:56 | INFO     | pnl_engine | Trade processed: venue=OKX trade_id=T00429 trader=TRADER_B symbol=XRPUSDT side=BUY qty=500 price=0.62644 fee=0.14857474 USDT fee_usdt=0.14857474 | position -500 -> 0 realized_pnl 116.0596599999999999999999996 -> 115.1896599999999999999999996
2026-08-15 15:12:56 | INFO     | pnl_engine | Trade processed: venue=OKX trade_id=T00161 trader=TRADER_C symbol=SOLUSDT side=BUY qty=15 price=156.037 fee=0.65800126 USDT fee_usdt=0.65800126 | position -85 -> -70 realized_pnl 173.5550271111111111111111100 -> 170.8687280915032679738562085
2026-08-15 15:12:56 | INFO     | pnl_engine | Trade processed: venue=BINANCE trade_id=T00350 trader=TRADER_A symbol=XRPUSDT side=BUY qty=1000 price=0.62664 fee=0.13655199 USDT fee_usdt=0.13655199 | position 5250 -> 6250 realized_pnl 198.5363999999999999999999994 -> 198.5363999999999999999999994
2026-08-15 15:12:56 | INFO     | pnl_engine | Trade processed: venue=BINANCE trade_id=T00619 trader=TRADER_D symbol=ETHUSDT side=SELL qty=0.25 price=3178.76 fee=0.28811799 USDT fee_usdt=0.28811799 | position -0.25 -> -0.50 realized_pnl 235.7477252999999999999999985 -> 235.7477252999999999999999985
2026-08-15 15:12:56 | INFO     | pnl_engine | Trade processed: venue=BYBIT trade_id=T00252 trader=TRADER_D symbol=XRPUSDT side=BUY qty=1000 price=0.62553 fee=0.20839080 USDT fee_usdt=0.20839080 | position -1500 -> -500 realized_pnl -2.897999999999999999999999930 -> -1.797999999999999999999999930
2026-08-15 15:12:56 | INFO     | pnl_engine | Trade processed: venue=BYBIT trade_id=T00182 trader=TRADER_A symbol=SOLUSDT side=SELL qty=5 price=156.044 fee=0.23675453 USDT fee_usdt=0.23675453 | position 5 -> 0 realized_pnl 36.6117663999999999999999925 -> 33.6867663999999999999999925
2026-08-15 15:12:56 | INFO     | pnl_engine | Trade processed: venue=BINANCE trade_id=T00444 trader=TRADER_D symbol=XRPUSDT side=BUY qty=2000 price=0.62653 fee=0.28325887 USDT fee_usdt=0.28325887 | position -2000 -> 0 realized_pnl 21.02749999999999999999999928 -> 21.04749999999999999999999928
2026-08-15 15:12:56 | INFO     | pnl_engine | Trade processed: venue=BINANCE trade_id=T00396 trader=TRADER_C symbol=SOLUSDT side=BUY qty=10 price=156.387 fee=0.47882482 USDT fee_usdt=0.47882482 | position 175 -> 185 realized_pnl -308.4333359999999999999999945 -> -308.4333359999999999999999945
2026-08-15 15:12:56 | INFO     | pnl_engine | Trade processed: venue=BINANCE trade_id=T00669 trader=TRADER_D symbol=ETHUSDT side=BUY qty=1.5 price=3171.71 fee=0.96451072 USDT fee_usdt=0.96451072 | position -0.50 -> 1.00 realized_pnl 235.7477252999999999999999985 -> 239.6652252999999999999999985
2026-08-15 15:12:56 | INFO     | pnl_engine | Trade processed: venue=BYBIT trade_id=T00091 trader=TRADER_B symbol=ETHUSDT side=SELL qty=2 price=3172.14 fee=1.38708569 USDT fee_usdt=1.38708569 | position -0.25 -> -2.25 realized_pnl 112.0216206008333333333333389 -> 112.0216206008333333333333389
2026-08-15 15:12:56 | INFO     | pnl_engine | Trade processed: venue=BINANCE trade_id=T00286 trader=TRADER_A symbol=ETHUSDT side=SELL qty=0.5 price=3169.08 fee=0.52299454 USDT fee_usdt=0.52299454 | position 0.5 -> 0 realized_pnl 17.76498017250000000000000075 -> 17.58498017250000000000000075
2026-08-15 15:12:56 | INFO     | pnl_engine | Trade processed: venue=BINANCE trade_id=T00563 trader=TRADER_A symbol=BTCUSDT side=BUY qty=0.3125 price=63053 fee=0.00789636 BNB fee_usdt=6.3868918224 | position 0.8750 -> 1.1875 realized_pnl 366.3010644025000000000000200 -> 366.3010644025000000000000200
2026-08-15 15:12:56 | INFO     | pnl_engine | Trade processed: venue=OKX trade_id=T00381 trader=TRADER_C symbol=XRPUSDT side=BUY qty=500 price=0.62804 fee=0.00008743 BNB fee_usdt=0.0707168812 | position 2500 -> 3000 realized_pnl -52.58928852941176470588235310 -> -52.58928852941176470588235310
2026-08-15 15:12:56 | INFO     | pnl_engine | Trade processed: venue=BINANCE trade_id=T00741 trader=TRADER_A symbol=BTCUSDT side=BUY qty=0.3125 price=63071.84 fee=5.06298378 USDT fee_usdt=5.06298378 | position 1.1875 -> 1.5000 realized_pnl 366.3010644025000000000000200 -> 366.3010644025000000000000200
2026-08-15 15:12:56 | INFO     | pnl_engine | Trade processed: venue=BYBIT trade_id=T00508 trader=TRADER_A symbol=BTCUSDT side=BUY qty=0.375 price=63063.05 fee=10.53455406 USDT fee_usdt=10.53455406 | position 0 -> 0.375 realized_pnl -190.0087499999999999999999982 -> -190.0087499999999999999999982
2026-08-15 15:12:56 | INFO     | pnl_engine | Trade processed: venue=BINANCE trade_id=T00498 trader=TRADER_C symbol=SOLUSDT side=BUY qty=5 price=156.558 fee=0.20159253 USDT fee_usdt=0.20159253 | position 185 -> 190 realized_pnl -308.4333359999999999999999945 -> -308.4333359999999999999999945
2026-08-15 15:12:56 | INFO     | pnl_engine | Trade processed: venue=BINANCE trade_id=T00308 trader=TRADER_D symbol=ETHUSDT side=BUY qty=0.5 price=3167.97 fee=0.00095068 BNB fee_usdt=0.7689480112 | position 1.00 -> 1.50 realized_pnl 239.6652252999999999999999985 -> 239.6652252999999999999999985
2026-08-15 15:12:56 | INFO     | pnl_engine | Trade processed: venue=BINANCE trade_id=T00501 trader=TRADER_A symbol=BTCUSDT side=SELL qty=0.5 price=63082.03 fee=14.88402042 USDT fee_usdt=14.88402042 | position 1.5000 -> 1.0000 realized_pnl 366.3010644025000000000000200 -> 418.7006477358333333333333550
2026-08-15 15:12:56 | INFO     | pnl_engine | Trade processed: venue=BINANCE trade_id=T00124 trader=TRADER_A symbol=ETHUSDT side=BUY qty=0.25 price=3155.44 fee=0.34314107 USDT fee_usdt=0.34314107 | position 0 -> 0.25 realized_pnl 17.58498017250000000000000075 -> 17.58498017250000000000000075
2026-08-15 15:12:56 | INFO     | pnl_engine | Trade processed: venue=BYBIT trade_id=T00012 trader=TRADER_B symbol=SOLUSDT side=BUY qty=30 price=156.967 fee=1.06748001 USDT fee_usdt=1.06748001 | position 10 -> 40 realized_pnl -37.4215170000000000000000015 -> -37.4215170000000000000000015
2026-08-15 15:12:56 | INFO     | pnl_engine | Trade processed: venue=BYBIT trade_id=T00175 trader=TRADER_B symbol=ETHUSDT side=BUY qty=2 price=3160.3 fee=2.33532405 USDT fee_usdt=2.33532405 | position -2.25 -> -0.25 realized_pnl 112.0216206008333333333333389 -> 136.4697687489814814814814869
2026-08-15 15:12:56 | INFO     | pnl_engine | Trade processed: venue=BINANCE trade_id=T00346 trader=TRADER_C symbol=SOLUSDT side=SELL qty=190 price=156.815 fee=6.48224163 USDT fee_usdt=6.48224163 | position 190 -> 0 realized_pnl -308.4333359999999999999999945 -> -159.5258359999999999999999915
2026-08-15 15:12:56 | INFO     | pnl_engine | Trade processed: venue=BYBIT trade_id=T00003 trader=TRADER_A symbol=BTCUSDT side=SELL qty=0.0625 price=63240.34 fee=1.54318075 USDT fee_usdt=1.54318075 | position 0.375 -> 0.3125 realized_pnl -190.0087499999999999999999982 -> -178.9281249999999999999999982
2026-08-15 15:12:56 | INFO     | pnl_engine | Trade processed: venue=OKX trade_id=T00122 trader=TRADER_B symbol=XRPUSDT side=SELL qty=1000 price=0.62845 fee=0.23327938 USDT fee_usdt=0.23327938 | position 0 -> -1000 realized_pnl 115.1896599999999999999999996 -> 115.1896599999999999999999996
2026-08-15 15:12:56 | INFO     | pnl_engine | Trade processed: venue=BINANCE trade_id=T00375 trader=TRADER_D symbol=XRPUSDT side=BUY qty=250 price=0.62932 fee=0.00006402 BNB fee_usdt=0.0517646514 | position 0 -> 250 realized_pnl 21.04749999999999999999999928 -> 21.04749999999999999999999928
2026-08-15 15:12:56 | INFO     | pnl_engine | Trade processed: venue=BINANCE trade_id=T00119 trader=TRADER_D symbol=ETHUSDT side=SELL qty=0.25 price=3154.88 fee=0.34200270 USDT fee_usdt=0.34200270 | position 1.50 -> 1.25 realized_pnl 239.6652252999999999999999985 -> 235.7693919666666666666666652
2026-08-15 15:12:56 | INFO     | pnl_engine | Trade processed: venue=BYBIT trade_id=T00071 trader=TRADER_A symbol=SOLUSDT side=BUY qty=5 price=157.115 fee=0.36114419 USDT fee_usdt=0.36114419 | position 0 -> 5 realized_pnl 33.6867663999999999999999925 -> 33.6867663999999999999999925
2026-08-15 15:12:56 | INFO     | pnl_engine | Trade processed: venue=BINANCE trade_id=T00683 trader=TRADER_A symbol=XRPUSDT side=BUY qty=250 price=0.62689 fee=0.04324516 USDT fee_usdt=0.04324516 | position 6250 -> 6500 realized_pnl 198.5363999999999999999999994 -> 198.5363999999999999999999994
2026-08-15 15:12:56 | INFO     | pnl_engine | Trade processed: venue=BYBIT trade_id=T00231 trader=TRADER_B symbol=ETHUSDT side=BUY qty=1.5 price=3159.04 fee=0.00290585 BNB fee_usdt=2.3551042495 | position -0.25 -> 1.25 realized_pnl 136.4697687489814814814814869 -> 139.8407872675000000000000054
2026-08-15 15:12:56 | INFO     | pnl_engine | Trade processed: venue=BINANCE trade_id=T00293 trader=TRADER_A symbol=ETHUSDT side=SELL qty=0.5 price=3165.82 fee=0.54551075 USDT fee_usdt=0.54551075 | position 0.25 -> -0.25 realized_pnl 17.58498017250000000000000075 -> 20.17998017250000000000000075
2026-08-15 15:12:56 | INFO     | pnl_engine | Trade processed: venue=BINANCE trade_id=T00620 trader=TRADER_A symbol=XRPUSDT side=SELL qty=6500 price=0.62721 fee=1.13978798 USDT fee_usdt=1.13978798 | position 6500 -> 0 realized_pnl 198.5363999999999999999999994 -> 206.8613999999999999999999992
2026-08-15 15:12:56 | INFO     | pnl_engine | Trade processed: venue=OKX trade_id=T00711 trader=TRADER_B symbol=XRPUSDT side=SELL qty=1000 price=0.62723 fee=0.23530549 USDT fee_usdt=0.23530549 | position -1000 -> -2000 realized_pnl 115.1896599999999999999999996 -> 115.1896599999999999999999996
2026-08-15 15:12:56 | INFO     | pnl_engine | Trade processed: venue=OKX trade_id=T00423 trader=TRADER_B symbol=ETHUSDT side=BUY qty=0.5 price=3159.48 fee=0.43711085 USDT fee_usdt=0.43711085 | position 1.25 -> 1.75 realized_pnl -8.96500000000000000000000150 -> -8.96500000000000000000000150
2026-08-15 15:12:56 | INFO     | pnl_engine | Trade processed: venue=OKX trade_id=T00667 trader=TRADER_B symbol=XRPUSDT side=BUY qty=750 price=0.62608 fee=0.12998561 USDT fee_usdt=0.12998561 | position -2000 -> -1250 realized_pnl 115.1896599999999999999999996 -> 116.5096599999999999999999996
2026-08-15 15:12:56 | INFO     | pnl_engine | Trade processed: venue=OKX trade_id=T00686 trader=TRADER_C symbol=SOLUSDT side=SELL qty=5 price=156.992 fee=0.27679483 USDT fee_usdt=0.27679483 | position -70 -> -75 realized_pnl 170.8687280915032679738562085 -> 170.8687280915032679738562085
2026-08-15 15:12:56 | INFO     | pnl_engine | Trade processed: venue=BINANCE trade_id=T00618 trader=TRADER_A symbol=BTCUSDT side=SELL qty=0.125 price=63270.61 fee=2.33494334 USDT fee_usdt=2.33494334 | position 1.0000 -> 0.8750 realized_pnl 418.7006477358333333333333550 -> 455.3730435691666666666666888
2026-08-15 15:12:56 | INFO     | pnl_engine | Trade processed: venue=OKX trade_id=T00502 trader=TRADER_B symbol=XRPUSDT side=BUY qty=3250 price=0.62671 fee=0.74724812 USDT fee_usdt=0.74724812 | position -1250 -> 2000 realized_pnl 116.5096599999999999999999996 -> 117.9221599999999999999999996
2026-08-15 15:12:56 | INFO     | pnl_engine | Trade processed: venue=OKX trade_id=T00542 trader=TRADER_C symbol=SOLUSDT side=BUY qty=5 price=156.956 fee=0.37413463 USDT fee_usdt=0.37413463 | position -75 -> -70 realized_pnl 170.8687280915032679738562085 -> 165.7563239520697167755991280
2026-08-15 15:12:56 | INFO     | pnl_engine | Trade processed: venue=BYBIT trade_id=T00601 trader=TRADER_D symbol=XRPUSDT side=BUY qty=2000 price=0.62618 fee=0.32627659 USDT fee_usdt=0.32627659 | position -500 -> 1500 realized_pnl -1.797999999999999999999999930 -> -1.572999999999999999999999930
2026-08-15 15:12:56 | INFO     | pnl_engine | Trade processed: venue=BYBIT trade_id=T00519 trader=TRADER_D symbol=XRPUSDT side=SELL qty=2000 price=0.62683 fee=0.55069908 USDT fee_usdt=0.55069908 | position 1500 -> -500 realized_pnl -1.572999999999999999999999930 -> -0.597999999999999999999999930
2026-08-15 15:12:56 | INFO     | pnl_engine | Trade processed: venue=BINANCE trade_id=T00468 trader=TRADER_A symbol=ETHUSDT side=BUY qty=1.5 price=3163.99 fee=2.01628857 USDT fee_usdt=2.01628857 | position -0.25 -> 1.25 realized_pnl 20.17998017250000000000000075 -> 20.63748017250000000000000075
2026-08-15 15:12:56 | INFO     | pnl_engine | Trade processed: venue=BYBIT trade_id=T00107 trader=TRADER_A symbol=SOLUSDT side=SELL qty=10 price=157.042 fee=0.50912457 USDT fee_usdt=0.50912457 | position 5 -> -5 realized_pnl 33.6867663999999999999999925 -> 33.3217663999999999999999925
2026-08-15 15:12:56 | INFO     | pnl_engine | Trade processed: venue=BINANCE trade_id=T00678 trader=TRADER_A symbol=ETHUSDT side=SELL qty=1.25 price=3164.5 fee=1.35268290 USDT fee_usdt=1.35268290 | position 1.25 -> 0 realized_pnl 20.63748017250000000000000075 -> 21.27498017250000000000000075
2026-08-15 15:12:56 | INFO     | pnl_engine | Trade processed: venue=OKX trade_id=T00013 trader=TRADER_C symbol=XRPUSDT side=SELL qty=2000 price=0.62468 fee=0.44690394 USDT fee_usdt=0.44690394 | position 3000 -> 1000 realized_pnl -52.58928852941176470588235310 -> -51.78673950980392156862745110
2026-08-15 15:12:56 | INFO     | pnl_engine | Trade processed: venue=OKX trade_id=T00483 trader=TRADER_B symbol=XRPUSDT side=SELL qty=2000 price=0.6252 fee=0.58129878 USDT fee_usdt=0.58129878 | position 2000 -> 0 realized_pnl 117.9221599999999999999999996 -> 114.9021599999999999999999996
2026-08-15 15:12:56 | INFO     | pnl_engine | Trade processed: venue=BINANCE trade_id=T00402 trader=TRADER_D symbol=ETHUSDT side=SELL qty=1.25 price=3161.96 fee=0.00171798 BNB fee_usdt=1.3958415702 | position 1.25 -> 0 realized_pnl 235.7693919666666666666666652 -> 225.1402252999999999999999990
2026-08-15 15:12:56 | INFO     | pnl_engine | Trade processed: venue=BYBIT trade_id=T00275 trader=TRADER_A symbol=SOLUSDT side=BUY qty=5 price=157.05 fee=0.23370914 USDT fee_usdt=0.23370914 | position -5 -> 0 realized_pnl 33.3217663999999999999999925 -> 33.2817663999999999999999925
2026-08-15 15:12:56 | INFO     | pnl_engine | Trade processed: venue=OKX trade_id=T00178 trader=TRADER_B symbol=XRPUSDT side=SELL qty=1500 price=0.62519 fee=0.35064025 USDT fee_usdt=0.35064025 | position 0 -> -1500 realized_pnl 114.9021599999999999999999996 -> 114.9021599999999999999999996
2026-08-15 15:12:56 | INFO     | pnl_engine | Trade processed: venue=BINANCE trade_id=T00456 trader=TRADER_C symbol=SOLUSDT side=BUY qty=40 price=156.894 fee=1.76065231 USDT fee_usdt=1.76065231 | position 0 -> 40 realized_pnl -159.5258359999999999999999915 -> -159.5258359999999999999999915
2026-08-15 15:12:56 | INFO     | pnl_engine | Trade processed: venue=BINANCE trade_id=T00443 trader=TRADER_D symbol=XRPUSDT side=SELL qty=750 price=0.62421 fee=0.21021730 USDT fee_usdt=0.21021730 | position 250 -> -500 realized_pnl 21.04749999999999999999999928 -> 19.76999999999999999999999928
2026-08-15 15:12:56 | INFO     | pnl_engine | Trade processed: venue=OKX trade_id=T00354 trader=TRADER_B symbol=XRPUSDT side=SELL qty=1250 price=0.62475 fee=0.00028048 BNB fee_usdt=0.2278871952 | position -1500 -> -2750 realized_pnl 114.9021599999999999999999996 -> 114.9021599999999999999999996
2026-08-15 15:12:56 | INFO     | pnl_engine | Trade processed: venue=OKX trade_id=T00408 trader=TRADER_B symbol=ETHUSDT side=SELL qty=0.75 price=3161.17 fee=0.84583353 USDT fee_usdt=0.84583353 | position 1.75 -> 1.00 realized_pnl -8.96500000000000000000000150 -> -20.06714285714285714285714425
2026-08-15 15:12:56 | INFO     | pnl_engine | Trade processed: venue=BINANCE trade_id=T00438 trader=TRADER_D symbol=XRPUSDT side=SELL qty=250 price=0.62547 fee=0.06569379 USDT fee_usdt=0.06569379 | position -500 -> -750 realized_pnl 19.76999999999999999999999928 -> 19.76999999999999999999999928
2026-08-15 15:12:56 | INFO     | pnl_engine | Trade processed: venue=BINANCE trade_id=T00637 trader=TRADER_D symbol=ETHUSDT side=SELL qty=1 price=3161.33 fee=1.35356058 USDT fee_usdt=1.35356058 | position 0 -> -1 realized_pnl 225.1402252999999999999999990 -> 225.1402252999999999999999990
2026-08-15 15:12:56 | INFO     | pnl_engine | Trade processed: venue=BINANCE trade_id=T00265 trader=TRADER_D symbol=ETHUSDT side=SELL qty=1.5 price=3162.95 fee=1.92378592 USDT fee_usdt=1.92378592 | position -1 -> -2.5 realized_pnl 225.1402252999999999999999990 -> 225.1402252999999999999999990
2026-08-15 15:12:56 | INFO     | pnl_engine | Trade processed: venue=BYBIT trade_id=T00169 trader=TRADER_B symbol=SOLUSDT side=SELL qty=25 price=157.034 fee=1.22166574 USDT fee_usdt=1.22166574 | position 40 -> 15 realized_pnl -37.4215170000000000000000015 -> -29.7965170000000000000000015
2026-08-15 15:12:56 | INFO     | pnl_engine | Trade processed: venue=BINANCE trade_id=T00327 trader=TRADER_C symbol=SOLUSDT side=SELL qty=10 price=157.114 fee=0.77093893 USDT fee_usdt=0.77093893 | position 40 -> 30 realized_pnl -159.5258359999999999999999915 -> -157.3258359999999999999999915
2026-08-15 15:12:56 | INFO     | pnl_engine | Trade processed: venue=BINANCE trade_id=T00287 trader=TRADER_C symbol=SOLUSDT side=SELL qty=5 price=157.062 fee=0.21338813 USDT fee_usdt=0.21338813 | position 30 -> 25 realized_pnl -157.3258359999999999999999915 -> -156.4858359999999999999999915
2026-08-15 15:12:56 | INFO     | pnl_engine | Trade processed: venue=OKX trade_id=T00578 trader=TRADER_C symbol=XRPUSDT side=SELL qty=750 price=0.62434 fee=0.00012615 BNB fee_usdt=0.1024956135 | position 1000 -> 250 realized_pnl -51.78673950980392156862745110 -> -51.74078362745098039215686285
2026-08-15 15:12:56 | INFO     | pnl_engine | Trade processed: venue=BYBIT trade_id=T00132 trader=TRADER_B symbol=ETHUSDT side=BUY qty=2 price=3159.5 fee=2.39889720 USDT fee_usdt=2.39889720 | position 1.25 -> 3.25 realized_pnl 139.8407872675000000000000054 -> 139.8407872675000000000000054
2026-08-15 15:12:56 | INFO     | pnl_engine | Trade processed: venue=OKX trade_id=T00725 trader=TRADER_C symbol=BTCUSDT side=BUY qty=0.375 price=63188.51 fee=7.70599454 USDT fee_usdt=7.70599454 | position 0.6875 -> 1.0625 realized_pnl 988.1834023812500000000000024 -> 988.1834023812500000000000024
2026-08-15 15:12:56 | INFO     | pnl_engine | Trade processed: venue=BINANCE trade_id=T00592 trader=TRADER_C symbol=SOLUSDT side=SELL qty=25 price=156.98 fee=1.08920379 USDT fee_usdt=1.08920379 | position 25 -> 0 realized_pnl -156.4858359999999999999999915 -> -154.3358359999999999999999915
2026-08-15 15:12:56 | INFO     | pnl_engine | Trade processed: venue=BINANCE trade_id=T00398 trader=TRADER_A symbol=XRPUSDT side=BUY qty=1000 price=0.62552 fee=0.23059332 USDT fee_usdt=0.23059332 | position 0 -> 1000 realized_pnl 206.8613999999999999999999992 -> 206.8613999999999999999999992
2026-08-15 15:12:56 | INFO     | pnl_engine | Trade processed: venue=BYBIT trade_id=T00455 trader=TRADER_A symbol=SOLUSDT side=SELL qty=25 price=156.872 fee=0.87112527 USDT fee_usdt=0.87112527 | position 0 -> -25 realized_pnl 33.2817663999999999999999925 -> 33.2817663999999999999999925
2026-08-15 15:12:56 | INFO     | pnl_engine | Trade processed: venue=BINANCE trade_id=T00668 trader=TRADER_C symbol=SOLUSDT side=SELL qty=15 price=157.332 fee=0.88141845 USDT fee_usdt=0.88141845 | position 0 -> -15 realized_pnl -154.3358359999999999999999915 -> -154.3358359999999999999999915
2026-08-15 15:12:56 | INFO     | pnl_engine | Trade processed: venue=OKX trade_id=T00688 trader=TRADER_C symbol=SOLUSDT side=BUY qty=30 price=157.541 fee=1.40249637 USDT fee_usdt=1.40249637 | position -70 -> -40 realized_pnl 165.7563239520697167755991280 -> 117.5318991154684095860566450
2026-08-15 15:12:56 | INFO     | pnl_engine | Trade processed: venue=BYBIT trade_id=T00564 trader=TRADER_B symbol=SOLUSDT side=BUY qty=40 price=157.521 fee=1.95237456 USDT fee_usdt=1.95237456 | position 15 -> 55 realized_pnl -29.7965170000000000000000015 -> -29.7965170000000000000000015
2026-08-15 15:12:56 | INFO     | pnl_engine | Trade processed: venue=BYBIT trade_id=T00706 trader=TRADER_A symbol=SOLUSDT side=BUY qty=25 price=157.481 fee=1.36701020 USDT fee_usdt=1.36701020 | position -25 -> 0 realized_pnl 33.2817663999999999999999925 -> 18.0567663999999999999999925
2026-08-15 15:12:56 | INFO     | pnl_engine | Trade processed: venue=OKX trade_id=T00042 trader=TRADER_B symbol=ETHUSDT side=BUY qty=1.25 price=3155.99 fee=1.96372539 USDT fee_usdt=1.96372539 | position 1.00 -> 2.25 realized_pnl -20.06714285714285714285714425 -> -20.06714285714285714285714425
2026-08-15 15:12:56 | INFO     | pnl_engine | Trade processed: venue=BINANCE trade_id=T00486 trader=TRADER_D symbol=ETHUSDT side=BUY qty=0.75 price=3155.11 fee=0.00109978 BNB fee_usdt=0.8908877868 | position -2.5 -> -1.75 realized_pnl 225.1402252999999999999999990 -> 230.5342252999999999999999990
2026-08-15 15:12:56 | INFO     | pnl_engine | Trade processed: venue=OKX trade_id=T00526 trader=TRADER_B symbol=ETHUSDT side=SELL qty=2 price=3155.43 fee=1.44548783 USDT fee_usdt=1.44548783 | position 2.25 -> 0.25 realized_pnl -20.06714285714285714285714425 -> -38.94968253968253968253968425
2026-08-15 15:12:56 | INFO     | pnl_engine | Trade processed: venue=OKX trade_id=T00534 trader=TRADER_C symbol=XRPUSDT side=SELL qty=2000 price=0.62411 fee=0.55453094 USDT fee_usdt=0.55453094 | position 250 -> -1750 realized_pnl -51.74078362745098039215686285 -> -51.78296500000000000000000010
2026-08-15 15:12:56 | INFO     | pnl_engine | Trade processed: venue=BINANCE trade_id=T00404 trader=TRADER_A symbol=ETHUSDT side=BUY qty=0.5 price=3154.86 fee=0.72113739 USDT fee_usdt=0.72113739 | position 0 -> 0.5 realized_pnl 21.27498017250000000000000075 -> 21.27498017250000000000000075
2026-08-15 15:12:56 | INFO     | pnl_engine | Trade processed: venue=OKX trade_id=T00044 trader=TRADER_C symbol=SOLUSDT side=SELL qty=5 price=157.906 fee=0.00029900 BNB fee_usdt=0.2414245600 | position -40 -> -45 realized_pnl 117.5318991154684095860566450 -> 117.5318991154684095860566450
2026-08-15 15:12:56 | INFO     | pnl_engine | Trade processed: venue=BYBIT trade_id=T00302 trader=TRADER_D symbol=XRPUSDT side=BUY qty=1500 price=0.6246 fee=0.40548298 USDT fee_usdt=0.40548298 | position -500 -> 1000 realized_pnl -0.597999999999999999999999930 -> 0.517000000000000000000000070
2026-08-15 15:12:56 | INFO     | pnl_engine | Trade processed: venue=BYBIT trade_id=T00338 trader=TRADER_B symbol=SOLUSDT side=BUY qty=40 price=157.734 fee=2.76790660 USDT fee_usdt=2.76790660 | position 55 -> 95 realized_pnl -29.7965170000000000000000015 -> -29.7965170000000000000000015
2026-08-15 15:12:56 | INFO     | pnl_engine | Trade processed: venue=BYBIT trade_id=T00081 trader=TRADER_A symbol=SOLUSDT side=BUY qty=40 price=157.821 fee=3.15261611 USDT fee_usdt=3.15261611 | position 0 -> 40 realized_pnl 18.0567663999999999999999925 -> 18.0567663999999999999999925
2026-08-15 15:12:56 | INFO     | pnl_engine | Trade processed: venue=OKX trade_id=T00471 trader=TRADER_C symbol=BTCUSDT side=BUY qty=0.1875 price=63296.74 fee=5.90493134 USDT fee_usdt=5.90493134 | position 1.0625 -> 1.2500 realized_pnl 988.1834023812500000000000024 -> 988.1834023812500000000000024
2026-08-15 15:12:56 | INFO     | pnl_engine | Trade processed: venue=BINANCE trade_id=T00511 trader=TRADER_A symbol=ETHUSDT side=SELL qty=1.5 price=3146.35 fee=1.98298908 USDT fee_usdt=1.98298908 | position 0.5 -> -1.0 realized_pnl 21.27498017250000000000000075 -> 17.01998017250000000000000075
2026-08-15 15:12:56 | INFO     | pnl_engine | Trade processed: venue=OKX trade_id=T00420 trader=TRADER_C symbol=BTCUSDT side=SELL qty=0.125 price=63367.23 fee=3.00918216 USDT fee_usdt=3.00918216 | position 1.2500 -> 1.1250 realized_pnl 988.1834023812500000000000024 -> 1034.855761756250000000000002
2026-08-15 15:12:56 | INFO     | pnl_engine | Trade processed: venue=BINANCE trade_id=T00622 trader=TRADER_D symbol=XRPUSDT side=SELL qty=500 price=0.62429 fee=0.14521779 USDT fee_usdt=0.14521779 | position -750 -> -1250 realized_pnl 19.76999999999999999999999928 -> 19.76999999999999999999999928
2026-08-15 15:12:56 | INFO     | pnl_engine | Trade processed: venue=BINANCE trade_id=T00262 trader=TRADER_D symbol=ETHUSDT side=BUY qty=0.25 price=3152.76 fee=0.22890534 USDT fee_usdt=0.22890534 | position -1.75 -> -1.50 realized_pnl 230.5342252999999999999999990 -> 232.9197252999999999999999990
2026-08-15 15:12:56 | INFO     | pnl_engine | Trade processed: venue=OKX trade_id=T00434 trader=TRADER_C symbol=BTCUSDT side=SELL qty=0.25 price=63247.49 fee=5.10902750 USDT fee_usdt=5.10902750 | position 1.1250 -> 0.8750 realized_pnl 1034.855761756250000000000002 -> 1098.265480506250000000000002
2026-08-15 15:12:56 | INFO     | pnl_engine | Trade processed: venue=BINANCE trade_id=T00031 trader=TRADER_C symbol=SOLUSDT side=SELL qty=20 price=157.881 fee=0.97097242 USDT fee_usdt=0.97097242 | position -15 -> -35 realized_pnl -154.3358359999999999999999915 -> -154.3358359999999999999999915
2026-08-15 15:12:56 | INFO     | pnl_engine | Trade processed: venue=BINANCE trade_id=T00140 trader=TRADER_A symbol=BTCUSDT side=SELL qty=0.375 price=63300.1 fee=11.79601207 USDT fee_usdt=11.79601207 | position 0.8750 -> 0.5000 realized_pnl 455.3730435691666666666666888 -> 576.4489810691666666666666900
2026-08-15 15:12:56 | INFO     | pnl_engine | Trade processed: venue=OKX trade_id=T00309 trader=TRADER_B symbol=ETHUSDT side=BUY qty=0.25 price=3149.07 fee=0.20860499 USDT fee_usdt=0.20860499 | position 0.25 -> 0.50 realized_pnl -38.94968253968253968253968425 -> -38.94968253968253968253968425
2026-08-15 15:12:56 | INFO     | pnl_engine | Trade processed: venue=BYBIT trade_id=T00093 trader=TRADER_B symbol=SOLUSDT side=SELL qty=5 price=157.855 fee=0.34961130 USDT fee_usdt=0.34961130 | position 95 -> 90 realized_pnl -29.7965170000000000000000015 -> -27.9496748947368421052631595
2026-08-15 15:12:56 | INFO     | pnl_engine | Trade processed: venue=BYBIT trade_id=T00745 trader=TRADER_B symbol=ETHUSDT side=SELL qty=1 price=3152.61 fee=1.10074205 USDT fee_usdt=1.10074205 | position 3.25 -> 2.25 realized_pnl 139.8407872675000000000000054 -> 133.1277103444230769230769284
2026-08-15 15:12:56 | INFO     | pnl_engine | Trade processed: venue=BYBIT trade_id=T00693 trader=TRADER_B symbol=SOLUSDT side=SELL qty=5 price=157.712 fee=0.36019012 USDT fee_usdt=0.36019012 | position 90 -> 85 realized_pnl -27.9496748947368421052631595 -> -26.8178327894736842105263175
2026-08-15 15:12:56 | INFO     | pnl_engine | Trade processed: venue=BYBIT trade_id=T00720 trader=TRADER_A symbol=BTCUSDT side=BUY qty=0.5 price=63323.42 fee=10.17715142 USDT fee_usdt=10.17715142 | position 0.3125 -> 0.8125 realized_pnl -178.9281249999999999999999982 -> -178.9281249999999999999999982
2026-08-15 15:12:56 | INFO     | pnl_engine | Trade processed: venue=BINANCE trade_id=T00191 trader=TRADER_A symbol=BTCUSDT side=BUY qty=0.375 price=63190.97 fee=8.06506589 USDT fee_usdt=8.06506589 | position 0.5000 -> 0.8750 realized_pnl 576.4489810691666666666666900 -> 576.4489810691666666666666900
2026-08-15 15:12:56 | INFO     | pnl_engine | Trade processed: venue=OKX trade_id=T00554 trader=TRADER_B symbol=XRPUSDT side=BUY qty=1500 price=0.62627 fee=0.00034958 BNB fee_usdt=0.2823347912 | position -2750 -> -1250 realized_pnl 114.9021599999999999999999996 -> 112.9821599999999999999999996
2026-08-15 15:12:56 | INFO     | pnl_engine | Trade processed: venue=OKX trade_id=T00660 trader=TRADER_C symbol=XRPUSDT side=SELL qty=250 price=0.62733 fee=0.03291917 USDT fee_usdt=0.03291917 | position -1750 -> -2000 realized_pnl -51.78296500000000000000000010 -> -51.78296500000000000000000010
2026-08-15 15:12:56 | INFO     | pnl_engine | Trade processed: venue=OKX trade_id=T00475 trader=TRADER_C symbol=SOLUSDT side=SELL qty=10 price=157.312 fee=0.39249657 USDT fee_usdt=0.39249657 | position -45 -> -55 realized_pnl 117.5318991154684095860566450 -> 117.5318991154684095860566450
2026-08-15 15:12:56 | INFO     | pnl_engine | Trade processed: venue=BINANCE trade_id=T00220 trader=TRADER_C symbol=SOLUSDT side=BUY qty=35 price=157.216 fee=0.00157140 BNB fee_usdt=1.2691254960 | position -35 -> 0 realized_pnl -154.3358359999999999999999915 -> -139.2958359999999999999999910
2026-08-15 15:12:56 | INFO     | pnl_engine | Trade processed: venue=OKX trade_id=T00143 trader=TRADER_C symbol=SOLUSDT side=SELL qty=5 price=157.519 fee=0.31154443 USDT fee_usdt=0.31154443 | position -55 -> -60 realized_pnl 117.5318991154684095860566450 -> 117.5318991154684095860566450
2026-08-15 15:12:56 | INFO     | pnl_engine | Trade processed: venue=OKX trade_id=T00663 trader=TRADER_B symbol=ETHUSDT side=SELL qty=1.25 price=3153.13 fee=1.07512950 USDT fee_usdt=1.07512950 | position 0.50 -> -0.75 realized_pnl -38.94968253968253968253968425 -> -40.87000000000000000000000225
2026-08-15 15:12:56 | INFO     | pnl_engine | Trade processed: venue=OKX trade_id=T00114 trader=TRADER_C symbol=XRPUSDT side=BUY qty=4750 price=0.62727 fee=0.74521492 USDT fee_usdt=0.74521492 | position -2000 -> 2750 realized_pnl -51.78296500000000000000000010 -> -57.29796500000000000000000010
2026-08-15 15:12:56 | INFO     | pnl_engine | Trade processed: venue=OKX trade_id=T00599 trader=TRADER_C symbol=SOLUSDT side=BUY qty=135 price=157.368 fee=10.21526607 USDT fee_usdt=10.21526607 | position -60 -> 75 realized_pnl 117.5318991154684095860566450 -> 63.0376660000000000000000030
2026-08-15 15:12:56 | INFO     | pnl_engine | Trade processed: venue=BINANCE trade_id=T00547 trader=TRADER_A symbol=BTCUSDT side=BUY qty=0.125 price=63216.19 fee=2.67715853 USDT fee_usdt=2.67715853 | position 0.8750 -> 1.0000 realized_pnl 576.4489810691666666666666900 -> 576.4489810691666666666666900
2026-08-15 15:12:56 | INFO     | pnl_engine | Trade processed: venue=OKX trade_id=T00589 trader=TRADER_C symbol=BTCUSDT side=BUY qty=0.0625 price=63265.27 fee=0.00138829 BNB fee_usdt=1.1212385356 | position 0.8750 -> 0.9375 realized_pnl 1098.265480506250000000000002 -> 1098.265480506250000000000002
2026-08-15 15:12:56 | INFO     | pnl_engine | Trade processed: venue=BINANCE trade_id=T00515 trader=TRADER_A symbol=BTCUSDT side=SELL qty=0.5 price=63283.28 fee=13.29940207 USDT fee_usdt=13.29940207 | position 1.0000 -> 0.5000 realized_pnl 576.4489810691666666666666900 -> 674.4625227358333333333333600
2026-08-15 15:12:56 | INFO     | pnl_engine | Trade processed: venue=OKX trade_id=T00165 trader=TRADER_C symbol=XRPUSDT side=BUY qty=1500 price=0.62643 fee=0.00043482 BNB fee_usdt=0.3511780248 | position 2750 -> 4250 realized_pnl -57.29796500000000000000000010 -> -57.29796500000000000000000010
2026-08-15 15:12:56 | INFO     | pnl_engine | Trade processed: venue=BYBIT trade_id=T00570 trader=TRADER_A symbol=BTCUSDT side=BUY qty=0.375 price=63215.1 fee=0.01025283 BNB fee_usdt=8.2805956212 | position 0.8125 -> 1.1875 realized_pnl -178.9281249999999999999999982 -> -178.9281249999999999999999982
2026-08-15 15:12:56 | INFO     | pnl_engine | Trade processed: venue=BYBIT trade_id=T00233 trader=TRADER_A symbol=BTCUSDT side=SELL qty=0.375 price=63186.77 fee=9.17105890 USDT fee_usdt=9.17105890 | position 1.1875 -> 0.8125 realized_pnl -178.9281249999999999999999982 -> -191.6500986842105263157894707
2026-08-15 15:12:56 | INFO     | pnl_engine | Trade processed: venue=BYBIT trade_id=T00288 trader=TRADER_A symbol=SOLUSDT side=BUY qty=10 price=157.412 fee=0.53174553 USDT fee_usdt=0.53174553 | position 40 -> 50 realized_pnl 18.0567663999999999999999925 -> 18.0567663999999999999999925
2026-08-15 15:12:56 | INFO     | pnl_engine | Trade processed: venue=BYBIT trade_id=T00621 trader=TRADER_B symbol=ETHUSDT side=SELL qty=0.25 price=3150.81 fee=0.21055042 USDT fee_usdt=0.21055042 | position 2.25 -> 2.00 realized_pnl 133.1277103444230769230769284 -> 130.9994411136538461538461592
2026-08-15 15:12:56 | INFO     | pnl_engine | Trade processed: venue=BINANCE trade_id=T00103 trader=TRADER_C symbol=SOLUSDT side=BUY qty=10 price=157.197 fee=0.73658112 USDT fee_usdt=0.73658112 | position 0 -> 10 realized_pnl -139.2958359999999999999999910 -> -139.2958359999999999999999910
2026-08-15 15:12:56 | INFO     | pnl_engine | Trade processed: venue=BYBIT trade_id=T00467 trader=TRADER_B symbol=SOLUSDT side=SELL qty=40 price=157.556 fee=1.50618661 USDT fee_usdt=1.50618661 | position 85 -> 45 realized_pnl -26.8178327894736842105263175 -> -24.0030959473684210526315815
2026-08-15 15:12:56 | INFO     | pnl_engine | Trade processed: venue=BYBIT trade_id=T00290 trader=TRADER_A symbol=BTCUSDT side=BUY qty=0.0625 price=63183.13 fee=0.00200387 BNB fee_usdt=1.6163616194 | position 0.8125 -> 0.8750 realized_pnl -191.6500986842105263157894707 -> -191.6500986842105263157894707
2026-08-15 15:12:56 | INFO     | pnl_engine | Trade processed: venue=OKX trade_id=T00072 trader=TRADER_B symbol=XRPUSDT side=BUY qty=1250 price=0.62704 fee=0.28659253 USDT fee_usdt=0.28659253 | position -1250 -> 0 realized_pnl 112.9821599999999999999999996 -> 110.4196599999999999999999996
2026-08-15 15:12:56 | INFO     | pnl_engine | Trade processed: venue=OKX trade_id=T00659 trader=TRADER_B symbol=ETHUSDT side=BUY qty=0.25 price=3146 fee=0.00025309 BNB fee_usdt=0.2041474558 | position -0.75 -> -0.50 realized_pnl -40.87000000000000000000000225 -> -39.08750000000000000000000225
2026-08-15 15:12:56 | INFO     | pnl_engine | Trade processed: venue=BYBIT trade_id=T00465 trader=TRADER_B symbol=ETHUSDT side=BUY qty=0.25 price=3146.13 fee=0.17485539 USDT fee_usdt=0.17485539 | position 2.00 -> 2.25 realized_pnl 130.9994411136538461538461592 -> 130.9994411136538461538461592
2026-08-15 15:12:56 | INFO     | pnl_engine | Trade processed: venue=OKX trade_id=T00237 trader=TRADER_B symbol=ETHUSDT side=SELL qty=2 price=3144.21 fee=2.53776362 USDT fee_usdt=2.53776362 | position -0.50 -> -2.50 realized_pnl -39.08750000000000000000000225 -> -39.08750000000000000000000225
2026-08-15 15:12:56 | INFO     | pnl_engine | Trade processed: venue=BYBIT trade_id=T00383 trader=TRADER_A symbol=SOLUSDT side=SELL qty=5 price=157.472 fee=0.27797395 USDT fee_usdt=0.27797395 | position 50 -> 45 realized_pnl 18.0567663999999999999999925 -> 16.7207663999999999999999925
2026-08-15 15:12:56 | INFO     | pnl_engine | Trade processed: venue=BYBIT trade_id=T00729 trader=TRADER_B symbol=ETHUSDT side=SELL qty=1.25 price=3139.05 fee=1.83866803 USDT fee_usdt=1.83866803 | position 2.25 -> 1.00 realized_pnl 130.9994411136538461538461592 -> 107.4904667546794871794871842
2026-08-15 15:12:56 | INFO     | pnl_engine | Trade processed: venue=OKX trade_id=T00509 trader=TRADER_B symbol=ETHUSDT side=SELL qty=0.75 price=3139.57 fee=0.00142432 BNB fee_usdt=1.1488849984 | position -2.50 -> -3.25 realized_pnl -39.08750000000000000000000225 -> -39.08750000000000000000000225
2026-08-15 15:12:56 | INFO     | pnl_engine | Trade processed: venue=OKX trade_id=T00167 trader=TRADER_C symbol=XRPUSDT side=BUY qty=500 price=0.62752 fee=0.08546406 USDT fee_usdt=0.08546406 | position 4250 -> 4750 realized_pnl -57.29796500000000000000000010 -> -57.29796500000000000000000010
2026-08-15 15:12:56 | INFO     | pnl_engine | Trade processed: venue=BINANCE trade_id=T00280 trader=TRADER_D symbol=ETHUSDT side=SELL qty=0.5 price=3144.03 fee=0.69213986 USDT fee_usdt=0.69213986 | position -1.50 -> -2.00 realized_pnl 232.9197252999999999999999990 -> 232.9197252999999999999999990
2026-08-15 15:12:56 | INFO     | pnl_engine | Trade processed: venue=OKX trade_id=T00407 trader=TRADER_C symbol=SOLUSDT side=BUY qty=10 price=157.494 fee=0.35683487 USDT fee_usdt=0.35683487 | position 75 -> 85 realized_pnl 63.0376660000000000000000030 -> 63.0376660000000000000000030
2026-08-15 15:12:56 | INFO     | pnl_engine | Trade processed: venue=OKX trade_id=T00080 trader=TRADER_C symbol=SOLUSDT side=SELL qty=5 price=157.742 fee=0.00047767 BNB fee_usdt=0.3852981754 | position 85 -> 80 realized_pnl 63.0376660000000000000000030 -> 64.8335483529411764705882385
2026-08-15 15:12:56 | INFO     | pnl_engine | Trade processed: venue=BYBIT trade_id=T00431 trader=TRADER_D symbol=XRPUSDT side=BUY qty=500 price=0.62841 fee=0.00009297 BNB fee_usdt=0.0749914614 | position 1000 -> 1500 realized_pnl 0.517000000000000000000000070 -> 0.517000000000000000000000070
2026-08-15 15:12:56 | INFO     | pnl_engine | Trade processed: venue=OKX trade_id=T00462 trader=TRADER_B symbol=ETHUSDT side=BUY qty=0.75 price=3142.72 fee=0.00070372 BNB fee_usdt=0.5676346264 | position -3.25 -> -2.50 realized_pnl -39.08750000000000000000000225 -> -37.74384615384615384615384875
2026-08-15 15:12:56 | INFO     | pnl_engine | Trade processed: venue=OKX trade_id=T00477 trader=TRADER_C symbol=BTCUSDT side=SELL qty=0.0625 price=63185.81 fee=1.50956380 USDT fee_usdt=1.50956380 | position 0.9375 -> 0.8750 realized_pnl 1098.265480506250000000000002 -> 1109.131998214583333333333335
2026-08-15 15:12:56 | INFO     | pnl_engine | Trade processed: venue=BINANCE trade_id=T00029 trader=TRADER_D symbol=XRPUSDT side=SELL qty=500 price=0.62818 fee=0.11135661 USDT fee_usdt=0.11135661 | position -1250 -> -1750 realized_pnl 19.76999999999999999999999928 -> 19.76999999999999999999999928
2026-08-15 15:12:56 | INFO     | pnl_engine | Trade processed: venue=OKX trade_id=T00586 trader=TRADER_C symbol=XRPUSDT side=SELL qty=1000 price=0.62794 fee=0.00019548 BNB fee_usdt=0.1576780776 | position 4750 -> 3750 realized_pnl -57.29796500000000000000000010 -> -56.38901763157894736842105270
2026-08-15 15:12:56 | INFO     | pnl_engine | Trade processed: venue=BINANCE trade_id=T00428 trader=TRADER_A symbol=ETHUSDT side=SELL qty=0.75 price=3130.06 fee=0.86752995 USDT fee_usdt=0.86752995 | position -1.0 -> -1.75 realized_pnl 17.01998017250000000000000075 -> 17.01998017250000000000000075
2026-08-15 15:12:56 | INFO     | pnl_engine | Trade processed: venue=OKX trade_id=T00332 trader=TRADER_C symbol=BTCUSDT side=BUY qty=0.1875 price=63386.66 fee=3.76844757 USDT fee_usdt=3.76844757 | position 0.8750 -> 1.0625 realized_pnl 1109.131998214583333333333335 -> 1109.131998214583333333333335
2026-08-15 15:12:56 | INFO     | pnl_engine | Trade processed: venue=BINANCE trade_id=T00644 trader=TRADER_A symbol=XRPUSDT side=SELL qty=1250 price=0.62792 fee=0.18953539 USDT fee_usdt=0.18953539 | position 1000 -> -250 realized_pnl 206.8613999999999999999999992 -> 209.2613999999999999999999992
2026-08-15 15:12:56 | INFO     | pnl_engine | Trade processed: venue=BINANCE trade_id=T00130 trader=TRADER_D symbol=ETHUSDT side=SELL qty=1.5 price=3126.89 fee=0.00180383 BNB fee_usdt=1.4583785167 | position -2.00 -> -3.50 realized_pnl 232.9197252999999999999999990 -> 232.9197252999999999999999990
2026-08-15 15:12:56 | INFO     | pnl_engine | Trade processed: venue=BYBIT trade_id=T00199 trader=TRADER_B symbol=SOLUSDT side=SELL qty=25 price=156.801 fee=0.85988750 USDT fee_usdt=0.85988750 | position 45 -> 20 realized_pnl -24.0030959473684210526315815 -> -41.1188854210526315789473715
2026-08-15 15:12:56 | INFO     | pnl_engine | Trade processed: venue=BINANCE trade_id=T00312 trader=TRADER_C symbol=SOLUSDT side=SELL qty=20 price=156.973 fee=0.79376223 USDT fee_usdt=0.79376223 | position 10 -> -10 realized_pnl -139.2958359999999999999999910 -> -141.5358359999999999999999910
2026-08-15 15:12:56 | INFO     | pnl_engine | Trade processed: venue=BYBIT trade_id=T00654 trader=TRADER_D symbol=XRPUSDT side=SELL qty=1500 price=0.62786 fee=0.43023929 USDT fee_usdt=0.43023929 | position 1500 -> 0 realized_pnl 0.517000000000000000000000070 -> 3.502000000000000000000000070
2026-08-15 15:12:56 | INFO     | pnl_engine | Trade processed: venue=BYBIT trade_id=T00100 trader=TRADER_A symbol=BTCUSDT side=SELL qty=0.125 price=63283.43 fee=0.00456118 BNB fee_usdt=3.6876684182 | position 0.8750 -> 0.7500 realized_pnl -191.6500986842105263157894707 -> -183.4728524436090225563909732
2026-08-15 15:12:56 | INFO     | pnl_engine | Trade processed: venue=BYBIT trade_id=T00645 trader=TRADER_A symbol=BTCUSDT side=BUY qty=0.25 price=63380 fee=0.00408544 BNB fee_usdt=3.3030373856 | position 0.7500 -> 1.0000 realized_pnl -183.4728524436090225563909732 -> -183.4728524436090225563909732
2026-08-15 15:12:56 | INFO     | pnl_engine | Trade processed: venue=BINANCE trade_id=T00524 trader=TRADER_C symbol=SOLUSDT side=BUY qty=5 price=156.952 fee=0.31706943 USDT fee_usdt=0.31706943 | position -10 -> -5 realized_pnl -141.5358359999999999999999910 -> -141.4308359999999999999999910
2026-08-15 15:12:56 | INFO     | pnl_engine | Trade processed: venue=OKX trade_id=T00369 trader=TRADER_C symbol=SOLUSDT side=BUY qty=30 price=156.978 fee=0.96456588 USDT fee_usdt=0.96456588 | position 80 -> 110 realized_pnl 64.8335483529411764705882385 -> 64.8335483529411764705882385
2026-08-15 15:12:56 | INFO     | pnl_engine | Trade processed: venue=BYBIT trade_id=T00512 trader=TRADER_A symbol=SOLUSDT side=SELL qty=20 price=156.829 fee=0.90488539 USDT fee_usdt=0.90488539 | position 45 -> 25 realized_pnl 16.7207663999999999999999925 -> -1.4832336000000000000000075
2026-08-15 15:12:56 | INFO     | pnl_engine | Trade processed: venue=BYBIT trade_id=T00504 trader=TRADER_A symbol=SOLUSDT side=BUY qty=5 price=156.781 fee=0.26394340 USDT fee_usdt=0.26394340 | position 25 -> 30 realized_pnl -1.4832336000000000000000075 -> -1.4832336000000000000000075
2026-08-15 15:12:56 | INFO     | pnl_engine | Trade processed: venue=BYBIT trade_id=T00427 trader=TRADER_B symbol=SOLUSDT side=SELL qty=10 price=156.944 fee=0.61820787 USDT fee_usdt=0.61820787 | position 20 -> 10 realized_pnl -41.1188854210526315789473715 -> -46.5352012105263157894736875
2026-08-15 15:12:56 | INFO     | pnl_engine | Trade processed: venue=BINANCE trade_id=T00676 trader=TRADER_D symbol=XRPUSDT side=BUY qty=250 price=0.62694 fee=0.07262636 USDT fee_usdt=0.07262636 | position -1750 -> -1500 realized_pnl 19.76999999999999999999999928 -> 19.42178571428571428571428500
2026-08-15 15:12:56 | INFO     | pnl_engine | Trade processed: venue=BINANCE trade_id=T00677 trader=TRADER_C symbol=SOLUSDT side=BUY qty=5 price=156.935 fee=0.29011182 USDT fee_usdt=0.29011182 | position -5 -> 0 realized_pnl -141.4308359999999999999999910 -> -141.2408359999999999999999910
2026-08-15 15:12:56 | INFO     | pnl_engine | Trade processed: venue=BINANCE trade_id=T00015 trader=TRADER_D symbol=ETHUSDT side=BUY qty=1.5 price=3128.95 fee=1.04480389 USDT fee_usdt=1.04480389 | position -3.50 -> -2.00 realized_pnl 232.9197252999999999999999990 -> 256.2674395857142857142857135
2026-08-15 15:12:56 | INFO     | pnl_engine | Trade processed: venue=OKX trade_id=T00206 trader=TRADER_C symbol=BTCUSDT side=BUY qty=0.125 price=63254.45 fee=0.00340358 BNB fee_usdt=2.7528495398 | position 1.0625 -> 1.1875 realized_pnl 1109.131998214583333333333335 -> 1109.131998214583333333333335
2026-08-15 15:12:56 | INFO     | pnl_engine | Trade processed: venue=BINANCE trade_id=T00437 trader=TRADER_D symbol=XRPUSDT side=SELL qty=250 price=0.62552 fee=0.07235164 USDT fee_usdt=0.07235164 | position -1500 -> -1750 realized_pnl 19.42178571428571428571428500 -> 19.42178571428571428571428500
2026-08-15 15:12:56 | INFO     | pnl_engine | Trade processed: venue=BYBIT trade_id=T00039 trader=TRADER_B symbol=ETHUSDT side=BUY qty=2 price=3132.3 fee=1.57782486 USDT fee_usdt=1.57782486 | position 1.00 -> 3.00 realized_pnl 107.4904667546794871794871842 -> 107.4904667546794871794871842
2026-08-15 15:12:56 | INFO     | pnl_engine | Trade processed: venue=BINANCE trade_id=T00070 trader=TRADER_D symbol=ETHUSDT side=SELL qty=0.5 price=3128.07 fee=0.72690570 USDT fee_usdt=0.72690570 | position -2.00 -> -2.50 realized_pnl 256.2674395857142857142857135 -> 256.2674395857142857142857135
2026-08-15 15:12:56 | INFO     | pnl_engine | Trade processed: venue=BINANCE trade_id=T00495 trader=TRADER_A symbol=XRPUSDT side=BUY qty=500 price=0.62548 fee=0.00018473 BNB fee_usdt=0.1494114713 | position -250 -> 250 realized_pnl 209.2613999999999999999999992 -> 209.8713999999999999999999992
2026-08-15 15:12:56 | INFO     | pnl_engine | Trade processed: venue=BYBIT trade_id=T00510 trader=TRADER_B symbol=SOLUSDT side=SELL qty=20 price=157.059 fee=0.95444792 USDT fee_usdt=0.95444792 | position 10 -> -10 realized_pnl -46.5352012105263157894736875 -> -50.8015170000000000000000035
2026-08-15 15:12:56 | INFO     | pnl_engine | Trade processed: venue=BINANCE trade_id=T00127 trader=TRADER_A symbol=ETHUSDT side=BUY qty=0.75 price=3131.99 fee=0.74439667 USDT fee_usdt=0.74439667 | position -1.75 -> -1.00 realized_pnl 17.01998017250000000000000075 -> 22.55390874392857142857142900
2026-08-15 15:12:56 | INFO     | pnl_engine | Trade processed: venue=BINANCE trade_id=T00446 trader=TRADER_D symbol=XRPUSDT side=SELL qty=1000 price=0.625 fee=0.27175880 USDT fee_usdt=0.27175880 | position -1750 -> -2750 realized_pnl 19.42178571428571428571428500 -> 19.42178571428571428571428500
2026-08-15 15:12:56 | INFO     | pnl_engine | Trade processed: venue=BYBIT trade_id=T00236 trader=TRADER_D symbol=XRPUSDT side=BUY qty=1500 price=0.62439 fee=0.30795504 USDT fee_usdt=0.30795504 | position 0 -> 1500 realized_pnl 3.502000000000000000000000070 -> 3.502000000000000000000000070
2026-08-15 15:12:56 | INFO     | pnl_engine | Trade processed: venue=OKX trade_id=T00115 trader=TRADER_C symbol=XRPUSDT side=SELL qty=2000 price=0.62564 fee=0.00035920 BNB fee_usdt=0.2905245520 | position 3750 -> 1750 realized_pnl -56.38901763157894736842105270 -> -59.17112289473684210526315790
2026-08-15 15:12:56 | INFO     | pnl_engine | Trade processed: venue=BYBIT trade_id=T00399 trader=TRADER_B symbol=ETHUSDT side=BUY qty=0.25 price=3125.99 fee=0.22613068 USDT fee_usdt=0.22613068 | position 3.00 -> 3.25 realized_pnl 107.4904667546794871794871842 -> 107.4904667546794871794871842
2026-08-15 15:12:56 | INFO     | pnl_engine | Trade processed: venue=BYBIT trade_id=T00391 trader=TRADER_A symbol=BTCUSDT side=BUY qty=0.25 price=63305.02 fee=4.62563493 USDT fee_usdt=4.62563493 | position 1.0000 -> 1.2500 realized_pnl -183.4728524436090225563909732 -> -183.4728524436090225563909732
2026-08-15 15:12:56 | INFO     | pnl_engine | Trade processed: venue=BINANCE trade_id=T00506 trader=TRADER_A symbol=BTCUSDT side=SELL qty=0.375 price=63277.84 fee=9.33081579 USDT fee_usdt=9.33081579 | position 0.5000 -> 0.1250 realized_pnl 674.4625227358333333333333600 -> 745.9326789858333333333333625
2026-08-15 15:12:56 | INFO     | pnl_engine | Trade processed: venue=BINANCE trade_id=T00535 trader=TRADER_D symbol=ETHUSDT side=BUY qty=0.75 price=3133.01 fee=0.49317079 USDT fee_usdt=0.49317079 | position -2.50 -> -1.75 realized_pnl 256.2674395857142857142857135 -> 262.4295252999999999999999990
2026-08-15 15:12:56 | INFO     | pnl_engine | Trade processed: venue=BYBIT trade_id=T00378 trader=TRADER_A symbol=BTCUSDT side=BUY qty=0.125 price=63237.21 fee=0.00488291 BNB fee_usdt=3.9493464371 | position 1.2500 -> 1.3750 realized_pnl -183.4728524436090225563909732 -> -183.4728524436090225563909732
2026-08-15 15:12:56 | INFO     | pnl_engine | Trade processed: venue=BYBIT trade_id=T00120 trader=TRADER_A symbol=BTCUSDT side=SELL qty=1.375 price=63324.92 fee=42.59085690 USDT fee_usdt=42.59085690 | position 1.3750 -> 0 realized_pnl -183.4728524436090225563909732 -> -101.1231249999999999999999970
2026-08-15 15:12:56 | INFO     | pnl_engine | Trade processed: venue=BYBIT trade_id=T00253 trader=TRADER_B symbol=ETHUSDT side=SELL qty=1.5 price=3135.64 fee=1.29384806 USDT fee_usdt=1.29384806 | position 3.25 -> 1.75 realized_pnl 107.4904667546794871794871842 -> 101.4329223759812623274161777
2026-08-15 15:12:56 | INFO     | pnl_engine | Trade processed: venue=OKX trade_id=T00360 trader=TRADER_C symbol=BTCUSDT side=SELL qty=0.375 price=63226.26 fee=6.99051360 USDT fee_usdt=6.99051360 | position 1.1875 -> 0.8125 realized_pnl 1109.131998214583333333333335 -> 1157.740287030372807017543860
2026-08-15 15:12:56 | INFO     | pnl_engine | Trade processed: venue=OKX trade_id=T00240 trader=TRADER_C symbol=XRPUSDT side=SELL qty=3750 price=0.62429 fee=0.84971137 USDT fee_usdt=0.84971137 | position 1750 -> -2000 realized_pnl -59.17112289473684210526315790 -> -63.96796499999999999999999995
2026-08-15 15:12:56 | INFO     | pnl_engine | Trade processed: venue=BINANCE trade_id=T00384 trader=TRADER_D symbol=XRPUSDT side=SELL qty=500 price=0.62511 fee=0.15314975 USDT fee_usdt=0.15314975 | position -2750 -> -3250 realized_pnl 19.42178571428571428571428500 -> 19.42178571428571428571428500
2026-08-15 15:12:56 | INFO     | pnl_engine | Trade processed: venue=BINANCE trade_id=T00680 trader=TRADER_C symbol=SOLUSDT side=BUY qty=25 price=156.885 fee=0.82199236 USDT fee_usdt=0.82199236 | position 0 -> 25 realized_pnl -141.2408359999999999999999910 -> -141.2408359999999999999999910
2026-08-15 15:12:56 | INFO     | pnl_engine | Trade processed: venue=BINANCE trade_id=T00158 trader=TRADER_A symbol=XRPUSDT side=SELL qty=500 price=0.62469 fee=0.15304474 USDT fee_usdt=0.15304474 | position 250 -> -250 realized_pnl 209.8713999999999999999999992 -> 209.6738999999999999999999992
2026-08-15 15:12:56 | INFO     | pnl_engine | Trade processed: venue=BYBIT trade_id=T00062 trader=TRADER_B symbol=ETHUSDT side=SELL qty=1.5 price=3137.12 fee=2.00649953 USDT fee_usdt=2.00649953 | position 1.75 -> 0.25 realized_pnl 101.4329223759812623274161777 -> 97.5953779972830374753451712
2026-08-15 15:12:56 | INFO     | pnl_engine | Trade processed: venue=OKX trade_id=T00558 trader=TRADER_B symbol=XRPUSDT side=SELL qty=2000 price=0.6241 fee=0.56261701 USDT fee_usdt=0.56261701 | position 0 -> -2000 realized_pnl 110.4196599999999999999999996 -> 110.4196599999999999999999996
2026-08-15 15:12:56 | INFO     | pnl_engine | Trade processed: venue=OKX trade_id=T00166 trader=TRADER_B symbol=ETHUSDT side=BUY qty=1.25 price=3135.94 fee=1.53701049 USDT fee_usdt=1.53701049 | position -2.50 -> -1.25 realized_pnl -37.74384615384615384615384875 -> -27.02942307692307692307692625
2026-08-15 15:12:56 | INFO     | pnl_engine | Trade processed: venue=OKX trade_id=T00710 trader=TRADER_C symbol=XRPUSDT side=SELL qty=250 price=0.62462 fee=0.00004077 BNB fee_usdt=0.0330102459 | position -2000 -> -2250 realized_pnl -63.96796499999999999999999995 -> -63.96796499999999999999999995
2026-08-15 15:12:56 | INFO     | pnl_engine | Trade processed: venue=BYBIT trade_id=T00713 trader=TRADER_A symbol=BTCUSDT side=BUY qty=0.125 price=63236.82 fee=2.08011698 USDT fee_usdt=2.08011698 | position 0 -> 0.125 realized_pnl -101.1231249999999999999999970 -> -101.1231249999999999999999970
2026-08-15 15:12:56 | INFO     | pnl_engine | Trade processed: venue=BYBIT trade_id=T00075 trader=TRADER_A symbol=BTCUSDT side=SELL qty=0.125 price=63170.98 fee=1.58079551 USDT fee_usdt=1.58079551 | position 0.125 -> 0 realized_pnl -101.1231249999999999999999970 -> -109.3531249999999999999999970
2026-08-15 15:12:56 | INFO     | pnl_engine | Trade processed: venue=OKX trade_id=T00176 trader=TRADER_C symbol=SOLUSDT side=BUY qty=20 price=157.029 fee=1.40079485 USDT fee_usdt=1.40079485 | position 110 -> 130 realized_pnl 64.8335483529411764705882385 -> 64.8335483529411764705882385
2026-08-15 15:12:56 | INFO     | pnl_engine | Trade processed: venue=BYBIT trade_id=T00197 trader=TRADER_D symbol=XRPUSDT side=BUY qty=1000 price=0.62326 fee=0.25893656 USDT fee_usdt=0.25893656 | position 1500 -> 2500 realized_pnl 3.502000000000000000000000070 -> 3.502000000000000000000000070
2026-08-15 15:12:56 | INFO     | pnl_engine | Trade processed: venue=OKX trade_id=T00109 trader=TRADER_B symbol=ETHUSDT side=SELL qty=2 price=3131.43 fee=1.28922065 USDT fee_usdt=1.28922065 | position -1.25 -> -3.25 realized_pnl -27.02942307692307692307692625 -> -27.02942307692307692307692625
2026-08-15 15:12:56 | INFO     | pnl_engine | Trade processed: venue=BINANCE trade_id=T00520 trader=TRADER_C symbol=SOLUSDT side=BUY qty=15 price=156.741 fee=0.00084389 BNB fee_usdt=0.6827492045 | position 25 -> 40 realized_pnl -141.2408359999999999999999910 -> -141.2408359999999999999999910
2026-08-15 15:12:56 | INFO     | pnl_engine | Trade processed: venue=OKX trade_id=T00322 trader=TRADER_C symbol=XRPUSDT side=SELL qty=250 price=0.622 fee=0.06494451 USDT fee_usdt=0.06494451 | position -2250 -> -2500 realized_pnl -63.96796499999999999999999995 -> -63.96796499999999999999999995
2026-08-15 15:12:56 | INFO     | pnl_engine | Trade processed: venue=OKX trade_id=T00357 trader=TRADER_B symbol=ETHUSDT side=SELL qty=0.25 price=3132.94 fee=0.30467168 USDT fee_usdt=0.30467168 | position -3.25 -> -3.50 realized_pnl -27.02942307692307692307692625 -> -27.02942307692307692307692625
2026-08-15 15:12:56 | INFO     | pnl_engine | Trade processed: venue=OKX trade_id=T00163 trader=TRADER_B symbol=XRPUSDT side=BUY qty=2000 price=0.62188 fee=0.35996812 USDT fee_usdt=0.35996812 | position -2000 -> 0 realized_pnl 110.4196599999999999999999996 -> 114.8596599999999999999999996
2026-08-15 15:12:56 | INFO     | pnl_engine | Trade processed: venue=OKX trade_id=T00153 trader=TRADER_C symbol=XRPUSDT side=BUY qty=1250 price=0.62197 fee=0.18563489 USDT fee_usdt=0.18563489 | position -2500 -> -1250 realized_pnl -63.96796499999999999999999995 -> -61.31296499999999999999999995
2026-08-15 15:12:56 | INFO     | pnl_engine | Trade processed: venue=BINANCE trade_id=T00135 trader=TRADER_A symbol=BTCUSDT side=BUY qty=0.0625 price=63503.36 fee=1.85136303 USDT fee_usdt=1.85136303 | position 0.1250 -> 0.1875 realized_pnl 745.9326789858333333333333625 -> 745.9326789858333333333333625
2026-08-15 15:12:56 | INFO     | pnl_engine | Trade processed: venue=OKX trade_id=T00587 trader=TRADER_C symbol=BTCUSDT side=SELL qty=0.125 price=63467.73 fee=2.45579278 USDT fee_usdt=2.45579278 | position 0.8125 -> 0.6875 realized_pnl 1157.740287030372807017543860 -> 1204.126799968969298245614035
2026-08-15 15:12:56 | INFO     | pnl_engine | Trade processed: venue=BYBIT trade_id=T00611 trader=TRADER_B symbol=SOLUSDT side=BUY qty=10 price=156.91 fee=0.37641098 USDT fee_usdt=0.37641098 | position -10 -> 0 realized_pnl -50.8015170000000000000000035 -> -49.3115170000000000000000035
2026-08-15 15:12:56 | INFO     | pnl_engine | Trade processed: venue=BINANCE trade_id=T00203 trader=TRADER_A symbol=XRPUSDT side=BUY qty=750 price=0.62274 fee=0.09775880 USDT fee_usdt=0.09775880 | position -250 -> 500 realized_pnl 209.6738999999999999999999992 -> 210.1613999999999999999999992
2026-08-15 15:12:56 | INFO     | pnl_engine | Trade processed: venue=BINANCE trade_id=T00304 trader=TRADER_D symbol=XRPUSDT side=SELL qty=500 price=0.62288 fee=0.08137188 USDT fee_usdt=0.08137188 | position -3250 -> -3750 realized_pnl 19.42178571428571428571428500 -> 19.42178571428571428571428500
2026-08-15 15:12:56 | INFO     | pnl_engine | Trade processed: venue=OKX trade_id=T00419 trader=TRADER_C symbol=XRPUSDT side=BUY qty=1250 price=0.62267 fee=0.00026707 BNB fee_usdt=0.2160729835 | position -1250 -> 0 realized_pnl -61.31296499999999999999999995 -> -59.53296499999999999999999995
2026-08-15 15:12:56 | INFO     | pnl_engine | Trade processed: venue=BYBIT trade_id=T00561 trader=TRADER_A symbol=BTCUSDT side=SELL qty=0.0625 price=63421.81 fee=1.18169163 USDT fee_usdt=1.18169163 | position 0 -> -0.0625 realized_pnl -109.3531249999999999999999970 -> -109.3531249999999999999999970
2026-08-15 15:12:56 | INFO     | pnl_engine | Trade processed: venue=BYBIT trade_id=T00087 trader=TRADER_B symbol=ETHUSDT side=SELL qty=1 price=3136.12 fee=1.17643681 USDT fee_usdt=1.17643681 | position 0.25 -> -0.75 realized_pnl 97.5953779972830374753451712 -> 96.70578726750000000000000345
2026-08-15 15:12:56 | INFO     | pnl_engine | Trade processed: venue=BYBIT trade_id=T00342 trader=TRADER_B symbol=SOLUSDT side=SELL qty=25 price=156.878 fee=1.22153191 USDT fee_usdt=1.22153191 | position 0 -> -25 realized_pnl -49.3115170000000000000000035 -> -49.3115170000000000000000035
2026-08-15 15:12:56 | INFO     | pnl_engine | Trade processed: venue=OKX trade_id=T00261 trader=TRADER_C symbol=SOLUSDT side=SELL qty=130 price=156.77 fee=4.86977334 USDT fee_usdt=4.86977334 | position 130 -> 0 realized_pnl 64.8335483529411764705882385 -> 4.3876660000000000000000035
2026-08-15 15:12:56 | INFO     | pnl_engine | Trade processed: venue=BINANCE trade_id=T00224 trader=TRADER_A symbol=ETHUSDT side=SELL qty=1.25 price=3135.66 fee=1.04319201 USDT fee_usdt=1.04319201 | position -1.00 -> -2.25 realized_pnl 22.55390874392857142857142900 -> 22.55390874392857142857142900
2026-08-15 15:12:56 | INFO     | pnl_engine | Trade processed: venue=BYBIT trade_id=T00323 trader=TRADER_A symbol=SOLUSDT side=SELL qty=20 price=157.121 fee=1.01163487 USDT fee_usdt=1.01163487 | position 30 -> 10 realized_pnl -1.4832336000000000000000075 -> -10.6532336000000000000000075
2026-08-15 15:12:56 | INFO     | pnl_engine | Trade processed: venue=BINANCE trade_id=T00216 trader=TRADER_A symbol=BTCUSDT side=BUY qty=0.125 price=63679.93 fee=3.66178971 USDT fee_usdt=3.66178971 | position 0.1875 -> 0.3125 realized_pnl 745.9326789858333333333333625 -> 745.9326789858333333333333625
2026-08-15 15:12:56 | INFO     | pnl_engine | Trade processed: venue=BYBIT trade_id=T00581 trader=TRADER_A symbol=BTCUSDT side=SELL qty=0.5 price=63598.08 fee=9.24347532 USDT fee_usdt=9.24347532 | position -0.0625 -> -0.5625 realized_pnl -109.3531249999999999999999970 -> -109.3531249999999999999999970
2026-08-15 15:12:56 | INFO     | pnl_engine | Trade processed: venue=BINANCE trade_id=T00123 trader=TRADER_A symbol=ETHUSDT side=SELL qty=0.25 price=3119.95 fee=0.31257489 USDT fee_usdt=0.31257489 | position -2.25 -> -2.50 realized_pnl 22.55390874392857142857142900 -> 22.55390874392857142857142900
2026-08-15 15:12:56 | INFO     | pnl_engine | Trade processed: venue=BINANCE trade_id=T00744 trader=TRADER_A symbol=XRPUSDT side=SELL qty=2000 price=0.6236 fee=0.48776658 USDT fee_usdt=0.48776658 | position 500 -> -1500 realized_pnl 210.1613999999999999999999992 -> 210.5913999999999999999999992
2026-08-15 15:12:56 | INFO     | pnl_engine | Trade processed: venue=OKX trade_id=T00020 trader=TRADER_C symbol=XRPUSDT side=SELL qty=750 price=0.62337 fee=0.00022203 BNB fee_usdt=0.1789295364 | position 0 -> -750 realized_pnl -59.53296499999999999999999995 -> -59.53296499999999999999999995
2026-08-15 15:12:56 | INFO     | pnl_engine | Trade processed: venue=OKX trade_id=T00574 trader=TRADER_C symbol=SOLUSDT side=SELL qty=20 price=157.338 fee=0.87081299 USDT fee_usdt=0.87081299 | position 0 -> -20 realized_pnl 4.3876660000000000000000035 -> 4.3876660000000000000000035
2026-08-15 15:12:56 | INFO     | pnl_engine | Trade processed: venue=OKX trade_id=T00030 trader=TRADER_C symbol=SOLUSDT side=BUY qty=15 price=157.002 fee=0.93762274 USDT fee_usdt=0.93762274 | position -20 -> -5 realized_pnl 4.3876660000000000000000035 -> 9.4276660000000000000000035
2026-08-15 15:12:56 | INFO     | pnl_engine | Trade processed: venue=BYBIT trade_id=T00643 trader=TRADER_A symbol=SOLUSDT side=BUY qty=25 price=157.038 fee=1.91130452 USDT fee_usdt=1.91130452 | position 10 -> 35 realized_pnl -10.6532336000000000000000075 -> -10.6532336000000000000000075
2026-08-15 15:12:56 | INFO     | pnl_engine | Trade processed: venue=BINANCE trade_id=T00721 trader=TRADER_D symbol=XRPUSDT side=BUY qty=500 price=0.62398 fee=0.13617741 USDT fee_usdt=0.13617741 | position -3750 -> -3250 realized_pnl 19.42178571428571428571428500 -> 19.92454761904761904761904685
2026-08-15 15:12:56 | INFO     | pnl_engine | Trade processed: venue=BINANCE trade_id=T00001 trader=TRADER_A symbol=XRPUSDT side=BUY qty=1250 price=0.62314 fee=0.15597544 USDT fee_usdt=0.15597544 | position -1500 -> -250 realized_pnl 210.5913999999999999999999992 -> 211.1663999999999999999999992
2026-08-15 15:12:56 | INFO     | pnl_engine | Trade processed: venue=BYBIT trade_id=T00294 trader=TRADER_B symbol=ETHUSDT side=BUY qty=2 price=3122.55 fee=2.92337619 USDT fee_usdt=2.92337619 | position -0.75 -> 1.25 realized_pnl 96.70578726750000000000000345 -> 106.8832872675000000000000034
2026-08-15 15:12:56 | INFO     | pnl_engine | Trade processed: venue=BINANCE trade_id=T00004 trader=TRADER_C symbol=SOLUSDT side=BUY qty=20 price=157.168 fee=0.00146772 BNB fee_usdt=1.1828061936 | position 40 -> 60 realized_pnl -141.2408359999999999999999910 -> -141.2408359999999999999999910
2026-08-15 15:12:56 | INFO     | pnl_engine | Trade processed: venue=BINANCE trade_id=T00189 trader=TRADER_A symbol=XRPUSDT side=SELL qty=500 price=0.62349 fee=0.14529826 USDT fee_usdt=0.14529826 | position -250 -> -750 realized_pnl 211.1663999999999999999999992 -> 211.1663999999999999999999992
2026-08-15 15:12:56 | INFO     | pnl_engine | Trade processed: venue=BINANCE trade_id=T00098 trader=TRADER_C symbol=SOLUSDT side=SELL qty=10 price=157.014 fee=0.77590376 USDT fee_usdt=0.77590376 | position 60 -> 50 realized_pnl -141.2408359999999999999999910 -> -140.5341693333333333333333240
2026-08-15 15:12:56 | INFO     | pnl_engine | Trade processed: venue=BINANCE trade_id=T00633 trader=TRADER_D symbol=XRPUSDT side=BUY qty=250 price=0.62456 fee=0.00004364 BNB fee_usdt=0.0351686032 | position -3250 -> -3000 realized_pnl 19.92454761904761904761904685 -> 20.03092857142857142857142778
2026-08-15 15:12:56 | INFO     | pnl_engine | Trade processed: venue=BINANCE trade_id=T00646 trader=TRADER_D symbol=XRPUSDT side=BUY qty=1000 price=0.62319 fee=0.28488676 USDT fee_usdt=0.28488676 | position -3000 -> -2000 realized_pnl 20.03092857142857142857142778 -> 21.82645238095238095238095148
2026-08-15 15:12:56 | INFO     | pnl_engine | Trade processed: venue=OKX trade_id=T00277 trader=TRADER_C symbol=BTCUSDT side=BUY qty=0.5 price=63766.32 fee=10.23275681 USDT fee_usdt=10.23275681 | position 0.6875 -> 1.1875 realized_pnl 1204.126799968969298245614035 -> 1204.126799968969298245614035
2026-08-15 15:12:56 | INFO     | pnl_engine | Trade processed: venue=OKX trade_id=T00348 trader=TRADER_C symbol=BTCUSDT side=BUY qty=0.3125 price=63817.08 fee=7.06177375 USDT fee_usdt=7.06177375 | position 1.1875 -> 1.5000 realized_pnl 1204.126799968969298245614035 -> 1204.126799968969298245614035
2026-08-15 15:12:56 | INFO     | pnl_engine | Trade processed: venue=BINANCE trade_id=T00412 trader=TRADER_A symbol=XRPUSDT side=BUY qty=500 price=0.62289 fee=0.14551718 USDT fee_usdt=0.14551718 | position -750 -> -250 realized_pnl 211.1663999999999999999999992 -> 211.4847333333333333333333326
2026-08-15 15:12:56 | INFO     | pnl_engine | Trade processed: venue=OKX trade_id=T00046 trader=TRADER_B symbol=XRPUSDT side=SELL qty=1000 price=0.62364 fee=0.00019496 BNB fee_usdt=0.15694280 | position 0 -> -1000 realized_pnl 114.8596599999999999999999996 -> 114.8596599999999999999999996
2026-08-15 15:12:56 | INFO     | pnl_engine | Trade processed: venue=BYBIT trade_id=T00675 trader=TRADER_B symbol=SOLUSDT side=BUY qty=10 price=157.678 fee=0.00079810 BNB fee_usdt=0.64247050 | position -25 -> -15 realized_pnl -49.3115170000000000000000035 -> -57.3115170000000000000000035
2026-08-15 15:12:56 | INFO     | pnl_engine | Trade processed: venue=BINANCE trade_id=T00092 trader=TRADER_A symbol=ETHUSDT side=BUY qty=5.5 price=3131.28 fee=3.70965905 USDT fee_usdt=3.70965905 | position -2.50 -> 3.00 realized_pnl 22.55390874392857142857142900 -> 33.28498017250000000000000150
2026-08-15 15:12:56 | INFO     | pnl_engine | Trade processed: venue=BINANCE trade_id=T00647 trader=TRADER_C symbol=SOLUSDT side=BUY qty=30 price=157.749 fee=1.45123776 USDT fee_usdt=1.45123776 | position 50 -> 80 realized_pnl -140.5341693333333333333333240 -> -140.5341693333333333333333240
2026-08-15 15:12:56 | INFO     | pnl_engine | Trade processed: venue=OKX trade_id=T00347 trader=TRADER_B symbol=XRPUSDT side=BUY qty=500 price=0.62407 fee=0.07470115 USDT fee_usdt=0.07470115 | position -1000 -> -500 realized_pnl 114.8596599999999999999999996 -> 114.6446599999999999999999996
2026-08-15 15:12:56 | INFO     | pnl_engine | Trade processed: venue=BINANCE trade_id=T00076 trader=TRADER_D symbol=ETHUSDT side=SELL qty=0.25 price=3132.31 fee=0.17638812 USDT fee_usdt=0.17638812 | position -1.75 -> -2.00 realized_pnl 262.4295252999999999999999990 -> 262.4295252999999999999999990
2026-08-15 15:12:56 | INFO     | pnl_engine | Trade processed: venue=BINANCE trade_id=T00190 trader=TRADER_C symbol=SOLUSDT side=SELL qty=145 price=157.598 fee=10.21131636 USDT fee_usdt=10.21131636 | position 80 -> -65 realized_pnl -140.5341693333333333333333240 -> -112.3308359999999999999999800
2026-08-15 15:12:56 | INFO     | pnl_engine | Trade processed: venue=OKX trade_id=T00021 trader=TRADER_B symbol=ETHUSDT side=SELL qty=0.25 price=3128.18 fee=0.29631952 USDT fee_usdt=0.29631952 | position -3.50 -> -3.75 realized_pnl -27.02942307692307692307692625 -> -27.02942307692307692307692625
2026-08-15 15:12:56 | INFO     | pnl_engine | Trade processed: venue=BINANCE trade_id=T00351 trader=TRADER_A symbol=BTCUSDT side=BUY qty=0.25 price=63837.62 fee=5.14003425 USDT fee_usdt=5.14003425 | position 0.3125 -> 0.5625 realized_pnl 745.9326789858333333333333625 -> 745.9326789858333333333333625
2026-08-15 15:12:56 | INFO     | pnl_engine | Trade processed: venue=BINANCE trade_id=T00234 trader=TRADER_A symbol=XRPUSDT side=BUY qty=250 price=0.62338 fee=0.05178583 USDT fee_usdt=0.05178583 | position -250 -> 0 realized_pnl 211.4847333333333333333333326 -> 211.5213999999999999999999993
2026-08-15 15:12:56 | INFO     | pnl_engine | Trade processed: venue=BINANCE trade_id=T00085 trader=TRADER_A symbol=ETHUSDT side=BUY qty=1.25 price=3132.42 fee=1.90214586 USDT fee_usdt=1.90214586 | position 3.00 -> 4.25 realized_pnl 33.28498017250000000000000150 -> 33.28498017250000000000000150
2026-08-15 15:12:56 | INFO     | pnl_engine | Trade processed: venue=BYBIT trade_id=T00499 trader=TRADER_D symbol=XRPUSDT side=BUY qty=750 price=0.62309 fee=0.17258222 USDT fee_usdt=0.17258222 | position 2500 -> 3250 realized_pnl 3.502000000000000000000000070 -> 3.502000000000000000000000070
2026-08-15 15:12:56 | INFO     | pnl_engine | Trade processed: venue=BINANCE trade_id=T00223 trader=TRADER_A symbol=BTCUSDT side=BUY qty=0.25 price=63779.04 fee=4.87543722 USDT fee_usdt=4.87543722 | position 0.5625 -> 0.8125 realized_pnl 745.9326789858333333333333625 -> 745.9326789858333333333333625
2026-08-15 15:12:56 | INFO     | pnl_engine | Trade processed: venue=BINANCE trade_id=T00266 trader=TRADER_C symbol=SOLUSDT side=BUY qty=65 price=157.856 fee=0.00434450 BNB fee_usdt=3.49732250 | position -65 -> 0 realized_pnl -112.3308359999999999999999800 -> -129.1008359999999999999999800
2026-08-15 15:12:56 | INFO     | pnl_engine | Trade processed: venue=BYBIT trade_id=T00183 trader=TRADER_D symbol=XRPUSDT side=SELL qty=500 price=0.6227 fee=0.08210421 USDT fee_usdt=0.08210421 | position 3250 -> 2750 realized_pnl 3.502000000000000000000000070 -> 2.980846153846153846153846220
2026-08-15 15:12:56 | INFO     | pnl_engine | Trade processed: venue=BINANCE trade_id=T00653 trader=TRADER_A symbol=ETHUSDT side=BUY qty=1 price=3129.94 fee=1.25263448 USDT fee_usdt=1.25263448 | position 4.25 -> 5.25 realized_pnl 33.28498017250000000000000150 -> 33.28498017250000000000000150
2026-08-15 15:12:56 | INFO     | pnl_engine | Trade processed: venue=OKX trade_id=T00067 trader=TRADER_C symbol=XRPUSDT side=SELL qty=1500 price=0.6235 fee=0.42154107 USDT fee_usdt=0.42154107 | position -750 -> -2250 realized_pnl -59.53296499999999999999999995 -> -59.53296499999999999999999995
2026-08-15 15:12:56 | INFO     | pnl_engine | Trade processed: venue=BYBIT trade_id=T00414 trader=TRADER_D symbol=XRPUSDT side=SELL qty=500 price=0.62395 fee=0.09279770 USDT fee_usdt=0.09279770 | position 2750 -> 2250 realized_pnl 2.980846153846153846153846220 -> 3.084692307692307692307692370
2026-08-15 15:12:56 | INFO     | pnl_engine | Trade processed: venue=BYBIT trade_id=T00105 trader=TRADER_A symbol=BTCUSDT side=BUY qty=1.125 price=63832.49 fee=34.63197431 USDT fee_usdt=34.63197431 | position -0.5625 -> 0.5625 realized_pnl -109.3531249999999999999999970 -> -252.2256249999999999999999995
2026-08-15 15:12:56 | INFO     | pnl_engine | Trade processed: venue=BYBIT trade_id=T00034 trader=TRADER_D symbol=XRPUSDT side=SELL qty=2000 price=0.62285 fee=0.51855230 USDT fee_usdt=0.51855230 | position 2250 -> 250 realized_pnl 3.084692307692307692307692370 -> 1.300076923076923076923076970
2026-08-15 15:12:56 | INFO     | pnl_engine | Trade processed: venue=BYBIT trade_id=T00306 trader=TRADER_D symbol=XRPUSDT side=SELL qty=1000 price=0.62367 fee=0.00027521 BNB fee_usdt=0.222287117 | position 250 -> -750 realized_pnl 1.300076923076923076923076970 -> 1.282000000000000000000000045
2026-08-15 15:12:56 | INFO     | pnl_engine | Trade processed: venue=BYBIT trade_id=T00610 trader=TRADER_D symbol=XRPUSDT side=BUY qty=1500 price=0.62325 fee=0.35199459 USDT fee_usdt=0.35199459 | position -750 -> 750 realized_pnl 1.282000000000000000000000045 -> 1.597000000000000000000000045
2026-08-15 15:12:56 | INFO     | pnl_engine | Trade processed: venue=BYBIT trade_id=T00537 trader=TRADER_A symbol=SOLUSDT side=SELL qty=5 price=157.176 fee=0.26627644 USDT fee_usdt=0.26627644 | position 35 -> 30 realized_pnl -10.6532336000000000000000075 -> -10.7368050285714285714285790
2026-08-15 15:12:56 | INFO     | pnl_engine | Trade processed: venue=BINANCE trade_id=T00052 trader=TRADER_C symbol=SOLUSDT side=SELL qty=40 price=157.388 fee=1.37067746 USDT fee_usdt=1.37067746 | position 0 -> -40 realized_pnl -129.1008359999999999999999800 -> -129.1008359999999999999999800
2026-08-15 15:12:56 | INFO     | pnl_engine | Trade processed: venue=BINANCE trade_id=T00102 trader=TRADER_A symbol=XRPUSDT side=BUY qty=1000 price=0.62427 fee=0.26596481 USDT fee_usdt=0.26596481 | position 0 -> 1000 realized_pnl 211.5213999999999999999999993 -> 211.5213999999999999999999993
2026-08-15 15:12:56 | INFO     | pnl_engine | Trade processed: venue=BINANCE trade_id=T00147 trader=TRADER_A symbol=XRPUSDT side=SELL qty=1000 price=0.62441 fee=0.26935897 USDT fee_usdt=0.26935897 | position 1000 -> 0 realized_pnl 211.5213999999999999999999993 -> 211.6613999999999999999999993
2026-08-15 15:12:56 | INFO     | pnl_engine | Trade processed: venue=OKX trade_id=T00366 trader=TRADER_C symbol=SOLUSDT side=BUY qty=30 price=157.229 fee=0.00206774 BNB fee_usdt=1.670113598 | position -5 -> 25 realized_pnl 9.4276660000000000000000035 -> 9.9726660000000000000000035
2026-08-15 15:12:56 | INFO     | pnl_engine | Trade processed: venue=BYBIT trade_id=T00397 trader=TRADER_A symbol=BTCUSDT side=SELL qty=0.125 price=63994.61 fee=0.00244774 BNB fee_usdt=1.977039598 | position 0.5625 -> 0.4375 realized_pnl -252.2256249999999999999999995 -> -231.9606249999999999999999995
2026-08-15 15:12:56 | INFO     | pnl_engine | Trade processed: venue=BYBIT trade_id=T00715 trader=TRADER_A symbol=BTCUSDT side=BUY qty=0.125 price=63934.36 fee=0.00460782 BNB fee_usdt=3.721736214 | position 0.4375 -> 0.5625 realized_pnl -231.9606249999999999999999995 -> -231.9606249999999999999999995
2026-08-15 15:12:56 | INFO     | pnl_engine | Trade processed: venue=BYBIT trade_id=T00630 trader=TRADER_B symbol=ETHUSDT side=BUY qty=0.5 price=3126.38 fee=0.71839950 USDT fee_usdt=0.71839950 | position 1.25 -> 1.75 realized_pnl 106.8832872675000000000000034 -> 106.8832872675000000000000034
2026-08-15 15:12:56 | INFO     | pnl_engine | Trade processed: venue=BYBIT trade_id=T00590 trader=TRADER_D symbol=XRPUSDT side=BUY qty=500 price=0.62462 fee=0.10557735 USDT fee_usdt=0.10557735 | position 750 -> 1250 realized_pnl 1.597000000000000000000000045 -> 1.597000000000000000000000045
2026-08-15 15:12:56 | INFO     | pnl_engine | Trade processed: venue=OKX trade_id=T00469 trader=TRADER_B symbol=ETHUSDT side=BUY qty=0.5 price=3121.76 fee=0.00077446 BNB fee_usdt=0.625531342 | position -3.75 -> -3.25 realized_pnl -27.02942307692307692307692625 -> -20.07216666666666666666667025
2026-08-15 15:12:56 | INFO     | pnl_engine | Trade processed: venue=OKX trade_id=T00188 trader=TRADER_B symbol=XRPUSDT side=SELL qty=750 price=0.62344 fee=0.18412366 USDT fee_usdt=0.18412366 | position -500 -> -1250 realized_pnl 114.6446599999999999999999996 -> 114.6446599999999999999999996
2026-08-15 15:12:56 | INFO     | pnl_engine | Trade processed: venue=OKX trade_id=T00544 trader=TRADER_B symbol=ETHUSDT side=BUY qty=7 price=3127.51 fee=4.39647087 USDT fee_usdt=4.39647087 | position -3.25 -> 3.75 realized_pnl -20.07216666666666666666667025 -> 6.46249999999999999999999375
2026-08-15 15:12:56 | INFO     | pnl_engine | Trade processed: venue=BINANCE trade_id=T00219 trader=TRADER_A symbol=XRPUSDT side=BUY qty=500 price=0.62357 fee=0.12166714 USDT fee_usdt=0.12166714 | position 0 -> 500 realized_pnl 211.6613999999999999999999993 -> 211.6613999999999999999999993
2026-08-15 15:12:56 | INFO     | pnl_engine | Trade processed: venue=BYBIT trade_id=T00235 trader=TRADER_A symbol=BTCUSDT side=SELL qty=0.125 price=63969.12 fee=3.63318800 USDT fee_usdt=3.63318800 | position 0.5625 -> 0.4375 realized_pnl -231.9606249999999999999999995 -> -217.7115972222222222222222220
2026-08-15 15:12:56 | INFO     | pnl_engine | Trade processed: venue=OKX trade_id=T00730 trader=TRADER_B symbol=XRPUSDT side=BUY qty=500 price=0.62314 fee=0.09177382 USDT fee_usdt=0.09177382 | position -1250 -> -750 realized_pnl 114.6446599999999999999999996 -> 114.8346599999999999999999996
2026-08-15 15:12:56 | INFO     | pnl_engine | Trade processed: venue=BYBIT trade_id=T00692 trader=TRADER_D symbol=XRPUSDT side=BUY qty=1500 price=0.62365 fee=0.45500666 USDT fee_usdt=0.45500666 | position 1250 -> 2750 realized_pnl 1.597000000000000000000000045 -> 1.597000000000000000000000045
2026-08-15 15:12:56 | INFO     | pnl_engine | Trade processed: venue=BYBIT trade_id=T00108 trader=TRADER_D symbol=XRPUSDT side=BUY qty=1000 price=0.62201 fee=0.12772754 USDT fee_usdt=0.12772754 | position 2750 -> 3750 realized_pnl 1.597000000000000000000000045 -> 1.597000000000000000000000045
2026-08-15 15:12:56 | INFO     | pnl_engine | Trade processed: venue=OKX trade_id=T00194 trader=TRADER_B symbol=ETHUSDT side=SELL qty=0.25 price=3125.78 fee=0.00037218 BNB fee_usdt=0.3014136948 | position 3.75 -> 3.50 realized_pnl 6.46249999999999999999999375 -> 6.02999999999999999999999375
2026-08-15 15:12:56 | INFO     | pnl_engine | Trade processed: venue=BINANCE trade_id=T00655 trader=TRADER_A symbol=XRPUSDT side=BUY qty=2000 price=0.62193 fee=0.43511330 USDT fee_usdt=0.43511330 | position 500 -> 2500 realized_pnl 211.6613999999999999999999993 -> 211.6613999999999999999999993
2026-08-15 15:12:56 | INFO     | pnl_engine | Trade processed: venue=BYBIT trade_id=T00320 trader=TRADER_A symbol=SOLUSDT side=SELL qty=30 price=157.625 fee=1.62080638 USDT fee_usdt=1.62080638 | position 30 -> 0 realized_pnl -10.7368050285714285714285790 -> 2.2317663999999999999999920
2026-08-15 15:12:56 | INFO     | pnl_engine | Trade processed: venue=OKX trade_id=T00368 trader=TRADER_B symbol=ETHUSDT side=SELL qty=7.75 price=3129.08 fee=8.27340070 USDT fee_usdt=8.27340070 | position 3.50 -> -4.25 realized_pnl 6.02999999999999999999999375 -> 11.52499999999999999999999375
2026-08-15 15:12:56 | INFO     | pnl_engine | Trade processed: venue=BINANCE trade_id=T00136 trader=TRADER_A symbol=XRPUSDT side=BUY qty=1000 price=0.62173 fee=0.12997982 USDT fee_usdt=0.12997982 | position 2500 -> 3500 realized_pnl 211.6613999999999999999999993 -> 211.6613999999999999999999993
2026-08-15 15:12:56 | INFO     | pnl_engine | Trade processed: venue=BINANCE trade_id=T00363 trader=TRADER_A symbol=XRPUSDT side=BUY qty=1250 price=0.62156 fee=0.23382045 USDT fee_usdt=0.23382045 | position 3500 -> 4750 realized_pnl 211.6613999999999999999999993 -> 211.6613999999999999999999993
2026-08-15 15:12:56 | INFO     | pnl_engine | Trade processed: venue=BINANCE trade_id=T00035 trader=TRADER_D symbol=ETHUSDT side=SELL qty=1.5 price=3127.82 fee=0.96264687 USDT fee_usdt=0.96264687 | position -2.00 -> -3.50 realized_pnl 262.4295252999999999999999990 -> 262.4295252999999999999999990
2026-08-15 15:12:56 | INFO     | pnl_engine | Trade processed: venue=BINANCE trade_id=T00316 trader=TRADER_D symbol=XRPUSDT side=SELL qty=250 price=0.62128 fee=0.06961327 USDT fee_usdt=0.06961327 | position -2000 -> -2250 realized_pnl 21.82645238095238095238095148 -> 21.82645238095238095238095148
2026-08-15 15:12:56 | INFO     | pnl_engine | Trade processed: venue=BYBIT trade_id=T00339 trader=TRADER_B symbol=ETHUSDT side=BUY qty=1 price=3129.84 fee=1.55016235 USDT fee_usdt=1.55016235 | position 1.75 -> 2.75 realized_pnl 106.8832872675000000000000034 -> 106.8832872675000000000000034
2026-08-15 15:12:56 | INFO     | pnl_engine | Trade processed: venue=BINANCE trade_id=T00373 trader=TRADER_A symbol=BTCUSDT side=BUY qty=0.1875 price=63922.7 fee=2.84854110 USDT fee_usdt=2.84854110 | position 0.8125 -> 1.0000 realized_pnl 745.9326789858333333333333625 -> 745.9326789858333333333333625
2026-08-15 15:12:56 | INFO     | pnl_engine | Trade processed: venue=OKX trade_id=T00279 trader=TRADER_B symbol=XRPUSDT side=SELL qty=1500 price=0.62137 fee=0.21062568 USDT fee_usdt=0.21062568 | position -750 -> -2250 realized_pnl 114.8346599999999999999999996 -> 114.8346599999999999999999996
2026-08-15 15:12:56 | INFO     | pnl_engine | Trade processed: venue=BYBIT trade_id=T00243 trader=TRADER_D symbol=XRPUSDT side=BUY qty=1500 price=0.62116 fee=0.45169918 USDT fee_usdt=0.45169918 | position 3750 -> 5250 realized_pnl 1.597000000000000000000000045 -> 1.597000000000000000000000045
2026-08-15 15:12:56 | INFO     | pnl_engine | Trade processed: venue=BINANCE trade_id=T00447 trader=TRADER_D symbol=ETHUSDT side=SELL qty=0.25 price=3126.96 fee=0.34149863 USDT fee_usdt=0.34149863 | position -3.50 -> -3.75 realized_pnl 262.4295252999999999999999990 -> 262.4295252999999999999999990
2026-08-15 15:12:56 | INFO     | pnl_engine | Trade processed: venue=OKX trade_id=T00343 trader=TRADER_C symbol=XRPUSDT side=SELL qty=250 price=0.62165 fee=0.05357647 USDT fee_usdt=0.05357647 | position -2250 -> -2500 realized_pnl -59.53296499999999999999999995 -> -59.53296499999999999999999995
2026-08-15 15:12:56 | INFO     | pnl_engine | Trade processed: venue=OKX trade_id=T00735 trader=TRADER_C symbol=SOLUSDT side=SELL qty=5 price=157.534 fee=0.32252459 USDT fee_usdt=0.32252459 | position 25 -> 20 realized_pnl 9.9726660000000000000000035 -> 11.4976660000000000000000035
2026-08-15 15:12:56 | INFO     | pnl_engine | Trade processed: venue=BYBIT trade_id=T00674 trader=TRADER_A symbol=BTCUSDT side=BUY qty=0.5 price=63937.67 fee=14.27537702 USDT fee_usdt=14.27537702 | position 0.4375 -> 0.9375 realized_pnl -217.7115972222222222222222220 -> -217.7115972222222222222222220
2026-08-15 15:12:56 | INFO     | pnl_engine | Trade processed: venue=BYBIT trade_id=T00179 trader=TRADER_A symbol=SOLUSDT side=SELL qty=5 price=157.291 fee=0.34753602 USDT fee_usdt=0.34753602 | position 0 -> -5 realized_pnl 2.2317663999999999999999920 -> 2.2317663999999999999999920
2026-08-15 15:12:56 | INFO     | pnl_engine | Trade processed: venue=BYBIT trade_id=T00390 trader=TRADER_D symbol=XRPUSDT side=BUY qty=750 price=0.62172 fee=0.00022707 BNB fee_usdt=0.1838949102 | position 5250 -> 6000 realized_pnl 1.597000000000000000000000045 -> 1.597000000000000000000000045
2026-08-15 15:12:56 | INFO     | pnl_engine | Trade processed: venue=OKX trade_id=T00010 trader=TRADER_B symbol=XRPUSDT side=BUY qty=2000 price=0.62367 fee=0.32629405 USDT fee_usdt=0.32629405 | position -2250 -> -250 realized_pnl 114.8346599999999999999999996 -> 111.6679933333333333333333330
2026-08-15 15:12:56 | INFO     | pnl_engine | Trade processed: venue=BINANCE trade_id=T00353 trader=TRADER_A symbol=ETHUSDT side=BUY qty=0.25 price=3134.89 fee=0.36671686 USDT fee_usdt=0.36671686 | position 5.25 -> 5.50 realized_pnl 33.28498017250000000000000150 -> 33.28498017250000000000000150
2026-08-15 15:12:56 | INFO     | pnl_engine | Trade processed: venue=BINANCE trade_id=T00007 trader=TRADER_C symbol=SOLUSDT side=BUY qty=40 price=157.33 fee=0.00295171 BNB fee_usdt=2.3996811958 | position -40 -> 0 realized_pnl -129.1008359999999999999999800 -> -126.7808359999999999999999800
2026-08-15 15:12:56 | INFO     | pnl_engine | Trade processed: venue=BYBIT trade_id=T00401 trader=TRADER_A symbol=SOLUSDT side=SELL qty=15 price=157.384 fee=0.00087444 BNB fee_usdt=0.7109022312 | position -5 -> -20 realized_pnl 2.2317663999999999999999920 -> 2.2317663999999999999999920
2026-08-15 15:12:56 | INFO     | pnl_engine | Trade processed: venue=OKX trade_id=T00285 trader=TRADER_B symbol=ETHUSDT side=SELL qty=0.5 price=3132.61 fee=0.49632389 USDT fee_usdt=0.49632389 | position -4.25 -> -4.75 realized_pnl 11.52499999999999999999999375 -> 11.52499999999999999999999375
2026-08-15 15:12:56 | INFO     | pnl_engine | Trade processed: venue=BINANCE trade_id=T00386 trader=TRADER_A symbol=BTCUSDT side=BUY qty=0.1875 price=63740.46 fee=2.50240800 USDT fee_usdt=2.50240800 | position 1.0000 -> 1.1875 realized_pnl 745.9326789858333333333333625 -> 745.9326789858333333333333625
2026-08-15 15:12:56 | INFO     | pnl_engine | Trade processed: venue=OKX trade_id=T00139 trader=TRADER_C symbol=BTCUSDT side=SELL qty=0.125 price=63634.39 fee=1.80316620 USDT fee_usdt=1.80316620 | position 1.5000 -> 1.3750 realized_pnl 1204.126799968969298245614035 -> 1224.680878815826023391812865
2026-08-15 15:12:56 | INFO     | pnl_engine | Trade processed: venue=BINANCE trade_id=T00049 trader=TRADER_D symbol=XRPUSDT side=SELL qty=250 price=0.62332 fee=0.03353825 USDT fee_usdt=0.03353825 | position -2250 -> -2500 realized_pnl 21.82645238095238095238095148 -> 21.82645238095238095238095148
2026-08-15 15:12:56 | INFO     | pnl_engine | Trade processed: venue=BINANCE trade_id=T00550 trader=TRADER_D symbol=XRPUSDT side=SELL qty=750 price=0.62383 fee=0.16200240 USDT fee_usdt=0.16200240 | position -2500 -> -3250 realized_pnl 21.82645238095238095238095148 -> 21.82645238095238095238095148
2026-08-15 15:12:56 | INFO     | pnl_engine | Trade processed: venue=BINANCE trade_id=T00430 trader=TRADER_D symbol=ETHUSDT side=BUY qty=7.5 price=3131.96 fee=11.61007846 USDT fee_usdt=11.61007846 | position -3.75 -> 3.75 realized_pnl 262.4295252999999999999999990 -> 271.2727253000000000000000002
2026-08-15 15:12:56 | INFO     | pnl_engine | Data load complete: 776 events applied, 0 duplicate no-ops, 17 account partitions tracked
2026-08-15 15:12:56 | INFO     | pnl_engine | Generating PnL report as_of=2026-08-02T00:00:00+00:00 trader_filter=TRADER_A
2026-08-15 15:12:56 | INFO     | pnl_engine | Report row: trader=TRADER_A symbol=BTCUSDT qty=2.1250 realized=528.2210817636111111111111405 unrealized=238.9524826388888888888888882 funding=-5.04214907 fees=727.2044541131 total=34.9269612194000000000000287 mark=63906.01
2026-08-15 15:12:56 | INFO     | pnl_engine | Report row: trader=TRADER_A symbol=ETHUSDT qty=5.50 realized=33.28498017250000000000000150 unrealized=-2.63749999999999999999999750 funding=-0.42093423 fees=48.8014235675 total=-18.57487762499999999999999600 mark=3130.98
2026-08-15 15:12:56 | INFO     | pnl_engine | Report row: trader=TRADER_A symbol=SOLUSDT qty=-20 realized=2.2317663999999999999999920 unrealized=-10.20500 funding=1.01341652 fees=65.0923735249 total=-72.0521906049000000000000080 mark=157.871
2026-08-15 15:12:56 | INFO     | pnl_engine | Report row: trader=TRADER_A symbol=XRPUSDT qty=4750 realized=211.6613999999999999999999993 unrealized=18.46249999999999999999999998 funding=-0.10684585 fees=22.4219736202 total=207.5950805297999999999999993 mark=0.62585
2026-08-15 15:12:56 | INFO     | pnl_engine | Report generated with 4 trader/symbol rows
